date,ticker,open,high,low,close,volume
2024-09-09,A500,96.2800,96.7100,96.2000,96.6600,1751
2024-09-10,A500,96.7600,97.4700,96.7600,97.3400,2659
2024-09-11,A500,97.2200,97.6300,96.1600,96.5600,7557
2024-09-12,A500,99.0300,99.0600,98.2600,98.6600,21006
2024-09-13,A500,99.0000,99.4700,98.9100,99.4700,1469
2024-09-16,A500,99.1100,99.1900,98.7900,98.9600,8998
2024-09-17,A500,99.2800,99.7900,99.2400,99.7000,14952
2024-09-18,A500,99.4900,99.4900,99.1200,99.2200,1277
2024-09-19,A500,99.8600,100.7100,99.7800,100.4800,22114
2024-09-20,A500,100.0400,100.2000,99.8200,100.0300,2978
2024-09-23,A500,100.2500,100.7700,100.2000,100.6200,12219
2024-09-24,A500,100.9200,100.9800,100.1100,100.5700,7712
2024-09-25,A500,100.0500,100.6500,100.0500,100.5700,1550
2024-09-26,A500,101.2000,101.5700,100.5000,100.5400,4101
2024-09-27,A500,101.0300,101.0700,100.7000,100.9200,5767
2024-09-30,A500,100.5900,100.8400,100.1000,100.8000,13628
2024-10-01,A500,101.3300,101.8400,100.5900,101.0600,15673
2024-10-02,A500,100.9300,101.3900,100.6000,101.4400,4094
2024-10-03,A500,101.2500,101.5400,100.8600,101.4600,2565
2024-10-04,A500,101.2300,102.7900,101.2300,102.0500,10014
2024-10-07,A500,102.4700,102.5700,102.2000,102.3800,8298
2024-10-08,A500,101.6300,102.6300,101.5300,102.6300,12888
2024-10-09,A500,102.6600,103.3900,102.5100,103.3700,31240
2024-10-10,A500,103.7400,103.8400,103.3600,103.7400,6991
2024-10-11,A500,103.6200,104.1800,103.3300,104.0600,3026
2024-10-14,A500,104.2700,105.2800,104.2100,104.9700,3822
2024-10-15,A500,105.5100,105.5800,104.9600,105.0700,14498
2024-10-16,A500,104.9100,105.0300,104.5500,104.9800,12827
2024-10-17,A500,105.6600,106.5200,105.6200,105.9600,7462
2024-10-18,A500,105.7800,105.9500,105.5000,105.7300,6537
2024-10-21,A500,105.9200,106.0000,105.4800,105.5500,4558
2024-10-22,A500,105.8500,105.9900,105.4800,105.8600,4241
2024-10-23,A500,106.3100,106.3700,105.6300,105.6300,9523
2024-10-24,A500,105.6800,105.9100,105.3600,105.3700,16398
2024-10-25,A500,105.4100,106.0400,105.2800,105.9200,14720
2024-10-28,A500,105.8900,106.0100,105.5600,105.6600,11446
2024-10-29,A500,105.7200,105.9500,105.4800,105.8500,6938
2024-10-30,A500,105.9700,105.9700,105.3500,105.4700,2383
2024-10-31,A500,104.3000,104.3500,103.3600,103.4000,12770
2024-11-01,A500,103.2600,104.2300,103.2500,104.0700,4032
2024-11-04,A500,103.1700,103.3200,102.8700,103.0300,4919
2024-11-05,A500,103.0300,103.6900,102.9000,103.5500,3043
2024-11-06,A500,107.5800,108.3900,107.3700,107.7900,22346
2024-11-07,A500,108.3000,108.4500,107.9300,108.4300,13286
2024-11-08,A500,108.9500,109.6600,108.3900,109.6600,8424
2024-11-11,A500,110.3000,110.9700,110.2300,110.7200,10094
2024-11-12,A500,110.7200,110.9600,110.6000,110.6900,26288
2024-11-13,A500,110.4900,111.1000,110.1600,111.2000,13569
2024-11-14,A500,111.3400,112.0000,110.7500,110.9400,15745
2024-11-15,A500,109.9700,110.0100,109.3900,109.4000,20983
2024-11-18,A500,109.3700,109.6300,108.8800,109.5400,22561
2024-11-19,A500,109.5600,109.5600,108.3900,109.4300,8614
2024-11-20,A500,110.0800,110.2500,109.5000,109.6800,10858
2024-11-21,A500,110.0900,111.0800,109.7300,111.1400,3743
2024-11-22,A500,111.2900,112.5500,111.2900,112.4000,10374
2024-11-25,A500,112.5500,112.5900,111.8800,112.0800,4777
2024-11-26,A500,112.1300,112.6100,111.7500,112.5800,5077
2024-11-27,A500,112.4800,112.4800,111.4100,111.4300,3316
2024-11-28,A500,112.0100,112.0200,111.7500,111.9400,2204
2024-11-29,A500,111.7200,112.2700,111.6400,112.2700,11835
2024-12-02,A500,112.6800,113.3500,112.3600,113.2100,16560
2024-12-03,A500,113.0800,113.0800,112.6000,112.9100,11388
2024-12-04,A500,113.2100,113.9800,113.0300,113.2300,9390
2024-12-05,A500,113.3400,113.5000,112.8900,113.0600,5246
2024-12-06,A500,112.7400,113.3900,112.5900,113.1600,5203
2024-12-09,A500,113.2900,113.3200,112.2700,112.6700,4934
2024-12-10,A500,112.7500,113.3500,112.6700,113.1000,24162
2024-12-11,A500,113.0500,113.9300,112.8400,113.9300,9295
2024-12-12,A500,113.5000,114.0000,113.3500,113.7800,10244
2024-12-13,A500,113.9000,113.9200,112.9400,113.3200,36215
2024-12-16,A500,113.1800,113.7700,113.0500,113.5900,28081
2024-12-17,A500,113.3800,113.6000,112.8900,113.1900,5917
2024-12-18,A500,113.4700,113.7200,113.2500,113.6200,3971
2024-12-19,A500,111.4500,112.0600,111.0600,111.8200,7852
2024-12-20,A500,110.9000,112.2400,109.6800,112.2400,29803
2024-12-23,A500,112.4400,112.4400,111.7200,112.0200,6876
2024-12-27,A500,113.6000,113.6400,112.0700,112.4200,2214
2024-12-30,A500,112.2500,112.5200,111.0000,111.7700,25688
2025-01-02,A500,112.3200,113.1800,112.1200,113.1800,14930
2025-01-03,A500,112.5200,112.9700,112.1900,112.9700,3820
2025-01-06,A500,113.2400,113.8200,112.7000,113.7300,17783
2025-01-07,A500,112.7200,113.3800,112.4200,112.8600,11302
2025-01-08,A500,112.5900,112.9700,112.1700,112.7000,14306
2025-01-09,A500,112.5000,112.8600,112.3900,112.6000,5614
2025-01-10,A500,112.7000,112.7700,111.4200,111.6900,32549
2025-01-13,A500,111.6200,111.9100,110.9400,111.4700,26604
2025-01-14,A500,112.3400,112.4700,111.5500,111.3700,7818
2025-01-15,A500,111.4200,113.3500,111.4200,113.3400,5552
2025-01-16,A500,114.1000,114.1000,113.4300,113.5100,6275
2025-01-17,A500,113.7100,114.8400,113.5400,114.5300,9374
2025-01-20,A500,114.4000,114.5000,113.4600,113.8200,9397
2025-01-21,A500,113.9500,114.5300,113.7300,113.7700,44509
2025-01-22,A500,114.5000,115.0000,114.1800,115.0000,6160
2025-01-23,A500,114.9300,115.2300,114.6400,115.1100,7994
2025-01-24,A500,114.8700,114.8800,114.2400,114.3500,8220
2025-01-27,A500,112.7600,112.8400,110.8200,112.0000,10048
2025-01-28,A500,113.4300,114.0900,113.1300,113.7500,6691
2025-01-29,A500,114.6700,114.7800,113.9800,114.0500,11101
2025-01-30,A500,114.4600,114.6300,113.7300,114.0700,5902
2025-01-31,A500,115.0700,115.8800,115.0700,115.5300,3908
2025-02-03,A500,114.2200,114.5500,113.6300,114.5500,7466
2025-02-04,A500,114.0900,114.3400,113.6800,114.3800,10766
2025-02-05,A500,113.5900,113.8600,113.2000,113.8300,6068
2025-02-06,A500,114.9800,115.4100,114.9800,115.1500,4671
2025-02-07,A500,115.0800,115.4800,114.8200,114.9500,2254
2025-02-10,A500,115.2500,115.6600,115.1500,115.6000,7691
2025-02-11,A500,115.3900,115.4400,115.0200,115.2000,5375
2025-02-12,A500,115.0600,115.1000,114.2200,114.3400,4498
2025-02-13,A500,114.3300,114.8400,114.0000,114.6100,6254
2025-02-14,A500,115.0700,115.0700,114.4300,114.4300,33156
2025-02-17,A500,114.8800,115.1000,114.8100,115.0200,3491
2025-02-18,A500,115.3700,115.5600,115.0000,115.0600,4281
2025-02-19,A500,115.5100,115.8200,115.2100,115.8100,8592
2025-02-20,A500,115.4800,115.6800,114.4800,114.5300,3934
2025-02-21,A500,114.6100,115.1100,114.3500,114.5500,9494
2025-02-24,A500,113.2600,113.7000,112.4700,113.0600,20302
2025-02-25,A500,112.4200,112.5300,110.7800,110.9000,9778
2025-02-26,A500,112.1300,112.6500,111.8700,112.3000,5192
2025-02-27,A500,112.2800,113.0900,111.8500,112.6900,14627
2025-02-28,A500,111.1500,111.6400,110.7400,111.3200,6433
2025-03-03,A500,112.8500,112.8500,111.2800,111.2900,7699
2025-03-04,A500,109.7500,109.8600,107.2800,107.5100,12653
2025-03-05,A500,107.2300,107.3200,105.0000,105.2400,9605
2025-03-06,A500,106.0600,106.0700,104.5000,105.3500,10751
2025-03-07,A500,104.6400,104.6400,103.1800,103.1800,18002
2025-03-10,A500,104.3400,104.3400,102.4000,102.7200,14351
2025-03-11,A500,101.6900,101.9000,100.0900,100.3900,37510
2025-03-12,A500,100.8900,102.0100,100.1000,101.3400,23424
2025-03-13,A500,100.8100,101.7900,100.2200,100.4300,24705
2025-03-14,A500,100.9100,101.9400,100.5000,101.5900,10888
2025-03-17,A500,101.5300,102.3900,101.3500,101.8400,22428
2025-03-18,A500,102.0000,102.3200,100.9400,101.1800,9609
2025-03-19,A500,101.4100,102.5900,101.4100,102.4600,10538
2025-03-20,A500,103.2100,103.7300,102.3800,102.8900,3819
2025-03-21,A500,102.7600,102.9000,101.9100,102.7600,5665
2025-03-24,A500,103.9800,105.2000,103.9100,105.1100,10302
2025-03-25,A500,105.1700,105.4000,104.9600,105.0900,7247
2025-03-26,A500,105.3000,105.6700,104.7400,104.7400,9244
2025-03-27,A500,104.5100,104.6400,103.6400,104.2700,14810
2025-03-28,A500,103.6000,104.0300,101.6800,101.6800,2701
2025-03-31,A500,100.7100,101.2300,100.1100,101.2300,25426
2025-04-01,A500,102.3500,102.8200,101.4800,102.6400,19474
2025-04-02,A500,102.6900,102.6900,101.4600,102.6700,2520
2025-04-03,A500,98.5500,99.0800,96.0800,97.1400,5858
2025-04-04,A500,95.7400,96.2100,92.0000,92.8700,20789
2025-04-07,A500,86.2500,92.3300,86.1200,90.2900,46610
2025-04-08,A500,92.3100,95.0500,92.0200,93.3900,23843
2025-04-09,A500,88.9200,90.0900,86.8100,88.8800,18239
2025-04-10,A500,97.7800,97.8100,92.3900,92.3900,19614
2025-04-11,A500,92.6300,92.6300,90.0000,91.2100,17867
2025-04-14,A500,93.7000,95.1200,93.5100,93.8700,7462
2025-04-15,A500,94.2200,94.8800,93.8300,94.6000,11431
2025-04-16,A500,92.5700,93.3800,92.0000,93.1100,9434
2025-04-17,A500,92.3500,92.6400,91.2200,91.6700,7621
2025-04-22,A500,89.4100,90.5800,89.0000,90.4200,9884
2025-04-23,A500,93.0700,94.9000,92.9600,93.7500,35871
2025-04-24,A500,93.0000,94.5800,92.4400,94.5800,9442
2025-04-25,A500,95.8800,95.9100,94.8600,95.0700,8757
2025-04-28,A500,95.9000,96.3200,95.1500,95.1500,12660
2025-04-29,A500,95.8000,96.0100,95.0000,95.5900,8001
2025-04-30,A500,96.1500,96.4000,94.3400,95.8500,10834
2025-05-02,A500,98.0500,98.7900,97.6500,98.6100,9817
2025-05-05,A500,98.3900,98.6200,97.8300,98.6200,6263
2025-05-06,A500,98.0800,98.1600,97.1600,97.8700,8581
2025-05-07,A500,97.6900,97.9600,97.4000,97.4800,4917
2025-05-08,A500,99.2000,99.4800,98.3900,99.4700,5259
2025-05-09,A500,99.5000,99.7200,98.7400,99.2400,7664
2025-05-12,A500,102.1300,104.0300,102.1300,103.1300,10527
2025-05-13,A500,103.3500,104.2000,103.2500,104.0400,9572
2025-05-14,A500,103.8500,104.0300,103.0300,103.7500,4337
2025-05-15,A500,103.2900,104.1200,103.0300,104.1200,6316
2025-05-16,A500,104.0800,104.9600,104.0800,104.9600,3083
2025-05-19,A500,103.7400,104.2600,102.8400,104.1300,6711
2025-05-20,A500,104.1500,104.5500,104.0500,104.2100,6285
2025-05-21,A500,103.0400,103.1300,102.3500,103.1900,4682
2025-05-22,A500,102.1400,102.3700,101.5000,102.2800,5575
2025-05-23,A500,101.9000,101.9800,100.0400,100.9800,6825
2025-05-26,A500,101.5000,101.9800,101.5000,101.7700,2932
2025-05-27,A500,102.0000,102.7500,101.8500,102.7500,5982
2025-05-28,A500,103.2500,103.5900,102.8500,103.2400,3086
2025-05-29,A500,104.6000,104.9700,102.5500,102.5500,7883
2025-05-30,A500,102.7100,102.9700,102.0700,102.4600,5409
2025-06-02,A500,101.8100,102.1100,101.2800,101.8000,9545
2025-06-03,A500,102.2800,103.4200,102.0400,103.4100,6471
2025-06-04,A500,103.6100,103.8300,103.2500,103.3400,2049
2025-06-05,A500,103.3400,103.6200,102.4000,103.4200,12910
2025-06-06,A500,103.1200,104.2000,102.9900,103.8400,10533
2025-06-09,A500,103.6200,104.1200,103.6200,103.8300,6849
2025-06-10,A500,104.0000,104.2200,103.6800,103.9600,6996
2025-06-11,A500,104.3200,104.4400,104.0000,104.0200,4249
2025-06-12,A500,103.1700,103.1800,102.0000,102.9800,2549
2025-06-13,A500,102.0000,103.0900,101.9300,102.6900,9346
2025-06-16,A500,102.5200,103.0500,102.3000,103.0500,13689
2025-06-17,A500,102.6500,103.0700,102.3500,103.0100,6059
2025-06-18,A500,102.8500,103.3200,102.7000,102.9400,4830
2025-06-19,A500,102.5300,102.6600,101.8700,102.2000,5059
2025-06-20,A500,102.3900,103.0100,102.2100,102.4100,5655
2025-06-23,A500,102.3400,103.0800,102.3300,102.4700,4740
2025-06-24,A500,103.6100,103.6100,103.2000,103.4000,7721
2025-06-25,A500,103.7900,104.0300,103.5000,103.5000,5644
2025-06-26,A500,103.2500,103.5000,103.0200,103.4800,1514
2025-06-27,A500,103.8100,104.2700,103.6300,104.2200,5315
2025-06-30,A500,104.3500,104.5500,104.2000,104.0600,1916
2025-07-01,A500,104.0700,104.0700,103.3800,103.9700,5695
2025-07-02,A500,104.4000,104.4800,103.8500,104.2100,4224
2025-07-03,A500,104.4600,105.4900,104.3100,105.4200,3715
2025-07-04,A500,105.0100,105.0100,104.5900,104.6600,3205
2025-07-07,A500,105.1200,105.6300,104.9900,105.0900,10242
2025-07-08,A500,104.8900,105.3100,104.8100,105.1000,2839
2025-07-09,A500,104.9300,105.8200,104.9100,105.3700,3157
2025-07-10,A500,105.2700,106.2200,105.1600,106.2200,2625
2025-07-11,A500,105.9600,105.9600,105.3700,105.6600,4500
2025-07-14,A500,105.4900,105.8700,105.3300,105.8700,3428
2025-07-15,A500,106.4600,106.8000,106.2700,106.8000,2674
2025-07-16,A500,105.8700,106.9000,104.9800,104.9800,1703
2025-07-17,A500,107.0600,107.2200,106.8200,107.2100,4590
2025-07-18,A500,107.4100,107.4100,106.7900,106.8200,2600
2025-07-21,A500,107.0700,107.2900,106.8300,106.8800,3750
2025-07-22,A500,106.6100,106.7400,106.0900,106.0900,3505
2025-07-23,A500,106.5700,106.8600,106.5000,106.7200,8285
2025-07-24,A500,106.9000,107.2200,106.7200,107.0100,12455
2025-07-25,A500,107.2100,107.6500,107.1100,107.5300,10643
2025-07-28,A500,108.2800,108.7600,108.2000,108.7600,3551
2025-07-29,A500,109.5700,109.8600,109.2800,109.2800,11669
2025-07-30,A500,109.1600,110.0500,109.0200,109.8200,7262
2025-07-31,A500,110.8400,111.2500,110.1800,110.4100,12689
2025-08-01,A500,109.3300,109.3600,106.4200,106.7500,19746
2025-08-04,A500,106.9500,107.9300,106.9500,107.8500,8404
2025-08-05,A500,108.6500,108.7700,107.5300,107.5400,5000
2025-08-06,A500,108.0100,108.1400,107.3100,107.7100,2259
2025-08-07,A500,107.7400,108.4400,107.6800,107.7300,6716
2025-08-08,A500,107.8100,108.2700,107.7700,108.0600,13276
2025-08-11,A500,108.6000,109.0000,108.4100,108.8800,7801
2025-08-12,A500,108.7200,109.0300,108.5400,108.8100,14602
2025-08-13,A500,109.1000,109.3900,108.8600,108.9700,2228
2025-08-14,A500,109.2900,109.7000,109.0000,109.5300,7643
2025-08-18,A500,109.0700,109.3600,108.9000,109.2300,3892
2025-08-19,A500,109.1600,109.4200,109.0000,109.1100,4249
2025-08-20,A500,108.8100,108.8700,107.6200,108.3100,5502
2025-08-21,A500,108.8700,108.8800,108.1900,108.8100,2187
2025-08-22,A500,108.6500,109.4300,108.6500,109.2700,6225
2025-08-25,A500,109.1200,109.5000,109.0400,109.4700,9413
2025-08-26,A500,109.4500,109.5200,109.1600,109.3200,700
2025-08-27,A500,110.2400,110.6000,110.1900,110.4200,1807
2025-08-28,A500,110.2800,110.4200,109.7700,109.9300,2925
2025-08-29,A500,110.2300,110.2300,109.1500,109.2000,2270
2025-09-01,A500,109.1100,109.4600,109.0600,109.4600,1897
2025-09-02,A500,109.2600,109.4900,108.2500,108.2600,12315
2025-09-03,A500,109.3900,109.6000,109.1400,109.0700,5296
2025-09-04,A500,109.6400,110.0800,109.6200,110.0500,6852
2025-09-05,A500,110.5500,110.5500,108.9700,109.0500,5430
2025-09-08,A500,109.6000,109.7300,109.3900,109.6700,1908
2025-09-09,A500,109.5200,109.7400,109.4000,109.7300,1553
2025-09-10,A500,110.6200,110.8300,110.3500,110.3500,7543
2025-09-11,A500,110.8000,111.1500,110.5400,111.0900,4345
2025-09-12,A500,111.0300,111.4300,110.9900,111.3000,7346
2025-09-15,A500,111.3700,111.4900,111.0500,111.3200,4812
2025-09-16,A500,111.2200,111.4200,110.4900,110.4700,10438
2025-09-17,A500,110.4300,110.5500,110.2500,110.2700,13769
2025-09-18,A500,111.3100,111.9300,111.0300,111.6100,15512
2025-09-19,A500,111.5800,112.2100,111.4900,111.8800,6716
2025-09-22,A500,112.2100,112.3500,111.6700,112.3100,3345
2025-09-23,A500,112.4500,112.5000,112.2600,112.3600,2828
2025-09-24,A500,112.0300,112.5700,111.9000,112.2800,6802
2025-09-25,A500,111.9200,112.2100,111.5400,112.2100,7991
2025-09-26,A500,112.1800,112.6700,112.0000,112.1800,4784
2025-09-29,A500,112.6300,112.9400,112.4400,112.4600,6586
2025-09-30,A500,112.2800,112.4900,112.0200,112.2900,3912
2025-10-01,A500,111.6400,113.0500,111.5900,113.0500,7192
2025-10-02,A500,113.3200,113.6400,113.2400,113.5400,2566
2025-10-03,A500,113.8300,113.9000,113.4500,113.7400,8066
2025-10-06,A500,114.1000,114.5700,113.7900,113.9600,6053
2025-10-07,A500,114.1300,114.7200,113.9600,113.9900,4473
2025-10-08,A500,114.6100,115.1500,114.4400,115.1500,6012
2025-10-09,A500,115.2800,115.4300,115.1300,115.4300,10715
2025-10-10,A500,115.4000,115.8100,113.0500,113.0500,4751
2025-10-13,A500,113.3400,113.9700,113.2400,113.9700,6132
2025-10-14,A500,113.0700,113.3500,112.2800,113.1700,8733
2025-10-15,A500,113.6800,114.6000,113.5600,113.9400,8855
2025-10-16,A500,113.7900,113.9800,113.4000,113.5700,5056
2025-10-17,A500,111.1800,112.9300,110.6500,112.4200,15704
2025-10-20,A500,113.7500,114.5700,113.5600,114.3700,5426
2025-10-21,A500,114.6300,115.2400,114.5700,115.0800,7535
2025-10-22,A500,115.0600,115.4000,114.3900,114.3300,4488
2025-10-23,A500,114.7200,114.8500,114.2700,114.8400,4866
2025-10-27,A500,116.8000,116.8800,116.4900,116.7800,9085
2025-10-28,A500,116.8500,117.3200,116.7700,117.0400,6842
2025-10-29,A500,117.8200,117.8600,117.2300,117.3700,14724
2025-10-30,A500,117.6400,117.8200,117.2300,117.6200,12197
2025-10-31,A500,117.8300,118.1300,117.5500,117.5500,4860
2025-11-03,A500,117.7000,118.4300,117.5200,117.7500,7287
2025-11-04,A500,116.7400,117.6800,116.5200,117.3400,17420
2025-11-05,A500,116.6200,117.5100,116.4900,117.4900,14847
2025-11-06,A500,116.7700,117.2000,115.5900,115.7500,12783
2025-11-07,A500,115.9500,115.9500,113.8000,113.8200,10841
2025-11-10,A500,116.1600,116.7200,116.0100,116.3100,5252
2025-11-11,A500,117.0000,117.0000,116.4500,116.4900,11836
2025-11-12,A500,117.5300,117.8100,116.9300,117.0400,10704
2025-11-13,A500,117.1600,117.1700,115.3600,115.4000,7056
2025-11-14,A500,114.6300,115.4700,113.3600,115.2900,25248
2025-11-17,A500,115.6700,115.8400,114.6200,114.9100,8599
2025-11-18,A500,113.5900,114.0500,112.6800,113.6100,24518
2025-11-19,A500,113.4000,114.7700,113.3600,114.0000,3577
2025-11-20,A500,115.7800,116.5400,115.2800,115.1500,7153
2025-11-21,A500,112.5200,113.3400,112.1200,113.3400,12055
2025-11-24,A500,114.2600,115.2600,113.6800,115.2000,4589
2025-11-25,A500,115.3700,115.3700,114.3300,115.3500,4538
2025-11-26,A500,116.3900,116.7300,116.1100,116.6900,5138
2025-11-27,A500,116.6100,116.7200,116.5400,116.5600,2362
2025-11-28,A500,116.9700,117.3000,116.6900,116.9200,10349
2025-12-01,A500,116.2800,116.5800,115.8200,116.5400,9897
2025-12-02,A500,116.2600,117.0600,116.2100,116.5100,4977
2025-12-03,A500,116.6500,116.6700,115.9400,116.4700,15823
2025-12-04,A500,116.6200,116.8800,116.4100,116.5500,3134
2025-12-05,A500,116.9800,117.3800,116.7000,117.1400,4524
2025-12-08,A500,117.0800,117.2500,116.9000,116.9200,5379
2025-12-09,A500,116.9500,117.1000,116.6500,116.9700,10548
2025-12-10,A500,116.7000,116.7900,116.4900,116.6900,6198
2025-12-11,A500,115.8600,116.3500,115.8100,115.9800,5270
2025-12-12,A500,116.7400,116.8500,115.2000,115.2700,8059
2025-12-15,A500,115.8400,116.0600,115.0000,115.2800,11327
2025-12-16,A500,114.6000,115.0300,114.2000,114.3600,2614
2025-12-17,A500,115.3300,115.6400,113.9900,113.9900,4638
2025-12-18,A500,114.0200,115.3300,114.0200,115.2700,3620
2025-12-19,A500,115.1500,115.7000,114.7500,115.7000,2039
2025-12-22,A500,116.0500,116.1000,115.7000,116.0700,7540
2025-12-23,A500,115.9200,116.2800,115.6600,116.2700,11399
2025-12-29,A500,116.6500,116.7900,116.2700,116.5200,2700
2025-12-30,A500,116.4600,116.7100,116.4400,116.6600,6696
2026-01-02,A500,116.4700,116.8300,115.5000,115.8000,14559
2026-01-05,A500,116.7500,117.3700,116.7100,117.1400,19388
2026-01-06,A500,116.9000,117.7900,116.7900,117.5400,4328
2026-01-07,A500,118.0100,118.1400,117.8300,118.1100,1600
2026-01-08,A500,117.5900,117.9400,117.4700,117.9400,10190
2026-01-09,A500,118.0400,118.8900,117.9700,118.7400,10988
2026-01-12,A500,117.8500,118.6100,117.4800,118.5800,2810
2026-01-13,A500,118.7700,119.0200,118.5800,118.7800,10101
2026-01-14,A500,118.6200,118.6400,117.4700,117.7500,3938
2026-01-15,A500,118.4400,119.3900,118.4400,119.3300,5580
2026-01-16,A500,119.2900,119.2900,118.6900,119.1000,2900
2026-01-19,A500,117.4900,117.7500,116.9800,117.1400,3385
2026-01-20,A500,116.3300,116.3300,115.3000,116.1900,11631
2026-01-21,A500,115.6800,116.6300,114.9800,116.3800,6682
2026-01-22,A500,117.2800,117.6400,116.9400,117.1400,5111
2026-01-23,A500,117.1600,117.2200,116.7000,116.8400,4261
2026-01-26,A500,115.9500,116.4400,115.4900,116.2700,11223
2026-01-27,A500,116.8000,116.8000,115.7500,115.9200,4741
2026-01-28,A500,116.1300,116.3200,115.9200,116.2000,2440
2026-01-29,A500,116.0400,116.4000,114.4100,114.8900,6952
2026-01-30,A500,114.9200,116.2800,114.8700,115.9700,6830
2026-02-02,A500,115.2000,117.5200,115.2000,117.4600,8820
2026-02-03,A500,117.7200,117.9000,116.5900,116.6200,4389
2026-02-04,A500,116.4200,116.7500,115.9100,116.3100,4307
2026-02-05,A500,116.0200,116.2600,114.2900,115.0200,10367
2026-02-06,A500,114.2900,115.9700,114.2600,115.9700,4074
2026-02-09,A500,116.2700,116.4000,115.3800,116.4000,3596
2026-02-10,A500,116.1700,116.6000,116.1000,116.3400,3710
2026-02-11,A500,115.9600,117.0000,115.6500,116.2400,26620
2026-02-12,A500,116.5600,116.6300,114.8500,114.9800,7775
2026-02-13,A500,114.4500,114.9800,113.9600,114.8200,10425
2026-02-16,A500,114.8000,115.0900,114.5000,114.6700,7236
2026-02-17,A500,114.6900,114.9900,114.1100,114.8200,5284
2026-02-18,A500,115.3700,116.1400,115.2100,116.1400,8420
2026-02-19,A500,116.0800,116.2800,115.6100,116.1000,12543
2026-02-20,A500,116.4100,116.5000,115.5600,116.2800,24443
2026-02-23,A500,115.6400,116.2800,115.1400,115.3300,9885
2026-02-24,A500,115.5800,116.0700,115.1700,115.9100,3542
2026-02-25,A500,116.2000,116.9000,116.2000,116.7600,1352
2026-02-26,A500,116.8900,117.1800,115.9000,116.4300,3036
2026-02-27,A500,116.0900,116.2700,115.3100,115.6500,5323
2026-03-02,A500,114.9900,116.9800,114.8800,116.6400,7803
2026-03-03,A500,116.2300,116.5300,115.4600,116.2900,11836
2026-03-04,A500,116.4300,117.4600,116.4300,117.4200,12690
2026-03-05,A500,117.4800,117.7000,116.9700,117.2000,6164
2026-03-09,A500,114.3100,115.3500,114.2200,115.3500,8105
2026-03-10,A500,116.3100,116.6200,115.8000,116.5400,7738
2026-03-11,A500,116.2700,116.6700,116.1200,116.2200,3388
2026-03-12,A500,116.2700,116.3100,115.5000,115.8100,7492
2026-03-13,A500,115.5100,116.5400,115.5000,115.7300,3172
2026-03-16,A500,116.0400,116.2800,115.6000,115.8900,4331
2026-03-17,A500,115.6500,116.4700,115.4300,116.0200,2926
2026-03-18,A500,116.5600,116.6400,115.2500,115.3400,2063
2026-03-19,A500,114.9000,114.9500,113.6600,113.6600,2384
2026-03-20,A500,113.7900,113.8600,112.9000,112.9000,4345
2026-03-23,A500,111.5000,115.0000,111.4300,113.1200,11422
2026-03-24,A500,113.1200,113.2000,112.2600,113.1000,9126
2026-03-25,A500,113.5800,113.7000,113.3800,113.6000,3452
2026-03-26,A500,113.2100,113.3500,112.5500,112.5500,3414
2026-03-27,A500,112.3400,112.3400,110.7000,110.8300,3617
2026-03-30,A500,110.4500,111.3600,110.4400,111.2500,3967
2026-03-31,A500,110.9000,111.4300,110.7500,111.2200,5348
2026-04-01,A500,112.9500,113.1000,112.4000,113.1000,6260
2026-04-02,A500,112.0700,113.4600,111.9400,113.3600,2259
2026-04-07,A500,113.7000,114.0200,112.6600,112.7800,8268
2026-04-08,A500,115.5400,115.8600,115.0000,115.2000,20330
2026-04-09,A500,115.5200,115.6900,115.2000,115.6900,4091
2026-04-10,A500,116.2300,116.3300,115.8400,116.0100,2553
2026-04-13,A500,115.5000,116.1300,115.3100,116.0000,1877
2026-04-14,A500,116.4100,117.3200,116.3500,117.3200,3796
2026-04-15,A500,117.7300,118.1200,117.6500,118.0700,5748
2026-04-16,A500,118.7900,119.0000,118.6400,118.9800,6475
2026-04-17,A500,119.2100,120.3100,119.0700,120.3000,4756
2026-04-20,A500,120.0600,120.4900,119.8600,120.0200,3422
2026-04-21,A500,120.4700,120.9500,120.1100,120.2200,1730
2026-04-22,A500,120.4600,121.1000,120.3200,121.0800,3875
2026-04-23,A500,121.0200,121.6100,120.8400,121.5800,2087
2026-04-24,A500,121.4200,121.6000,121.1500,121.5300,2196
2026-04-27,A500,121.5700,121.5900,121.3100,121.4300,3759
2026-04-28,A500,122.0300,122.0900,121.1300,121.1600,6787
2026-04-29,A500,121.7500,121.7600,121.4600,121.4800,3327
2026-04-30,A500,121.6400,122.3300,121.4200,121.7200,3399
2026-05-04,A500,122.9400,123.2700,122.6200,122.6600,3636
2026-05-05,A500,123.1400,123.5500,123.0600,123.4300,5286
2026-05-06,A500,123.6400,124.5200,123.5200,124.4200,30697
2026-05-07,A500,124.9500,125.0100,124.5800,124.8900,11678
2026-05-08,A500,124.8800,125.1800,124.7400,125.1000,1612
2026-05-11,A500,125.1200,125.5600,124.9500,125.5100,5021
2026-05-12,A500,125.2400,125.5200,124.8200,124.8200,1242
2026-05-13,A500,126.0200,126.4600,125.5900,126.1900,1972
2026-05-14,A500,126.9600,128.1800,126.8300,128.1300,4060
2026-05-15,A500,127.7500,127.7600,126.9100,127.4300,7908
2026-05-18,A500,126.4200,127.1200,126.2200,126.2900,2393
2026-05-19,A500,126.6300,126.8200,126.1200,126.1600,3474
2026-05-20,A500,126.6400,127.0800,126.6200,127.0900,2947
2026-05-21,A500,127.2800,127.6500,127.0500,127.3300,4210
2026-05-22,A500,128.3000,128.7500,128.1000,128.7800,6851
2026-05-25,A500,129.1700,129.2700,129.0900,129.1900,5930
2026-05-26,A500,128.9500,129.3800,128.6800,128.9400,31768
2026-05-27,A500,128.8300,129.2900,128.6700,128.7500,2217
2026-05-28,A500,129.0600,129.2900,128.7500,129.2900,3005
2026-05-29,A500,129.6500,130.0700,129.4600,129.5500,3758
2026-06-01,A500,130.0600,130.2500,129.7400,130.1700,4134
2026-06-02,A500,129.9900,130.1700,129.8400,130.5100,1033
2026-06-03,A500,130.6500,130.6900,130.1500,130.2100,1795
2026-06-04,A500,129.6200,129.9600,128.9500,129.9800,3737
2026-06-05,A500,129.4500,129.7400,129.3000,129.4600,2871
2026-06-08,A500,128.0700,129.0100,128.0600,128.5900,2280
2026-06-09,A500,128.4800,128.8900,126.3800,126.4900,5139
2026-06-10,A500,127.1300,127.5600,126.1700,126.4500,6583
2026-06-11,A500,126.3500,126.8200,125.9100,126.1600,4096
2026-06-12,A500,127.1700,128.3500,126.9900,128.2000,17769
2026-06-15,A500,129.2900,130.0700,129.1400,130.0500,5648
2026-06-16,A500,130.0700,130.1900,129.6500,129.7200,2390
2026-06-17,A500,129.6000,129.6200,129.1600,129.4100,5725
2026-06-18,A500,129.7600,130.6800,129.7100,130.1000,6863
2026-06-19,A500,130.3400,130.4900,130.0000,130.4400,3301
2026-06-22,A500,130.5300,131.3800,130.2300,130.3400,17089
2026-06-23,A500,128.8800,129.9000,128.6600,129.3700,4600
2026-06-24,A500,129.6300,130.4800,129.6300,130.4400,3333
2026-06-25,A500,130.2500,130.5500,128.8100,129.1900,3137
2026-06-26,A500,128.7300,129.1000,127.7000,129.1000,1931
2026-06-29,A500,129.0300,129.9200,128.6300,129.3000,4682
2026-06-30,A500,130.3700,130.8400,130.1500,130.7500,2733
2026-07-01,A500,130.7100,131.7900,130.4100,131.7900,9971
2026-07-02,A500,130.9800,131.4100,130.4000,130.5700,34093
2026-07-03,A500,130.8300,130.9500,130.6300,130.8600,14060
2026-07-06,A500,131.0900,131.7000,131.0700,131.6700,2023
2026-07-07,A500,131.4600,131.5900,130.6400,130.7000,5012
2026-07-08,A500,130.8100,130.9400,129.8800,130.1500,3135
2026-07-09,A500,130.9700,131.4000,130.6600,131.3300,2603
2026-07-10,A500,131.4400,132.1300,131.3400,131.9700,4517
2026-07-13,A500,132.0600,132.3000,131.7400,132.1900,5414
2026-07-14,A500,131.7800,131.8200,131.0000,131.7800,4706
2026-07-15,A500,132.1300,132.3600,131.9200,131.9900,3572
2026-07-16,A500,131.8300,132.1000,131.4400,132.0100,5013
2026-07-17,A500,130.3300,130.8400,129.8600,130.4300,11259
2026-07-20,A500,130.2500,131.2300,130.1700,130.8800,2457
2026-07-21,A500,130.8300,131.3000,130.6300,131.3200,2322
2026-07-22,A500,130.9600,131.5100,130.8100,131.5100,9773
2026-07-23,A500,130.7600,131.0400,129.6400,129.8300,4945
2026-07-24,A500,129.9900,130.4800,129.9000,130.6400,1134
2026-07-27,A500,130.9600,131.2400,129.8700,130.0100,7807
2026-07-28,A500,129.9400,130.4800,129.7000,130.3000,1137
2026-07-29,A500,130.4900,130.6600,129.1400,129.3200,4866
2026-07-30,A500,128.2700,128.5300,127.8500,128.0200,2698
2026-07-31,A500,129.5000,129.9100,128.8500,129.0400,1294
2026-08-03,A500,130.4300,131.5500,130.3000,131.5300,6128
2026-08-04,A500,132.1800,133.5600,131.9800,133.4500,3709
2026-08-05,A500,134.4000,134.7500,131.0100,133.9900,26555
2026-08-06,A500,133.8100,133.9900,133.7300,133.7400,2306
2026-08-07,A500,133.7300,134.0900,133.4900,134.0900,5925
2026-08-10,A500,134.2300,134.2900,134.0000,134.2100,1261
2026-08-11,A500,134.1900,134.4700,134.0300,134.0300,2095
2026-08-12,A500,133.9800,134.3600,133.9200,134.0100,3769
2026-08-13,A500,134.4900,135.2100,134.3700,134.7800,1684
2026-08-14,A500,134.9900,135.0100,134.4200,134.2600,4801
2026-08-17,A500,134.3600,134.4100,133.9000,134.0700,22292
2026-08-18,A500,133.2600,133.2700,132.7600,132.8300,7358
2026-08-19,A500,132.5600,132.7300,132.1000,132.3800,5591
2026-08-20,A500,132.0300,132.0300,131.2500,131.4700,2743
2026-08-21,A500,130.7700,131.5000,130.7700,131.5000,10489
2026-08-24,A500,131.0600,131.3500,130.9000,131.1200,27007
2026-08-25,A500,131.5600,131.8000,131.0900,131.2500,4468
2026-08-26,A500,131.4200,131.8500,131.2800,131.5400,2765
2026-08-27,A500,132.1100,132.5200,131.9400,132.4700,1080
2026-08-28,A500,132.6400,133.6900,132.5500,133.6900,3374
2026-08-31,A500,132.7800,132.8100,131.9900,131.9900,5769
2026-09-01,A500,132.4700,132.5800,131.5600,131.9400,11918
2026-09-02,A500,131.8700,132.3600,131.4500,132.3600,614
2026-09-03,A500,132.0400,133.2500,131.9400,133.2500,9773
2026-09-04,A500,133.2200,133.3900,132.5600,132.5600,884
2026-09-07,A500,132.8600,132.8600,132.3300,132.3300,3053
2026-09-08,A500,132.4200,132.6800,132.0300,132.1100,3792
2024-12-17,AINF,4.9785,4.9830,4.9760,4.9515,5250
2024-12-18,AINF,4.9800,4.9800,4.9765,4.9695,1400
2024-12-19,AINF,4.9695,4.9695,4.9695,4.9695,0
2024-12-20,AINF,4.7320,4.7320,4.7320,4.8590,10
2024-12-23,AINF,4.9105,4.9110,4.8895,4.9000,25845
2024-12-27,AINF,4.9765,4.9865,4.9000,4.8940,20115
2024-12-30,AINF,4.9095,4.9095,4.8310,4.8575,7059
2025-01-02,AINF,4.8895,4.9165,4.8700,4.9245,10753
2025-01-03,AINF,4.9090,4.9445,4.9090,4.9480,3050
2025-01-06,AINF,5.0060,5.0750,5.0060,5.0610,21569
2025-01-07,AINF,5.0400,5.0620,4.9825,5.0160,10229
2025-01-08,AINF,4.9975,5.0070,4.9455,4.9490,20130
2025-01-09,AINF,4.9345,4.9500,4.9345,4.9485,9005
2025-01-10,AINF,4.9340,4.9625,4.8700,4.8720,7241
2025-01-13,AINF,4.8545,4.8545,4.8000,4.8160,14790
2025-01-14,AINF,4.8875,4.8875,4.8245,4.8255,1159
2025-01-15,AINF,4.8320,4.9265,4.8320,4.9190,2551
2025-01-16,AINF,5.0110,5.0110,4.9630,4.9865,11395
2025-01-17,AINF,4.9600,5.0200,4.9600,5.0210,10416
2025-01-20,AINF,5.0440,5.0440,5.0070,5.0070,2236
2025-01-21,AINF,5.0450,5.0450,4.9980,5.0110,10895
2025-01-22,AINF,5.1040,5.1310,5.0900,5.1220,29754
2025-01-23,AINF,5.1090,5.1090,5.0740,5.0920,15279
2025-01-24,AINF,5.1020,5.1020,5.0790,5.0720,20978
2025-01-27,AINF,4.8970,4.9020,4.7130,4.7345,81070
2025-01-28,AINF,4.7895,4.8265,4.7345,4.8180,19102
2025-01-29,AINF,4.9300,4.9300,4.8325,4.8385,37770
2025-01-30,AINF,4.9245,4.9260,4.9020,4.9155,14539
2025-01-31,AINF,4.9965,5.0320,4.9965,5.0280,12045
2025-02-03,AINF,4.9250,4.9405,4.9045,4.9440,6671
2025-02-04,AINF,4.9785,5.0290,4.9755,5.0310,30973
2025-02-05,AINF,5.0020,5.0020,4.9770,4.9955,4750
2025-02-06,AINF,5.0720,5.0860,5.0720,5.0730,3260
2025-02-07,AINF,5.0730,5.1060,5.0590,5.0620,12845
2025-02-10,AINF,5.0930,5.1470,5.0910,5.1320,3272
2025-02-11,AINF,5.1430,5.1580,5.1350,5.1400,6830
2025-02-12,AINF,5.1340,5.1340,5.0570,5.0800,5910
2025-02-13,AINF,5.1200,5.1200,5.0790,5.1180,10660
2025-02-14,AINF,5.1390,5.1390,5.0900,5.0930,9135
2025-02-17,AINF,5.1570,5.1660,5.1430,5.1560,4388
2025-02-18,AINF,5.1820,5.1980,5.1810,5.1840,11354
2025-02-19,AINF,5.2150,5.2410,5.1930,5.2390,8410
2025-02-20,AINF,5.1730,5.1920,5.1160,5.0970,10511
2025-02-21,AINF,5.1490,5.1670,5.1120,5.0990,9377
2025-02-24,AINF,5.0350,5.0460,4.9445,4.9580,4046
2025-02-25,AINF,4.8870,4.9015,4.8145,4.7920,8850
2025-02-26,AINF,4.8390,4.8890,4.8345,4.8990,5840
2025-02-27,AINF,4.9190,4.9500,4.8450,4.8650,3755
2025-02-28,AINF,4.7280,4.7375,4.6630,4.7060,2398
2025-03-03,AINF,4.7895,4.7985,4.7135,4.7205,10608
2025-03-04,AINF,4.6220,4.6300,4.5000,4.5040,28405
2025-03-05,AINF,4.5920,4.5920,4.4975,4.4845,1468
2025-03-06,AINF,4.5275,4.5275,4.4620,4.4540,2671
2025-03-07,AINF,4.4170,4.4170,4.3625,4.3355,27862
2025-03-10,AINF,4.4445,4.4445,4.2800,4.2850,8973
2025-03-11,AINF,4.2295,4.2740,4.2295,4.2180,25039
2025-03-12,AINF,4.2855,4.3530,4.2665,4.3330,7348
2025-03-13,AINF,4.3100,4.3275,4.3100,4.2865,4140
2025-03-14,AINF,4.3245,4.3820,4.3245,4.3715,657
2025-03-17,AINF,4.4020,4.4400,4.4020,4.3970,1093
2025-03-18,AINF,4.4280,4.4280,4.4280,4.3690,10
2025-03-19,AINF,4.3690,4.3690,4.3690,4.3690,0
2025-03-20,AINF,4.3690,4.3690,4.3690,4.3690,0
2025-03-21,AINF,4.4225,4.4225,4.4210,4.4315,270
2025-03-24,AINF,4.4945,4.5550,4.4945,4.5465,621
2025-03-25,AINF,4.5535,4.5545,4.5350,4.5445,333
2025-03-26,AINF,4.5380,4.5380,4.4885,4.4615,4148
2025-03-27,AINF,4.4145,4.4145,4.3800,4.3975,500
2025-03-28,AINF,4.3975,4.3975,4.3975,4.3975,0
2025-03-31,AINF,4.1735,4.1735,4.1430,4.1645,5927
2025-04-01,AINF,4.2305,4.2305,4.2200,4.2535,1409
2025-04-02,AINF,4.2700,4.2700,4.2015,4.2690,2050
2025-04-03,AINF,4.0935,4.0935,3.9325,3.9490,11618
2025-04-04,AINF,3.9215,3.9430,3.7130,3.7535,8007
2025-04-07,AINF,3.3985,3.7305,3.3985,3.6335,6060
2025-04-08,AINF,3.7350,3.8860,3.7350,3.8165,15998
2025-04-09,AINF,3.8165,3.8165,3.8165,3.8165,0
2025-04-10,AINF,4.0710,4.1155,3.8335,3.8335,2722
2025-04-11,AINF,3.8590,3.8590,3.7975,3.8110,5844
2025-04-14,AINF,3.9410,3.9545,3.9275,3.9275,2570
2025-04-15,AINF,3.9425,3.9645,3.9425,3.9425,719
2025-04-16,AINF,3.8550,3.8550,3.8315,3.8450,2565
2025-04-17,AINF,3.7955,3.7955,3.7615,3.7665,5240
2025-04-22,AINF,3.6935,3.7325,3.6625,3.7255,886
2025-04-23,AINF,3.9670,3.9670,3.9670,3.8995,250
2025-04-24,AINF,3.8995,3.8995,3.8995,3.8995,0
2025-04-25,AINF,3.8995,3.8995,3.8995,3.8995,0
2025-04-28,AINF,4.0875,4.0875,4.0070,4.0090,8051
2025-04-29,AINF,4.0920,4.0925,4.0625,4.0630,2655
2025-04-30,AINF,4.0785,4.0785,4.0660,4.0510,155
2025-05-02,AINF,4.1700,4.2175,4.1700,4.2220,3039
2025-05-05,AINF,4.2360,4.2360,4.2235,4.2490,3035
2025-05-06,AINF,4.1700,4.1700,4.1505,4.1670,3209
2025-05-07,AINF,4.1670,4.1670,4.1670,4.1670,0
2025-05-08,AINF,4.2635,4.2650,4.2485,4.2795,515
2025-05-09,AINF,4.3150,4.3150,4.2945,4.2795,63693
2025-05-12,AINF,4.5265,4.5710,4.4865,4.5070,9403
2025-05-13,AINF,4.5060,4.6105,4.5060,4.6200,397
2025-05-14,AINF,4.6545,4.6545,4.5900,4.6390,2215
2025-05-15,AINF,4.6310,4.6375,4.5865,4.6450,4916
2025-05-16,AINF,4.6310,4.6670,4.6310,4.6525,595
2025-05-19,AINF,4.5685,4.5920,4.5280,4.5830,4803
2025-05-20,AINF,4.5905,4.5905,4.5905,4.5775,2700
2025-05-21,AINF,4.5450,4.5450,4.5350,4.5745,1500
2025-05-22,AINF,4.5080,4.5385,4.4810,4.5405,5925
2025-05-23,AINF,4.5180,4.5180,4.3945,4.4440,756
2025-05-26,AINF,4.5070,4.5175,4.5070,4.5090,617
2025-05-27,AINF,4.5380,4.5380,4.5020,4.5520,15767
2025-05-28,AINF,4.5660,4.6125,4.5420,4.5705,12334
2025-05-29,AINF,4.6380,4.6420,4.5360,4.5505,3525
2025-05-30,AINF,4.5485,4.5485,4.5230,4.5230,19141
2025-06-02,AINF,4.4995,4.5075,4.4925,4.5040,5049
2025-06-03,AINF,4.5170,4.5505,4.5170,4.5990,2158
2025-06-04,AINF,4.6135,4.6360,4.6000,4.6155,14760
2025-06-05,AINF,4.6605,4.6670,4.6290,4.6730,7654
2025-06-06,AINF,4.6275,4.6850,4.6270,4.6785,17641
2025-06-09,AINF,4.7275,4.7275,4.7270,4.7260,2000
2025-06-10,AINF,4.7360,4.7485,4.7215,4.7425,979
2025-06-11,AINF,4.7695,4.7890,4.7695,4.7750,3715
2025-06-12,AINF,4.7195,4.7195,4.7100,4.7530,2250
2025-06-13,AINF,4.6830,4.7365,4.6830,4.7320,5759
2025-06-16,AINF,4.7390,4.7740,4.7325,4.7740,376
2025-06-17,AINF,4.7705,4.8000,4.7575,4.8165,2317
2025-06-18,AINF,4.8445,4.8445,4.8445,4.8225,440
2025-06-19,AINF,4.7910,4.8005,4.7700,4.7645,3209
2025-06-20,AINF,4.8090,4.8205,4.7730,4.7690,14937
2025-06-23,AINF,4.7550,4.7970,4.7550,4.7685,3462
2025-06-24,AINF,4.8485,4.8640,4.8485,4.8785,6120
2025-06-25,AINF,4.9260,4.9280,4.9135,4.9135,13724
2025-06-26,AINF,4.9125,4.9135,4.9000,4.8915,14207
2025-06-27,AINF,4.9210,4.9400,4.9190,4.9220,9304
2025-06-30,AINF,4.9150,4.9260,4.9085,4.9105,3560
2025-07-01,AINF,4.8785,4.8800,4.8785,4.8405,240
2025-07-02,AINF,4.8805,4.8885,4.8440,4.8810,857
2025-07-03,AINF,4.9185,4.9685,4.9140,4.9765,1555
2025-07-04,AINF,4.9500,4.9500,4.9245,4.9250,66203
2025-07-07,AINF,4.9490,4.9510,4.9490,4.9410,789
2025-07-08,AINF,4.9500,4.9675,4.9460,4.9535,11306
2025-07-09,AINF,4.9665,4.9860,4.9665,4.9760,2455
2025-07-10,AINF,4.9725,5.0220,4.9725,4.9970,2309
2025-07-11,AINF,4.9795,4.9845,4.9645,4.9770,18420
2025-07-14,AINF,4.9360,4.9540,4.9360,4.9615,152
2025-07-15,AINF,5.0290,5.0620,5.0290,5.0770,314
2025-07-16,AINF,5.0360,5.0580,4.9980,4.9860,616
2025-07-17,AINF,5.1080,5.1090,5.0890,5.1080,12110
2025-07-18,AINF,5.1160,5.1160,5.0740,5.0800,23269
2025-07-21,AINF,5.1000,5.1270,5.0990,5.1010,53749
2025-07-22,AINF,5.0770,5.0910,4.9990,4.9950,40303
2025-07-23,AINF,5.0280,5.0510,5.0140,5.0210,28885
2025-07-24,AINF,5.0600,5.0810,5.0450,5.0490,57851
2025-07-25,AINF,5.0600,5.0660,5.0350,5.0570,36465
2025-07-28,AINF,5.1290,5.1570,5.1290,5.1460,46252
2025-07-29,AINF,5.2220,5.2500,5.2060,5.1950,19083
2025-07-30,AINF,5.2260,5.2450,5.1980,5.2340,43772
2025-07-31,AINF,5.3020,5.3090,5.1980,5.2010,45460
2025-08-01,AINF,5.1180,5.1180,4.9600,4.9830,33150
2025-08-04,AINF,4.9970,5.0650,4.9970,5.0510,4862
2025-08-05,AINF,5.1170,5.1260,5.0950,5.0430,31296
2025-08-06,AINF,5.0400,5.0400,5.0220,5.0180,3078
2025-08-07,AINF,5.0760,5.1410,5.0760,5.1160,3133
2025-08-08,AINF,5.1160,5.1360,5.1160,5.1230,1980
2025-08-11,AINF,5.1470,5.1870,5.1470,5.1790,1650
2025-08-12,AINF,5.1550,5.1550,5.1460,5.1650,2605
2025-08-13,AINF,5.2480,5.2480,5.1860,5.1920,8320
2025-08-14,AINF,5.1960,5.2080,5.1650,5.1880,2860
2025-08-18,AINF,5.2150,5.2150,5.1160,5.1260,31287
2025-08-19,AINF,5.1520,5.1560,5.0850,5.0930,6281
2025-08-20,AINF,5.0450,5.0500,4.9290,4.9830,3938
2025-08-21,AINF,5.0420,5.0420,5.0070,5.0060,162403
2025-08-22,AINF,5.0240,5.0330,5.0190,5.0650,8651
2025-08-25,AINF,5.0560,5.0560,5.0450,5.0710,1288
2025-08-26,AINF,5.0600,5.0600,5.0490,5.0710,5318
2025-08-27,AINF,5.1210,5.1210,5.1210,5.1190,76
2025-08-28,AINF,5.1310,5.1620,5.1180,5.1560,4340
2025-08-29,AINF,5.1600,5.1600,5.0860,5.0860,2060
2025-09-01,AINF,5.0640,5.0670,5.0600,5.0720,526
2025-09-02,AINF,5.0030,5.0370,4.9900,5.0050,818
2025-09-03,AINF,5.0700,5.0930,5.0700,5.0710,1026
2025-09-04,AINF,5.0930,5.1200,5.0690,5.1200,5707
2025-09-05,AINF,5.1570,5.1690,5.1150,5.1000,3923
2025-09-08,AINF,5.1640,5.1870,5.1640,5.1950,3200
2025-09-09,AINF,5.2010,5.2020,5.1800,5.2040,5265
2025-09-10,AINF,5.3430,5.4140,5.3430,5.4140,11965
2025-09-11,AINF,5.4100,5.4120,5.3990,5.4210,12422
2025-09-12,AINF,5.4160,5.4160,5.3900,5.4080,31750
2025-09-15,AINF,5.3990,5.4700,5.3980,5.4560,23678
2025-09-16,AINF,5.4980,5.5190,5.4280,5.4280,20183
2025-09-17,AINF,5.4670,5.4670,5.4220,5.4180,9643
2025-09-18,AINF,5.5010,5.6170,5.4940,5.6170,47939
2025-09-19,AINF,5.5740,5.6140,5.5740,5.5980,10640
2025-09-22,AINF,5.6510,5.6600,5.6210,5.6700,12174
2025-09-23,AINF,5.7000,5.7140,5.6950,5.7000,63304
2025-09-24,AINF,5.6990,5.7180,5.6880,5.6840,17989
2025-09-25,AINF,5.6750,5.6900,5.6140,5.6740,27450
2025-09-26,AINF,5.6840,5.6840,5.6450,5.6530,37070
2025-09-29,AINF,5.7030,5.7220,5.6820,5.6970,6829
2025-09-30,AINF,5.6680,5.6680,5.6350,5.6690,22952
2025-10-01,AINF,5.6410,5.7560,5.6410,5.7460,6305
2025-10-02,AINF,5.8320,5.8920,5.8320,5.8730,62457
2025-10-03,AINF,5.9130,5.9160,5.8750,5.8870,40563
2025-10-06,AINF,5.9000,6.0440,5.8890,5.9990,34463
2025-10-07,AINF,5.9930,6.0630,5.9490,5.9490,60139
2025-10-08,AINF,5.9670,6.0560,5.9490,6.0560,56532
2025-10-09,AINF,6.0950,6.1040,6.0600,6.0760,42828
2025-10-10,AINF,6.1050,6.1220,5.8460,5.8460,9979
2025-10-13,AINF,5.9520,6.0170,5.9500,5.9990,12930
2025-10-14,AINF,5.9390,5.9460,5.8640,5.9420,10046
2025-10-15,AINF,5.9790,6.0790,5.9790,6.0450,9835
2025-10-16,AINF,6.0890,6.1040,6.0820,6.0760,8360
2025-10-17,AINF,5.9340,6.0360,5.8940,5.9820,10303
2025-10-20,AINF,6.1050,6.1670,6.0940,6.1490,21964
2025-10-21,AINF,6.1360,6.1500,6.1310,6.1370,6761
2025-10-22,AINF,6.1470,6.1530,6.0370,6.0370,16733
2025-10-23,AINF,6.0820,6.0820,6.0130,6.1290,5510
2025-10-27,AINF,6.3600,6.3980,6.3360,6.3760,36843
2025-10-28,AINF,6.3770,6.4200,6.3700,6.4070,48542
2025-10-29,AINF,6.4730,6.5010,6.4610,6.4720,29704
2025-10-30,AINF,6.5290,6.5500,6.4770,6.5120,18576
2025-10-31,AINF,6.5730,6.5930,6.5180,6.5130,28536
2025-11-03,AINF,6.5730,6.6360,6.5720,6.5790,51843
2025-11-04,AINF,6.4700,6.5210,6.4340,6.4610,21469
2025-11-05,AINF,6.3260,6.4590,6.3170,6.4450,18805
2025-11-06,AINF,6.3950,6.4390,6.2780,6.2880,15769
2025-11-07,AINF,6.3130,6.3330,6.1190,6.1190,23808
2025-11-10,AINF,6.3490,6.4000,6.3320,6.3450,16925
2025-11-11,AINF,6.3870,6.3960,6.3040,6.3120,33656
2025-11-12,AINF,6.4000,6.4270,6.3480,6.3600,39881
2025-11-13,AINF,6.3700,6.3840,6.2020,6.2060,10927
2025-11-14,AINF,6.1100,6.2180,6.0030,6.2310,85517
2025-11-17,AINF,6.2500,6.2640,6.1650,6.1750,46340
2025-11-18,AINF,6.0650,6.0980,5.9530,6.0330,46512
2025-11-19,AINF,6.0010,6.1080,5.9870,6.0640,25544
2025-11-20,AINF,6.2250,6.2380,6.0750,6.0750,45138
2025-11-21,AINF,5.8240,5.8740,5.7500,5.8300,45058
2025-11-24,AINF,5.9290,6.0440,5.8770,6.0440,23305
2025-11-25,AINF,6.0580,6.0580,5.9330,5.9960,55619
2025-11-26,AINF,6.0930,6.1290,6.0720,6.1290,39809
2025-11-27,AINF,6.1340,6.1470,6.1280,6.1270,22214
2025-11-28,AINF,6.2790,6.2790,6.1280,6.1630,25357
2025-12-01,AINF,6.1210,6.1510,6.0900,6.1490,12123
2025-12-02,AINF,6.1790,6.2870,6.1790,6.2110,6564
2025-12-03,AINF,6.2570,6.2570,6.2000,6.2190,8418
2025-12-04,AINF,6.2550,6.2570,6.2070,6.2360,22754
2025-12-05,AINF,6.2850,6.3450,6.2800,6.3050,17249
2025-12-08,AINF,6.3270,6.3760,6.3270,6.3440,2690
2025-12-09,AINF,6.3530,6.3840,6.3000,6.3650,58949
2025-12-10,AINF,6.3770,6.3780,6.3650,6.3650,16649
2025-12-11,AINF,6.2700,6.3250,6.2200,6.2200,100405
2025-12-12,AINF,6.2980,6.3000,6.0990,6.1190,28510
2025-12-15,AINF,6.1170,6.1700,6.0380,6.0840,19782
2025-12-16,AINF,5.9930,6.0260,5.9930,5.9920,113984
2025-12-17,AINF,6.1090,6.1090,5.9240,5.9240,1664927
2025-12-18,AINF,5.9520,6.0500,5.9520,6.0300,13186
2025-12-19,AINF,6.0510,6.1300,6.0360,6.1240,12099
2025-12-22,AINF,6.2190,6.2190,6.1570,6.1610,20033
2025-12-23,AINF,6.1920,6.1920,6.1450,6.1710,16323
2025-12-29,AINF,6.2350,6.2450,6.2050,6.2300,18403
2025-12-30,AINF,6.2430,6.2670,6.2420,6.2670,10934
2026-01-02,AINF,6.3350,6.4000,6.2770,6.2910,65281
2026-01-05,AINF,6.4450,6.4720,6.4100,6.4500,64251
2026-01-06,AINF,6.4600,6.5110,6.4170,6.4880,14432
2026-01-07,AINF,6.5320,6.5680,6.5020,6.5420,22053
2026-01-08,AINF,6.5240,6.5490,6.4300,6.4330,19247
2026-01-09,AINF,6.4540,6.5590,6.4540,6.5630,17189
2026-01-12,AINF,6.5130,6.5730,6.4640,6.5780,28880
2026-01-13,AINF,6.6000,6.6350,6.5830,6.6280,34011
2026-01-14,AINF,6.6210,6.6260,6.5390,6.5390,15156
2026-01-15,AINF,6.6500,6.7860,6.6490,6.7430,36102
2026-01-16,AINF,6.7150,6.7330,6.6800,6.7180,25681
2026-01-19,AINF,6.6020,6.6220,6.5730,6.5900,54001
2026-01-20,AINF,6.5440,6.5620,6.4480,6.5620,55433
2026-01-21,AINF,6.5430,6.6380,6.4880,6.6190,48185
2026-01-22,AINF,6.6960,6.7290,6.6230,6.6550,236677
2026-01-23,AINF,6.6310,6.6410,6.5840,6.6280,47636
2026-01-26,AINF,6.5670,6.5770,6.5190,6.5770,49185
2026-01-27,AINF,6.6530,6.6640,6.6040,6.6430,131447
2026-01-28,AINF,6.7530,6.7760,6.6900,6.7050,30627
2026-01-29,AINF,6.7240,6.7330,6.4970,6.5220,95812
2026-01-30,AINF,6.5360,6.6350,6.5360,6.5790,53157
2026-02-02,AINF,6.3930,6.6470,6.3630,6.6480,81369
2026-02-03,AINF,6.7300,6.7370,6.5000,6.5180,99642
2026-02-04,AINF,6.5220,6.5220,6.2890,6.2890,160489
2026-02-05,AINF,6.3320,6.3320,6.1270,6.2230,23481
2026-02-06,AINF,6.1620,6.3570,6.1280,6.3570,43694
2026-02-09,AINF,6.3760,6.4340,6.1890,6.4250,176427
2026-02-10,AINF,6.4110,6.4570,6.3980,6.4310,40487
2026-02-11,AINF,6.4060,6.5300,6.3850,6.4360,32554
2026-02-12,AINF,6.5300,6.5310,6.4720,6.3150,52986
2026-02-13,AINF,6.3910,6.4150,6.3550,6.4110,25242
2026-02-16,AINF,6.4310,6.4520,6.3770,6.3850,365176
2026-02-17,AINF,6.4080,6.4150,6.3150,6.4010,176162
2026-02-18,AINF,6.3660,6.5200,6.3660,6.5170,37317
2026-02-19,AINF,6.5290,6.5300,6.4760,6.5040,36270
2026-02-20,AINF,6.5210,6.5640,6.4820,6.5320,84820
2026-02-23,AINF,6.4650,6.5070,6.4060,6.4230,51958
2026-02-24,AINF,6.4690,6.5560,6.4500,6.5440,116902
2026-02-25,AINF,6.5730,6.6880,6.5730,6.6550,23472
2026-02-26,AINF,6.7010,6.7390,6.5000,6.5670,420954
2026-02-27,AINF,6.5650,6.5810,6.4760,6.5230,90815
2026-03-02,AINF,6.4310,6.5530,6.3970,6.5350,125402
2026-03-03,AINF,6.4260,6.4420,6.2960,6.4020,49705
2026-03-04,AINF,6.3550,6.5390,6.3450,6.5300,120928
2026-03-05,AINF,6.5320,6.6000,6.5030,6.5210,18193
2026-03-09,AINF,6.2400,6.3960,6.2180,6.3960,596320
2026-03-10,AINF,6.5040,6.5790,6.4590,6.5740,28441
2026-03-11,AINF,6.5580,6.6470,6.5370,6.6030,71959
2026-03-12,AINF,6.6010,6.6010,6.4700,6.4990,14114
2026-03-13,AINF,6.4850,6.5820,6.4830,6.5140,19741
2026-03-16,AINF,6.6280,6.6400,6.5700,6.6170,30214
2026-03-17,AINF,6.5780,6.6580,6.5560,6.6240,11243
2026-03-18,AINF,6.7310,6.7380,6.6390,6.6420,39443
2026-03-19,AINF,6.5830,6.5830,6.4550,6.5500,26362
2026-03-20,AINF,6.5740,6.5800,6.4510,6.4580,17396
2026-03-23,AINF,6.3400,6.5920,6.3080,6.4810,45395
2026-03-24,AINF,6.5130,6.5410,6.4050,6.4650,52739
2026-03-25,AINF,6.5120,6.5490,6.5100,6.5200,27852
2026-03-26,AINF,6.4720,6.4730,6.3620,6.3620,246586
2026-03-27,AINF,6.3600,6.3600,6.2000,6.2240,15337
2026-03-30,AINF,6.2340,6.2750,6.1640,6.1730,10282
2026-03-31,AINF,6.1200,6.1910,6.0980,6.1790,56424
2026-04-01,AINF,6.3800,6.4420,6.3240,6.4420,39241
2026-04-02,AINF,6.3050,6.4390,6.2590,6.4210,17028
2026-04-07,AINF,6.5120,6.5210,6.3980,6.4260,29927
2026-04-08,AINF,6.7440,6.7960,6.6750,6.7210,75384
2026-04-09,AINF,6.7250,6.7290,6.6700,6.6890,31888
2026-04-10,AINF,6.7390,6.7860,6.7390,6.7740,31968
2026-04-13,AINF,6.7060,6.7890,6.6950,6.8080,15530
2026-04-14,AINF,6.8960,6.9410,6.8770,6.9160,42862
2026-04-15,AINF,6.9720,7.0110,6.9600,6.9980,26588
2026-04-16,AINF,7.1230,7.1420,7.0500,7.1370,63684
2026-04-17,AINF,7.1660,7.2630,7.1630,7.2530,67232
2026-04-20,AINF,7.1980,7.2470,7.1650,7.1830,48460
2026-04-21,AINF,7.2790,7.3220,7.2600,7.3070,39645
2026-04-22,AINF,7.3660,7.4390,7.3510,7.4320,42625
2026-04-23,AINF,7.4120,7.4430,7.3700,7.4300,54031
2026-04-24,AINF,7.5310,7.6430,7.5070,7.6090,74743
2026-04-27,AINF,7.6790,7.7080,7.6000,7.6160,65660
2026-04-28,AINF,7.6140,7.6140,7.4490,7.4490,58337
2026-04-29,AINF,7.5570,7.6070,7.5260,7.5940,60453
2026-04-30,AINF,7.6470,7.7340,7.5930,7.6600,211292
2026-05-04,AINF,7.9050,7.9270,7.8170,7.8630,112650
2026-05-05,AINF,7.9250,8.0870,7.9170,8.0880,117976
2026-05-06,AINF,8.2760,8.3980,8.2120,8.3260,250755
2026-05-07,AINF,8.4000,8.4430,8.3290,8.4270,132016
2026-05-08,AINF,8.3980,8.6090,8.3860,8.6050,106736
2026-05-11,AINF,8.7480,8.8420,8.6970,8.7950,223113
2026-05-12,AINF,8.6930,8.7290,8.4450,8.4700,180609
2026-05-13,AINF,8.7000,8.7730,8.5730,8.6730,178537
2026-05-14,AINF,8.8180,8.9140,8.7410,8.8940,139565
2026-05-15,AINF,8.7460,8.7650,8.6060,8.7320,218775
2026-05-18,AINF,8.6650,8.7890,8.5410,8.5790,215374
2026-05-19,AINF,8.5710,8.6360,8.4000,8.4810,340645
2026-05-20,AINF,8.5880,8.7820,8.5800,8.7570,163485
2026-05-21,AINF,8.7830,8.8810,8.7590,8.8160,208041
2026-05-22,AINF,8.9900,9.1340,8.9570,9.1180,74261
2026-05-25,AINF,9.2770,9.2770,9.2000,9.2500,152930
2026-05-26,AINF,9.2140,9.3490,9.1800,9.3140,238497
2026-05-27,AINF,9.3560,9.4710,9.2000,9.2330,319224
2026-05-28,AINF,9.3040,9.4910,9.2760,9.4780,294141
2026-05-29,AINF,9.6530,9.8200,9.6300,9.7130,432965
2026-06-01,AINF,9.9120,10.0040,9.7780,10.0040,1086548
2026-06-02,AINF,9.9860,10.0800,9.9550,10.0780,259782
2026-06-03,AINF,10.1220,10.2600,10.0000,10.1120,745179
2026-06-04,AINF,10.0000,10.0140,9.7340,9.9250,350677
2026-06-05,AINF,9.7250,9.7800,9.5100,9.5100,251037
2026-06-08,AINF,9.2630,9.6260,9.2490,9.5780,266808
2026-06-09,AINF,9.6760,9.6770,9.2400,9.2400,241957
2026-06-10,AINF,9.2840,9.4740,9.1200,9.2400,216261
2026-06-11,AINF,9.2250,9.4540,9.2250,9.3350,281610
2026-06-12,AINF,9.5200,9.7610,9.5000,9.7440,151876
2026-06-15,AINF,9.9750,10.0640,9.9750,10.0400,288377
2026-06-16,AINF,10.0300,10.0820,9.8100,9.8360,362032
2026-06-17,AINF,9.8980,9.9260,9.8200,9.9040,268761
2026-06-18,AINF,10.0740,10.2160,10.0460,10.1740,203201
2026-06-19,AINF,10.1960,10.2160,10.1380,10.1980,126384
2026-06-22,AINF,10.2920,10.3980,10.2360,10.2620,106994
2026-06-23,AINF,9.9320,10.0040,9.7450,9.8800,189438
2026-06-24,AINF,9.9380,9.9640,9.7800,9.8520,185650
2026-06-25,AINF,10.0720,10.1300,9.6790,9.8250,168828
2026-06-26,AINF,9.7350,9.7630,9.5880,9.7290,83620
2026-06-29,AINF,9.7490,9.8480,9.6000,9.8410,203183
2026-06-30,AINF,10.0740,10.2400,10.0080,10.2200,88734
2026-07-01,AINF,10.1540,10.2440,10.0120,10.0960,54475
2026-07-02,AINF,9.8600,10.0000,9.6570,9.7300,184447
2026-07-03,AINF,9.7860,9.8670,9.7780,9.8350,28173
2026-07-06,AINF,9.8030,9.9760,9.7830,9.9350,38180
2026-07-07,AINF,9.7110,9.7280,9.4430,9.4880,98659
2026-07-08,AINF,9.5130,9.5780,9.3250,9.4650,86146
2026-07-09,AINF,9.6730,9.8890,9.6590,9.8580,41751
2026-07-10,AINF,9.7740,9.8210,9.7120,9.7780,29485
2026-07-13,AINF,9.5980,9.6800,9.5340,9.6730,44924
2026-07-14,AINF,9.5930,9.6100,9.5000,9.6070,36624
2026-07-15,AINF,9.7320,9.7470,9.4090,9.4160,25557
2026-07-16,AINF,9.4150,9.4170,9.2300,9.2990,51646
2026-07-17,AINF,8.9690,9.1170,8.8600,9.0660,206893
2026-07-20,AINF,9.0930,9.3020,9.0930,9.2030,39838
2026-07-21,AINF,9.3290,9.4190,9.3010,9.4060,29207
2026-07-22,AINF,9.3420,9.4590,9.2910,9.4420,38191
2026-07-23,AINF,9.3850,9.4410,9.2580,9.2600,43007
2026-07-24,AINF,9.2370,9.3310,9.1420,9.1840,34632
2026-07-27,AINF,9.2720,9.3020,8.8880,8.9440,34339
2026-07-28,AINF,8.8620,8.8690,8.5730,8.7780,60718
2026-07-29,AINF,8.6380,8.7500,8.5460,8.5580,57120
2026-07-30,AINF,8.4940,8.8550,8.4160,8.8210,89302
2026-07-31,AINF,9.0260,9.1740,8.9140,8.9440,64236
2026-08-03,AINF,9.0540,9.1230,8.8860,9.0890,49950
2026-08-04,AINF,9.3210,9.6430,9.2810,9.6280,25273
2026-08-05,AINF,9.6840,9.7300,9.5690,9.6130,46451
2026-08-06,AINF,9.5040,9.6010,9.3680,9.5850,91249
2026-08-07,AINF,9.5660,9.6660,9.5610,9.6390,93290
2026-08-10,AINF,9.7130,9.7450,9.6640,9.6910,30184
2026-08-11,AINF,9.6880,9.7600,9.6280,9.6740,32068
2026-08-12,AINF,9.7610,9.8700,9.7610,9.8350,40895
2026-08-13,AINF,9.8850,10.0300,9.8490,9.9930,52716
2026-08-14,AINF,9.9260,9.9470,9.8020,9.8130,23875
2026-08-17,AINF,9.8700,9.9000,9.8260,9.8970,43846
2026-08-18,AINF,9.6810,9.6830,9.4590,9.5030,76229
2026-08-19,AINF,9.4890,9.5880,9.3100,9.3990,112501
2026-08-20,AINF,9.4440,9.4630,9.3030,9.3570,27829
2026-08-21,AINF,9.4350,9.4570,9.3450,9.4110,21032
2026-08-24,AINF,9.3180,9.3690,9.1900,9.2470,58243
2026-08-25,AINF,9.3490,9.4180,9.3130,9.3480,5490
2026-08-26,AINF,9.3160,9.4020,9.3000,9.3590,17657
2026-08-27,AINF,9.5130,9.5740,9.5050,9.5380,20806
2026-08-28,AINF,9.5540,9.6280,9.5290,9.6160,17851
2026-08-31,AINF,9.5220,9.5520,9.4520,9.4520,15631
2026-09-01,AINF,9.5710,9.5940,9.3560,9.4080,23715
2026-09-02,AINF,9.4040,9.4040,9.2500,9.3080,24618
2026-09-03,AINF,9.3490,9.4560,9.3000,9.4560,17275
2026-09-04,AINF,9.5100,9.6110,9.5100,9.5650,15742
2026-09-07,AINF,9.6920,9.6920,9.6330,9.6510,43903
2026-09-08,AINF,9.6470,9.7290,9.6090,9.7170,32150
2024-09-09,ANX,190.9300,192.2900,190.8200,191.0700,2115
2024-09-10,ANX,191.5400,193.8900,191.4400,193.3400,773
2024-09-11,ANX,193.2200,194.5000,191.5400,192.8200,1369
2024-09-12,ANX,199.2700,199.4000,198.4000,198.7000,6970
2024-09-13,ANX,199.6900,200.2800,199.0000,200.2800,1843
2024-09-16,ANX,199.5000,199.7100,197.4000,198.3400,1892
2024-09-17,ANX,199.2000,200.4200,199.0600,199.7000,2357
2024-09-18,ANX,199.3800,199.4200,198.4600,198.6800,1802
2024-09-19,ANX,200.7900,203.5300,200.5500,203.1000,7288
2024-09-20,ANX,201.6300,202.3600,200.9700,201.4400,764
2024-09-23,ANX,202.3500,203.4600,202.0800,203.0000,3394
2024-09-24,ANX,203.7500,203.7600,201.6600,203.0400,2793
2024-09-25,ANX,202.0200,204.1600,201.7500,203.8500,2851
2024-09-26,ANX,206.4200,207.5000,203.7400,203.7400,1547
2024-09-27,ANX,205.0000,205.3700,204.0800,204.2300,12909
2024-09-30,ANX,203.6000,204.1600,202.8200,203.8700,4969
2024-10-01,ANX,204.9200,206.3700,202.2200,202.7700,4214
2024-10-02,ANX,202.9700,204.2400,202.6000,204.5900,1478
2024-10-03,ANX,203.8700,204.9100,202.9100,204.9100,1736
2024-10-04,ANX,204.3600,208.0800,204.1200,206.2900,1670
2024-10-07,ANX,207.5500,207.5500,206.2900,207.0100,9312
2024-10-08,ANX,205.0200,208.1500,204.8300,208.0400,9207
2024-10-09,ANX,208.1500,209.9500,207.7400,209.9500,2203
2024-10-10,ANX,210.9300,210.9300,209.3000,210.8200,2246
2024-10-11,ANX,210.5700,210.9400,209.6500,210.5500,3323
2024-10-14,ANX,211.0500,213.5300,210.8700,212.4800,3864
2024-10-15,ANX,213.3300,213.5700,210.8800,211.3400,2264
2024-10-16,ANX,211.3400,211.3700,209.6500,210.7300,1903
2024-10-17,ANX,212.3200,214.7500,212.3200,212.9900,2333
2024-10-18,ANX,212.8600,213.2000,212.5800,213.0300,2465
2024-10-21,ANX,212.7900,213.9000,211.7300,212.5000,1099
2024-10-22,ANX,213.4200,214.2500,212.5100,213.8200,9913
2024-10-23,ANX,214.6600,214.9500,212.8800,212.8800,1062
2024-10-24,ANX,213.1400,213.7700,212.4600,212.7400,1142
2024-10-25,ANX,212.9500,215.9400,212.9500,215.6300,2392
2024-10-28,ANX,215.7500,216.0500,214.3700,214.4200,5397
2024-10-29,ANX,214.5500,215.9000,214.0600,215.6700,2727
2024-10-30,ANX,216.8100,216.8100,214.5000,214.9000,4417
2024-10-31,ANX,211.8000,212.2000,208.7700,208.9600,3299
2024-11-01,ANX,209.3400,211.4200,209.0000,211.2400,668
2024-11-04,ANX,209.5800,210.1400,208.0200,209.2300,2430
2024-11-05,ANX,209.0300,210.7600,208.9400,210.5300,2651
2024-11-06,ANX,217.9700,219.5000,217.2400,219.1000,5987
2024-11-07,ANX,220.1000,222.0300,220.0000,222.0500,10285
2024-11-08,ANX,223.3000,224.0100,221.7200,224.0100,2245
2024-11-11,ANX,225.4900,226.6900,225.0000,225.5200,8127
2024-11-12,ANX,225.8000,226.6100,225.5100,226.0100,8015
2024-11-13,ANX,225.6700,226.6200,225.1200,226.6200,887
2024-11-14,ANX,226.8800,228.4900,226.1000,226.3000,6747
2024-11-15,ANX,223.8500,223.8500,220.7400,220.9800,6946
2024-11-18,ANX,221.0300,221.9600,220.0000,221.9200,2477
2024-11-19,ANX,221.6200,221.6600,218.7200,221.5500,2359
2024-11-20,ANX,223.0500,223.4600,220.7500,222.0600,688
2024-11-21,ANX,222.7800,224.8900,221.8700,224.6600,1801
2024-11-22,ANX,225.1500,227.6600,225.1100,226.5500,3729
2024-11-25,ANX,227.2600,227.2600,225.5000,226.3900,490
2024-11-26,ANX,226.2600,227.0600,225.4100,227.0100,2548
2024-11-27,ANX,226.6000,226.6000,222.3700,222.7000,8399
2024-11-28,ANX,225.0500,225.0800,224.3700,224.9400,279
2024-11-29,ANX,224.5200,225.8500,224.2000,225.7000,677
2024-12-02,ANX,226.7800,229.9100,226.0700,229.6200,1059
2024-12-03,ANX,229.6600,229.6600,228.2200,229.6900,1806
2024-12-04,ANX,230.9300,232.4400,230.7200,231.4000,1667
2024-12-05,ANX,231.7600,232.3000,230.9600,231.4200,6124
2024-12-06,ANX,230.4900,233.1200,230.0000,232.5600,1560
2024-12-09,ANX,233.3500,233.5200,230.8400,231.2200,536
2024-12-10,ANX,231.3300,233.6300,231.3300,232.3700,1021
2024-12-11,ANX,232.1300,235.8500,232.0000,235.8100,10489
2024-12-12,ANX,235.5400,235.9000,234.4000,235.3600,8464
2024-12-13,ANX,236.4600,237.3800,234.9500,235.2900,739
2024-12-16,ANX,236.2500,238.9300,235.9300,238.7000,4458
2024-12-17,ANX,239.1300,239.9900,237.8800,238.9400,1722
2024-12-18,ANX,239.1700,239.4800,237.8200,239.0100,2125
2024-12-19,ANX,233.2300,234.4200,232.5100,233.6400,5028
2024-12-20,ANX,230.6400,234.1400,227.2700,233.9900,5305
2024-12-23,ANX,234.6500,234.6500,233.0000,234.2100,780
2024-12-27,ANX,237.0400,237.5600,232.9300,234.2500,2493
2024-12-30,ANX,233.9300,234.5800,230.6200,232.5200,3826
2025-01-02,ANX,233.0000,234.8100,231.8600,234.6400,5427
2025-01-03,ANX,233.4100,234.9600,232.7300,234.9100,1955
2025-01-06,ANX,235.7600,237.9200,235.3000,237.5400,5133
2025-01-07,ANX,235.6100,236.8500,233.3800,234.4600,3587
2025-01-08,ANX,233.9300,234.8200,232.8500,234.1900,5431
2025-01-09,ANX,232.8000,235.1100,232.0800,233.2200,2174
2025-01-10,ANX,233.5800,234.3500,230.3000,231.2200,3653
2025-01-13,ANX,231.1100,231.2000,229.0400,229.9900,2307
2025-01-14,ANX,232.3600,232.7200,229.4000,229.7800,6555
2025-01-15,ANX,229.5000,234.4100,229.3600,234.1900,2923
2025-01-16,ANX,236.6700,236.6700,234.5200,234.5200,3186
2025-01-17,ANX,234.0400,238.5800,233.8700,237.1200,3560
2025-01-20,ANX,237.0800,237.2600,235.4300,235.9700,2899
2025-01-21,ANX,235.8500,237.4700,235.0000,235.1800,2509
2025-01-22,ANX,237.6400,239.4700,236.8600,239.4700,1897
2025-01-23,ANX,238.6000,239.0300,237.8400,238.6400,3842
2025-01-24,ANX,237.8000,238.3000,236.7300,236.8700,2610
2025-01-27,ANX,230.6300,230.9600,224.5000,228.9200,13802
2025-01-28,ANX,231.6400,233.0500,230.0000,232.5400,1919
2025-01-29,ANX,235.7000,236.0800,233.4000,233.8500,5298
2025-01-30,ANX,235.6200,236.0800,233.8500,234.1700,2993
2025-01-31,ANX,237.2800,239.5000,237.2400,238.8200,2413
2025-02-03,ANX,234.3800,235.5500,233.5300,235.5500,6857
2025-02-04,ANX,235.1700,236.6100,234.2200,236.5200,3545
2025-02-05,ANX,234.5200,234.9000,233.5900,235.2100,991
2025-02-06,ANX,237.8800,238.7500,237.6600,238.0300,1706
2025-02-07,ANX,238.6900,239.5000,237.4200,237.6800,2071
2025-02-10,ANX,238.6600,240.5500,238.2200,240.4300,1761
2025-02-11,ANX,239.3600,239.5200,238.5000,239.1500,3165
2025-02-12,ANX,238.5100,238.7800,236.1800,237.2900,3503
2025-02-13,ANX,237.8600,239.8300,237.1800,239.3600,3303
2025-02-14,ANX,240.0900,240.0900,238.8700,239.1100,1782
2025-02-17,ANX,241.0300,241.1900,240.6200,240.9200,610
2025-02-18,ANX,241.9900,242.6600,240.5600,240.6600,1622
2025-02-19,ANX,241.9900,242.4700,240.9000,242.3900,3658
2025-02-20,ANX,241.2800,241.6700,238.6500,238.9600,1394
2025-02-21,ANX,240.1600,241.1100,238.6500,239.2500,3501
2025-02-24,ANX,235.6900,236.5100,232.9000,234.3000,4721
2025-02-25,ANX,231.9200,232.1000,227.2000,227.5800,5349
2025-02-26,ANX,230.5500,231.2600,229.7600,231.2600,1735
2025-02-27,ANX,230.6000,232.8900,229.7700,230.4400,4451
2025-02-28,ANX,225.3700,227.0400,224.2000,225.7200,7707
2025-03-03,ANX,229.3500,229.3500,225.6600,226.3100,3174
2025-03-04,ANX,222.0600,222.3300,217.2500,217.9100,7918
2025-03-05,ANX,218.9500,219.2500,213.6000,213.6000,9931
2025-03-06,ANX,216.4900,216.5100,212.9200,214.7600,4509
2025-03-07,ANX,211.7500,212.6500,208.3600,208.3600,13211
2025-03-10,ANX,211.0800,211.1300,205.1000,205.9300,10928
2025-03-11,ANX,203.7400,204.4300,201.1300,202.1500,8358
2025-03-12,ANX,203.3100,206.7700,202.6500,205.5700,14163
2025-03-13,ANX,204.0900,205.6000,202.2600,202.6700,2938
2025-03-14,ANX,203.7400,206.3400,203.2200,205.5000,5310
2025-03-17,ANX,205.3800,207.1800,205.2300,205.3800,4843
2025-03-18,ANX,206.0200,206.3800,202.8900,203.7100,6642
2025-03-19,ANX,203.6800,206.6400,203.6800,206.1200,5078
2025-03-20,ANX,208.0100,209.4900,205.5600,206.7700,8765
2025-03-21,ANX,206.8600,207.2900,204.6300,207.0000,3081
2025-03-24,ANX,210.0700,212.9900,210.0700,212.8100,3833
2025-03-25,ANX,213.0500,213.8900,212.3800,213.3000,3817
2025-03-26,ANX,214.0500,214.4400,211.3200,211.4100,3502
2025-03-27,ANX,210.6900,211.1500,208.7500,210.0700,6310
2025-03-28,ANX,208.1700,209.1600,203.3800,203.5800,4659
2025-03-31,ANX,200.3100,201.1800,198.4700,200.4800,9804
2025-04-01,ANX,203.2600,204.9600,201.7700,204.8800,2361
2025-04-02,ANX,204.9600,204.9600,202.0000,205.0300,610
2025-04-03,ANX,196.0000,197.3400,190.6200,192.8900,6584
2025-04-04,ANX,190.4800,191.7800,182.0000,184.7100,21486
2025-04-07,ANX,169.9000,191.6100,169.9000,179.6000,12696
2025-04-08,ANX,183.5100,190.1300,183.1200,186.6500,18308
2025-04-09,ANX,176.8500,179.5100,172.6100,177.2500,12133
2025-04-10,ANX,197.6200,197.7200,186.5100,186.5100,10718
2025-04-11,ANX,187.0100,187.0100,181.5900,184.1200,6649
2025-04-14,ANX,189.5600,192.3400,188.9500,188.9500,2750
2025-04-15,ANX,189.5900,191.6600,188.6000,190.7600,5697
2025-04-16,ANX,185.1900,188.2100,184.5700,186.4700,4106
2025-04-17,ANX,185.2000,185.8900,182.7000,182.6900,1850
2025-04-22,ANX,178.8000,181.4700,177.9900,181.1300,5754
2025-04-23,ANX,186.4800,190.8300,186.3300,188.9600,5027
2025-04-24,ANX,186.9100,191.6100,185.3300,191.1500,5201
2025-04-25,ANX,194.3900,194.4700,192.0800,193.0200,5738
2025-04-28,ANX,195.2800,195.7700,192.6500,192.7300,3579
2025-04-29,ANX,194.6800,195.2200,192.9300,194.0400,2473
2025-04-30,ANX,195.1900,195.7200,190.9000,194.5900,7558
2025-05-02,ANX,199.7800,201.8500,199.1000,201.8500,9616
2025-05-05,ANX,200.9300,201.4200,199.8300,201.4000,4461
2025-05-06,ANX,199.9500,199.9500,197.7900,199.7700,3187
2025-05-07,ANX,199.8700,200.0100,198.0000,198.1900,2201
2025-05-08,ANX,202.9600,203.9300,201.3500,203.5600,3045
2025-05-09,ANX,204.0400,204.7900,202.0700,203.2200,3951
2025-05-12,ANX,210.8900,215.1200,210.8000,212.3700,4532
2025-05-13,ANX,212.9000,216.5200,212.9000,216.4500,4004
2025-05-14,ANX,216.7300,216.8600,214.8100,216.7400,2190
2025-05-15,ANX,216.1200,217.6600,215.0000,217.6600,1306
2025-05-16,ANX,216.8000,218.5400,216.8000,218.5400,1700
2025-05-19,ANX,215.0500,216.8200,213.1900,216.5000,3173
2025-05-20,ANX,216.2600,217.1100,215.9700,216.3200,1968
2025-05-21,ANX,214.1300,215.9100,212.9500,215.9100,1219
2025-05-22,ANX,212.9600,214.4700,211.9500,214.2400,1448
2025-05-23,ANX,212.8300,212.9300,208.5100,210.4300,7670
2025-05-26,ANX,211.8400,212.7500,211.8400,212.5700,1761
2025-05-27,ANX,212.9000,214.6600,212.7000,214.6600,1570
2025-05-28,ANX,215.8000,216.5900,215.3000,216.3300,1027
2025-05-29,ANX,219.5700,220.4100,214.3600,214.8900,1939
2025-05-30,ANX,214.4000,215.1100,213.0000,213.9300,746
2025-06-02,ANX,212.3900,214.0300,211.4000,212.9700,3823
2025-06-03,ANX,214.0500,217.0100,213.3400,217.0100,4033
2025-06-04,ANX,217.2700,217.7900,216.4300,216.9800,1764
2025-06-05,ANX,217.2900,218.0700,215.6900,218.1700,1230
2025-06-06,ANX,216.1200,218.6600,216.1200,217.9700,2863
2025-06-09,ANX,217.0700,218.6400,216.9000,217.8700,1158
2025-06-10,ANX,218.0500,218.5100,217.4400,217.4400,545
2025-06-11,ANX,218.7500,219.2700,218.2100,218.5000,1150
2025-06-12,ANX,216.4400,216.4400,214.0000,215.8200,1330
2025-06-13,ANX,213.4300,215.5500,213.2600,214.9000,3013
2025-06-16,ANX,214.4600,216.3800,214.2200,216.3800,2366
2025-06-17,ANX,215.6300,216.5600,215.0800,216.2200,2117
2025-06-18,ANX,215.8900,216.8900,215.6200,216.0500,7020
2025-06-19,ANX,215.5200,215.5200,213.4600,213.6600,1070
2025-06-20,ANX,214.9000,216.9600,214.3000,214.3200,930
2025-06-23,ANX,214.3500,215.8400,214.3400,214.8700,1005
2025-06-24,ANX,217.7100,217.7800,216.9300,217.5300,2193
2025-06-25,ANX,218.3600,219.6000,218.2000,218.2000,808
2025-06-26,ANX,217.8200,218.4000,217.2000,218.1600,5443
2025-06-27,ANX,219.2800,220.1300,218.9300,220.1200,4072
2025-06-30,ANX,220.4700,220.9100,219.7600,219.6800,1267
2025-07-01,ANX,219.6900,219.6900,217.4800,217.9100,2202
2025-07-02,ANX,218.7300,219.6000,217.3500,219.0100,1211
2025-07-03,ANX,219.4500,222.0000,219.4500,221.8700,917
2025-07-04,ANX,221.0100,221.0100,220.1200,220.2300,844
2025-07-07,ANX,220.9200,221.9200,220.9000,220.9600,886
2025-07-08,ANX,220.7700,221.7100,220.7700,221.3200,1757
2025-07-09,ANX,221.0900,223.0300,221.0900,222.1500,885
2025-07-10,ANX,222.0400,223.1100,222.0400,222.9600,1340
2025-07-11,ANX,222.7000,222.9600,221.6500,222.2000,596
2025-07-14,ANX,221.9400,222.9600,221.3200,222.8100,1609
2025-07-15,ANX,224.5900,226.1800,224.3700,226.1800,1440
2025-07-16,ANX,223.7700,225.6700,221.5000,221.5000,4165
2025-07-17,ANX,226.4800,227.2000,225.6900,226.9800,3533
2025-07-18,ANX,227.0000,227.0400,225.7400,225.8900,1217
2025-07-21,ANX,226.7300,227.2900,226.1900,226.4700,2111
2025-07-22,ANX,226.2100,226.6300,224.1100,224.5000,8129
2025-07-23,ANX,224.7700,225.0800,223.8000,224.4400,1639
2025-07-24,ANX,225.3200,225.9500,224.6100,225.2400,15846
2025-07-25,ANX,225.6300,226.6400,225.4900,226.5500,1611
2025-07-28,ANX,228.2300,229.5300,228.2300,229.2600,2980
2025-07-29,ANX,231.5400,232.7600,230.9700,230.9700,4905
2025-07-30,ANX,230.4500,232.6800,230.4500,232.2900,1411
2025-07-31,ANX,235.8400,236.6400,233.3200,233.6500,2414
2025-08-01,ANX,231.1800,231.1800,223.5600,225.3300,4489
2025-08-04,ANX,225.7200,228.3300,225.7000,227.9300,1014
2025-08-05,ANX,229.7900,230.3200,227.3200,227.3300,1753
2025-08-06,ANX,227.8300,227.9100,226.7200,227.8200,436
2025-08-07,ANX,228.5500,231.0000,228.5500,229.8000,786
2025-08-08,ANX,229.6400,231.0000,229.4900,230.3600,2311
2025-08-11,ANX,231.6700,232.9400,231.1300,232.5500,496
2025-08-12,ANX,231.5100,232.7500,230.7900,232.0300,6544
2025-08-13,ANX,232.9500,233.9100,232.1800,232.1800,1369
2025-08-14,ANX,232.8400,233.8700,232.0500,233.2100,1108
2025-08-18,ANX,231.5600,232.0700,231.4300,231.5100,903
2025-08-19,ANX,231.5500,231.7600,229.6700,230.0200,440
2025-08-20,ANX,228.7300,229.0700,224.6900,226.9000,1238
2025-08-21,ANX,228.5700,228.5800,227.0100,228.2200,365
2025-08-22,ANX,227.4400,229.7900,227.4400,229.5600,648
2025-08-25,ANX,228.6700,229.9700,228.0900,229.9700,2310
2025-08-26,ANX,229.8200,230.0200,229.1500,229.7900,645
2025-08-27,ANX,231.2900,232.2000,231.1200,231.5200,761
2025-08-28,ANX,231.1400,231.8300,230.5000,231.4200,180
2025-08-29,ANX,231.8100,231.8100,228.2600,228.5400,5932
2025-09-01,ANX,228.1000,228.9600,228.0000,228.9600,574
2025-09-02,ANX,228.3700,228.4300,225.8200,225.8200,992
2025-09-03,ANX,229.0000,229.6400,228.6900,228.6900,2920
2025-09-04,ANX,229.7300,230.5600,229.7300,230.4800,1185
2025-09-05,ANX,232.1900,232.5000,228.9700,229.5000,2666
2025-09-08,ANX,230.9600,231.8300,230.9600,231.8300,3373
2025-09-09,ANX,231.1900,231.6500,231.1900,231.4200,1474
2025-09-10,ANX,233.6100,234.0200,232.8500,232.9100,2984
2025-09-11,ANX,233.4600,234.2200,232.7000,233.7200,1040
2025-09-12,ANX,233.5800,234.6000,233.3400,234.6400,1293
2025-09-15,ANX,235.2100,235.6400,234.0800,235.4400,3673
2025-09-16,ANX,235.7200,236.2200,234.1700,234.1200,1247
2025-09-17,ANX,234.1500,234.4000,232.9500,233.0600,416
2025-09-18,ANX,236.1700,238.0900,235.4800,237.8200,3466
2025-09-19,ANX,237.1900,238.5700,237.0000,238.1600,3319
2025-09-22,ANX,239.0400,239.6000,237.9300,239.4700,10582
2025-09-23,ANX,239.9500,240.1500,239.1700,239.6200,896
2025-09-24,ANX,238.6200,240.0000,238.5000,239.0000,925
2025-09-25,ANX,238.1800,238.8300,236.8000,238.4500,1082
2025-09-26,ANX,238.7900,239.9000,237.7800,238.2500,4804
2025-09-29,ANX,239.9000,240.8800,239.7000,239.9600,728
2025-09-30,ANX,239.3000,239.7700,238.7800,239.3300,2399
2025-10-01,ANX,237.2700,240.6500,237.1500,240.6500,1589
2025-10-02,ANX,241.8200,243.0000,241.5900,242.4800,953
2025-10-03,ANX,243.4000,243.4700,241.7700,242.5600,3153
2025-10-06,ANX,243.0800,244.7200,242.7500,243.5100,3338
2025-10-07,ANX,243.9900,245.5900,243.5100,243.5100,714
2025-10-08,ANX,244.4200,246.4500,244.0500,246.4500,1493
2025-10-09,ANX,247.3700,247.6400,246.9000,247.5300,2667
2025-10-10,ANX,248.0900,248.6000,241.6100,241.6100,3284
2025-10-13,ANX,242.6700,244.3000,242.6400,244.0100,4098
2025-10-14,ANX,241.9700,242.3700,239.4300,241.8300,3158
2025-10-15,ANX,242.7400,245.2200,242.6800,243.8100,2722
2025-10-16,ANX,243.7400,244.5000,242.9700,243.6500,1141
2025-10-17,ANX,238.0900,242.4900,236.9700,240.7400,2834
2025-10-20,ANX,244.5400,246.6300,244.0000,246.4600,1878
2025-10-21,ANX,246.7300,247.3800,246.4600,247.0300,2365
2025-10-22,ANX,247.4400,247.7300,245.4200,244.7400,2216
2025-10-23,ANX,245.8800,246.6100,244.2800,246.6100,2537
2025-10-27,ANX,252.1100,253.0700,251.8400,252.8800,1790
2025-10-28,ANX,253.1000,254.7400,252.8600,254.2500,6697
2025-10-29,ANX,257.0000,257.0000,255.5300,255.8300,2866
2025-10-30,ANX,257.1000,257.2700,255.0100,256.3900,2025
2025-10-31,ANX,257.6800,258.3800,256.3200,256.4000,2447
2025-11-03,ANX,256.6000,259.3000,256.6000,257.2100,3221
2025-11-04,ANX,254.1300,256.3000,253.5900,254.9700,3028
2025-11-05,ANX,252.1400,255.0200,251.8000,254.9500,4308
2025-11-06,ANX,253.2300,254.5800,249.2500,249.3400,2385
2025-11-07,ANX,249.9500,250.0900,243.4600,243.5600,5494
2025-11-10,ANX,250.6800,252.4500,250.3000,251.0300,1566
2025-11-11,ANX,252.7100,252.7100,250.2600,250.3900,3381
2025-11-12,ANX,253.2300,253.8300,250.6500,251.1100,5284
2025-11-13,ANX,251.6400,251.8000,246.4400,246.6600,7424
2025-11-14,ANX,244.7200,247.5600,240.9600,247.0700,9085
2025-11-17,ANX,248.3500,248.5500,245.2100,246.1500,5273
2025-11-18,ANX,242.9500,244.0800,239.8800,242.4300,7101
2025-11-19,ANX,241.8300,246.0200,241.7100,243.9100,3983
2025-11-20,ANX,248.6100,249.7700,245.6000,245.6000,4795
2025-11-21,ANX,238.0600,240.1500,236.7300,239.3200,11644
2025-11-24,ANX,242.1400,246.0600,240.9400,245.8400,4023
2025-11-25,ANX,246.5500,246.5700,243.4000,245.2000,5975
2025-11-26,ANX,248.3100,249.0900,247.4000,249.0700,4237
2025-11-27,ANX,249.1300,249.3000,248.8000,248.7600,1143
2025-11-28,ANX,250.0000,250.3800,249.6200,249.7000,11744
2025-12-01,ANX,248.4400,249.2400,247.1100,249.2400,15766
2025-12-02,ANX,249.0100,252.3100,249.0100,250.2600,4792
2025-12-03,ANX,251.4800,251.4800,248.7600,250.5100,4614
2025-12-04,ANX,250.9000,251.5200,249.6400,250.4400,7564
2025-12-05,ANX,251.8700,253.0000,251.4900,251.9700,4924
2025-12-08,ANX,252.5900,252.9500,251.9100,251.9100,1758
2025-12-09,ANX,252.2600,252.2600,251.0000,252.0700,5202
2025-12-10,ANX,252.2300,252.4300,251.1500,251.4900,512
2025-12-11,ANX,249.2000,250.4500,247.3800,247.9000,7081
2025-12-12,ANX,249.8800,249.8800,244.8000,245.1900,2895
2025-12-15,ANX,246.1100,246.8400,244.0900,244.9000,396
2025-12-16,ANX,241.9400,243.7400,241.9400,243.0000,1270
2025-12-17,ANX,245.5300,246.4000,241.0300,241.0300,4410
2025-12-18,ANX,241.5400,245.1300,241.4600,244.9900,2653
2025-12-19,ANX,245.3700,247.1100,244.6700,247.0500,3950
2025-12-22,ANX,248.2800,248.4400,247.2600,247.7100,1220
2025-12-23,ANX,247.1400,247.8200,246.2800,247.8200,504
2025-12-29,ANX,248.2200,248.6500,247.4800,247.9800,3620
2025-12-30,ANX,247.9200,248.4500,247.7200,248.4500,1021
2026-01-02,ANX,248.1200,249.2500,244.9700,245.6200,930
2026-01-05,ANX,247.5700,249.2000,247.5700,248.7900,3845
2026-01-06,ANX,248.1100,249.9000,248.1100,249.5100,1024
2026-01-07,ANX,250.4700,251.9400,250.1400,251.6700,1766
2026-01-08,ANX,250.5900,251.3200,249.6000,249.6700,495
2026-01-09,ANX,250.5100,252.6500,250.4200,252.5100,1905
2026-01-12,ANX,250.2900,252.4800,249.3100,252.4800,1621
2026-01-13,ANX,252.4800,253.1300,252.0400,253.1300,534
2026-01-14,ANX,252.4000,252.4100,248.4100,249.3700,1199
2026-01-15,ANX,251.0400,253.9900,251.0400,253.5000,3618
2026-01-16,ANX,252.9800,253.3000,251.4000,252.0500,681
2026-01-19,ANX,248.0500,248.3500,246.6500,247.2900,1053
2026-01-20,ANX,245.6200,246.1700,243.4100,246.1500,6350
2026-01-21,ANX,244.7200,247.5000,242.7300,246.7700,2042
2026-01-22,ANX,249.1600,250.1100,247.9700,248.5100,1714
2026-01-23,ANX,248.9000,249.1100,247.7500,249.1100,478
2026-01-26,ANX,246.8600,248.0000,245.7800,247.9700,692
2026-01-27,ANX,249.3900,249.3900,247.3600,247.7900,1833
2026-01-28,ANX,249.7600,250.3200,249.1800,249.4200,3273
2026-01-29,ANX,249.4200,249.7100,244.5800,244.7600,4000
2026-01-30,ANX,245.3000,247.9700,245.3000,247.3000,5424
2026-02-02,ANX,243.6200,249.6600,243.4900,249.6600,11586
2026-02-03,ANX,250.6300,250.8800,245.8400,246.0900,1949
2026-02-04,ANX,245.1700,245.6900,241.9100,241.9100,8072
2026-02-05,ANX,241.8600,242.3600,236.9800,239.4000,2562
2026-02-06,ANX,236.8600,241.4000,236.8600,241.4000,1977
2026-02-09,ANX,242.0400,242.8900,238.8500,242.8900,1765
2026-02-10,ANX,242.4000,243.2500,241.6300,242.6800,5380
2026-02-11,ANX,241.6700,244.2800,241.0100,241.8500,6064
2026-02-12,ANX,243.4400,243.4400,238.6800,238.7300,2017
2026-02-13,ANX,237.9900,239.3100,236.4100,238.6600,14846
2026-02-16,ANX,238.7900,239.4000,237.5300,237.7200,791
2026-02-17,ANX,237.6500,238.3600,236.7000,238.4600,1333
2026-02-18,ANX,239.6000,242.2900,239.2100,242.2300,963
2026-02-19,ANX,241.8900,242.1800,240.4600,241.2300,439
2026-02-20,ANX,242.0100,243.0500,240.0000,242.3900,4202
2026-02-23,ANX,240.3600,242.1900,239.2300,239.5400,2308
2026-02-24,ANX,240.3300,242.5400,239.7400,242.1500,1981
2026-02-25,ANX,242.3400,245.4400,242.3400,244.6500,9069
2026-02-26,ANX,245.1400,245.6900,241.3700,242.6300,1785
2026-02-27,ANX,242.3100,242.7300,240.3300,241.4900,5085
2026-03-02,ANX,239.0000,244.3300,238.8600,243.3600,4221
2026-03-03,ANX,242.0800,242.6700,240.3300,242.6700,13083
2026-03-04,ANX,242.5300,246.6800,242.5300,246.5700,2478
2026-03-05,ANX,246.6300,247.9600,246.0800,246.9400,5129
2026-03-09,ANX,240.0000,243.3800,239.9300,243.3800,10687
2026-03-10,ANX,245.9300,247.0300,244.7100,246.6700,4287
2026-03-11,ANX,246.0800,247.4800,245.8600,246.8500,1961
2026-03-12,ANX,246.4000,246.5000,244.1000,244.8600,990
2026-03-13,ANX,244.2300,246.6700,244.0400,244.5400,16280
2026-03-16,ANX,245.5400,246.1300,244.8600,245.4300,2078
2026-03-17,ANX,244.6800,246.8100,244.0800,245.9700,337
2026-03-18,ANX,247.6200,247.7100,244.8600,244.8600,126
2026-03-19,ANX,243.3800,243.4400,240.4800,240.4800,336
2026-03-20,ANX,241.0100,241.3000,238.3800,238.3800,2622
2026-03-23,ANX,234.9000,241.7900,234.7700,238.7000,2263
2026-03-24,ANX,239.3800,239.3800,237.0000,237.8800,803
2026-03-25,ANX,239.5900,239.9200,238.9200,239.5500,1906
2026-03-26,ANX,238.4600,238.4600,236.2500,236.2500,144
2026-03-27,ANX,235.3300,235.3300,231.0000,231.4000,429
2026-03-30,ANX,230.6900,232.4500,230.6900,231.8900,1328
2026-03-31,ANX,230.5400,232.0400,230.2000,231.6000,5562
2026-04-01,ANX,236.9500,237.6900,235.4600,237.6900,2964
2026-04-02,ANX,234.7700,238.5700,233.7000,237.9600,1615
2026-04-07,ANX,238.7800,240.1200,235.6600,236.4600,2923
2026-04-08,ANX,244.5200,245.5800,242.6500,243.6200,1806
2026-04-09,ANX,244.0000,244.0800,243.1900,244.0800,2596
2026-04-10,ANX,245.6400,246.0000,245.2100,245.7200,765
2026-04-13,ANX,244.4800,246.1500,244.1800,245.9800,1067
2026-04-14,ANX,247.1700,249.1800,247.1700,249.1800,998
2026-04-15,ANX,250.8200,252.4600,250.6000,252.4400,3555
2026-04-16,ANX,255.2500,256.1000,254.3200,256.1000,1828
2026-04-17,ANX,255.8000,258.8900,255.8000,258.8900,3465
2026-04-20,ANX,258.2100,259.1700,257.2500,257.5000,1196
2026-04-21,ANX,259.1600,260.1700,258.2000,258.9500,2056
2026-04-22,ANX,259.9200,262.2200,259.7200,262.2200,3069
2026-04-23,ANX,262.6100,264.0000,262.1000,264.0000,2687
2026-04-24,ANX,264.3000,265.9000,263.8400,265.9000,717
2026-04-27,ANX,266.4800,266.6500,264.8100,265.6200,2565
2026-04-28,ANX,266.3200,266.3500,262.7900,262.7900,7050
2026-04-29,ANX,265.5300,266.1600,264.6500,265.7600,1233
2026-04-30,ANX,266.6800,268.3000,264.5000,266.2500,497
2026-05-04,ANX,271.1500,272.0700,269.9300,270.3800,4749
2026-05-05,ANX,272.0900,274.1700,272.0400,273.8000,1057
2026-05-06,ANX,275.4500,277.4000,275.1000,277.2100,2004
2026-05-07,ANX,278.6700,280.1200,278.0000,279.8500,2364
2026-05-08,ANX,279.9400,282.8300,279.5500,282.8300,1704
2026-05-11,ANX,284.2500,284.9700,283.5000,284.8600,3430
2026-05-12,ANX,283.6400,284.7000,280.7100,281.1200,3220
2026-05-13,ANX,285.2100,286.9200,283.2700,285.4700,2571
2026-05-14,ANX,288.4000,290.6100,287.4000,290.5100,1859
2026-05-15,ANX,288.4200,288.7900,286.0000,287.9400,3070
2026-05-18,ANX,285.7400,288.0000,284.0000,284.4600,2744
2026-05-19,ANX,284.5300,285.4400,282.1500,283.3700,1769
2026-05-20,ANX,285.7200,287.8200,285.7000,287.6600,1371
2026-05-21,ANX,288.0300,289.0500,287.2200,287.7500,4847
2026-05-22,ANX,290.8100,292.3200,289.9300,292.4700,1623
2026-05-25,ANX,294.1300,294.3600,293.5500,293.8100,1545
2026-05-26,ANX,292.8400,295.7000,292.1300,294.8400,2270
2026-05-27,ANX,295.3100,297.6800,293.4200,294.1900,2158
2026-05-28,ANX,294.5300,296.7900,294.0700,296.7900,1932
2026-05-29,ANX,297.6200,299.5100,297.2600,297.5500,1739
2026-06-01,ANX,299.7600,300.1900,298.0000,300.1900,1450
2026-06-02,ANX,299.6400,301.3900,299.0000,301.3200,401
2026-06-03,ANX,302.1500,303.2600,301.7200,302.1500,1332
2026-06-04,ANX,300.7500,300.8600,296.5200,299.3300,1197
2026-06-05,ANX,296.3400,297.0300,294.2200,294.2200,4459
2026-06-08,ANX,289.1900,294.1900,288.9800,293.3600,2674
2026-06-09,ANX,294.0600,294.5600,285.7900,285.7900,1341
2026-06-10,ANX,286.9500,289.0900,283.8000,285.1900,5613
2026-06-11,ANX,285.4700,288.4600,284.1100,285.7000,1598
2026-06-12,ANX,290.1200,293.8400,289.9600,293.5000,2775
2026-06-15,ANX,298.2300,301.2100,298.0000,301.2100,2427
2026-06-16,ANX,301.6500,302.6000,298.0000,298.4000,3442
2026-06-17,ANX,298.5000,298.6000,296.7500,297.3000,4458
2026-06-18,ANX,299.5500,302.4500,299.2000,302.0500,2732
2026-06-19,ANX,302.6000,303.4500,302.1000,303.1500,588
2026-06-22,ANX,304.2500,306.9000,303.1000,303.1000,3264
2026-06-23,ANX,297.3000,298.9500,295.0000,296.3500,2881
2026-06-24,ANX,297.5000,298.6500,295.5000,297.2500,4300
2026-06-25,ANX,300.8500,301.8000,293.1000,295.3000,4953
2026-06-26,ANX,293.9000,294.6500,289.9500,294.3000,3639
2026-06-29,ANX,294.5500,296.6500,291.4000,295.5500,3676
2026-06-30,ANX,300.1500,302.8000,298.8500,302.4500,1694
2026-07-01,ANX,302.5000,303.3000,300.3000,302.6500,4665
2026-07-02,ANX,298.3500,300.8000,294.2000,295.6500,4672
2026-07-03,ANX,296.1500,297.5000,295.9500,296.9000,670
2026-07-06,ANX,296.9000,298.9500,296.5000,298.9500,1343
2026-07-07,ANX,295.6000,295.8000,290.7000,291.5000,1670
2026-07-08,ANX,291.7500,292.8500,288.3000,290.2500,2591
2026-07-09,ANX,294.6500,297.4000,294.6500,297.0500,1570
2026-07-10,ANX,296.6000,298.3500,295.0500,298.1500,1079
2026-07-13,ANX,295.8000,296.5000,294.3000,296.5000,1629
2026-07-14,ANX,295.5000,296.6000,294.0000,296.6000,2441
2026-07-15,ANX,299.0000,299.0000,294.0000,294.8000,1591
2026-07-16,ANX,294.4500,294.4500,291.0000,292.6500,791
2026-07-17,ANX,286.0000,287.4500,283.4000,286.0500,1767
2026-07-20,ANX,287.0000,290.6500,287.0000,289.6500,791
2026-07-21,ANX,290.5500,291.7500,290.0000,292.5000,754
2026-07-22,ANX,290.4500,292.5000,290.0500,292.5000,383
2026-07-23,ANX,289.9000,290.1500,285.3500,285.7000,2886
2026-07-24,ANX,286.0500,287.1000,283.3500,285.3000,361
2026-07-27,ANX,287.0000,287.5000,280.2000,280.7500,1090
2026-07-28,ANX,280.3000,280.9000,277.0000,279.7500,570
2026-07-29,ANX,279.3000,280.3000,276.0000,276.0000,10618
2026-07-30,ANX,274.1500,279.1500,272.5500,278.1500,6043
2026-07-31,ANX,282.0500,285.1500,279.0000,279.7000,2329
2026-08-03,ANX,282.8500,285.4500,280.5500,285.2500,1365
2026-08-04,ANX,288.5000,293.8500,287.7500,293.5500,5983
2026-08-05,ANX,296.2000,297.2500,294.5000,294.7500,4303
2026-08-06,ANX,291.9000,293.7000,289.6000,292.9500,1413
2026-08-07,ANX,292.8500,294.7500,292.8500,294.7500,773
2026-08-10,ANX,295.6000,296.0000,293.8500,294.2000,438
2026-08-11,ANX,294.5500,295.4500,293.0000,293.5500,2930
2026-08-12,ANX,294.4000,296.2000,294.1000,295.2000,3006
2026-08-13,ANX,296.1500,299.1000,295.2500,298.5000,9492
2026-08-14,ANX,298.5500,299.0500,297.2000,296.5500,1633
2026-08-17,ANX,298.4500,298.5500,297.2000,298.2500,7903
2026-08-18,ANX,294.9500,294.9500,291.2000,291.9500,1392
2026-08-19,ANX,291.1500,291.7500,288.0000,289.7000,402
2026-08-20,ANX,290.0000,290.2500,286.3000,286.6000,497
2026-08-21,ANX,287.4500,288.2500,286.2000,287.7000,919
2026-08-24,ANX,285.5500,286.6500,283.8500,285.4000,624
2026-08-25,ANX,287.0500,288.1500,286.3000,286.7500,720
2026-08-26,ANX,286.6500,287.3500,285.8000,286.9000,948
2026-08-27,ANX,289.5000,291.1000,289.5000,290.3000,510
2026-08-28,ANX,291.0500,293.4500,290.6000,293.4000,1045
2026-08-31,ANX,291.2500,291.2500,289.5000,289.5500,1223
2026-09-01,ANX,291.2500,291.5000,286.9500,288.6000,5850
2026-09-02,ANX,287.8000,288.3000,286.2500,288.1500,1177
2026-09-03,ANX,287.8000,290.8500,287.0000,290.8500,550
2026-09-04,ANX,291.4500,292.5500,290.6500,290.6500,2084
2026-09-07,ANX,292.4000,292.5000,291.0000,291.3500,2334
2026-09-08,ANX,291.7500,292.0000,290.2500,291.4000,1356
2024-09-09,BNK,31.2450,31.5150,31.2450,31.4350,34663
2024-09-10,BNK,31.5600,31.5950,31.0000,31.0000,22897
2024-09-11,BNK,31.2200,31.2700,30.7400,31.0100,88083
2024-09-12,BNK,31.4500,31.5900,31.3100,31.4300,19232
2024-09-13,BNK,31.5150,31.7000,31.4650,31.6550,20817
2024-09-16,BNK,31.5850,31.6850,31.4900,31.6650,3516
2024-09-17,BNK,31.9500,32.1200,31.8850,31.9600,20283
2024-09-18,BNK,32.0400,32.0700,31.9150,31.9400,11273
2024-09-19,BNK,32.1600,32.4450,32.1550,32.4450,9869
2024-09-20,BNK,32.3500,32.5450,32.2150,32.3000,20498
2024-09-23,BNK,32.1450,32.1750,31.8350,31.9950,68252
2024-09-24,BNK,32.1950,32.4950,32.1650,32.2500,28333
2024-09-25,BNK,32.0650,32.3100,31.9350,32.0100,34782
2024-09-26,BNK,32.3700,32.8100,32.3700,32.7750,29988
2024-09-27,BNK,32.7200,32.8050,32.6250,32.7900,14485
2024-09-30,BNK,32.5750,32.6500,32.2450,32.3500,13426
2024-10-01,BNK,32.4000,32.4000,31.4000,31.5850,55914
2024-10-02,BNK,31.6100,31.8150,31.4850,31.6650,24082
2024-10-03,BNK,31.5900,31.5900,31.3100,31.4250,17604
2024-10-04,BNK,31.6150,32.1500,31.6050,31.9800,20789
2024-10-07,BNK,32.1850,32.3650,32.0300,32.3050,9366
2024-10-08,BNK,32.0000,32.1550,31.9600,32.0450,15057
2024-10-09,BNK,31.7800,32.0850,31.7800,32.1100,41667
2024-10-10,BNK,32.3300,32.3300,32.1450,32.2600,23868
2024-10-11,BNK,32.2150,32.4650,32.2050,32.4600,87386
2024-10-14,BNK,32.4800,32.5400,32.3200,32.5450,16381
2024-10-15,BNK,32.6100,32.6450,32.4100,32.6400,49701
2024-10-16,BNK,32.6400,32.6400,32.3000,32.5850,25022
2024-10-17,BNK,32.7600,33.0450,32.7600,32.9100,10712
2024-10-18,BNK,32.8200,33.2250,32.8200,33.0650,57467
2024-10-21,BNK,32.9750,33.0050,32.7650,32.7550,9612
2024-10-22,BNK,32.6850,32.8250,32.4600,32.8650,9951
2024-10-23,BNK,32.8550,32.8700,32.7650,32.7650,11759
2024-10-24,BNK,32.8700,32.9600,32.6550,32.6550,22770
2024-10-25,BNK,32.7800,32.9650,32.5500,32.5500,4268
2024-10-28,BNK,32.7550,32.8350,32.4400,32.8200,23856
2024-10-29,BNK,33.0350,33.1800,32.8800,32.8850,9783
2024-10-30,BNK,32.7900,32.8000,32.4700,32.6550,18550
2024-10-31,BNK,32.4750,32.8500,32.4750,32.6350,25393
2024-11-01,BNK,32.7950,33.2600,32.7950,33.2100,8864
2024-11-04,BNK,33.3050,33.5350,33.3000,33.4250,11361
2024-11-05,BNK,33.3550,33.6050,33.3550,33.5550,8222
2024-11-06,BNK,33.9000,33.9100,33.0600,33.1450,45523
2024-11-07,BNK,33.5000,33.5000,33.1800,33.1800,6886
2024-11-08,BNK,33.0250,33.0250,32.6200,32.7100,26374
2024-11-11,BNK,33.0500,33.3200,32.9750,33.2600,8262
2024-11-12,BNK,33.0400,33.0800,32.5950,32.5950,14369
2024-11-13,BNK,32.7050,32.8550,32.4800,32.6150,21447
2024-11-14,BNK,32.8200,33.0800,32.7950,33.0550,14038
2024-11-15,BNK,33.0600,33.3600,33.0600,33.3050,8331
2024-11-18,BNK,33.3900,33.4950,33.3000,33.4800,34825
2024-11-19,BNK,33.5850,33.6150,32.5500,33.0300,34098
2024-11-20,BNK,33.2500,33.2850,33.0250,32.9850,15757
2024-11-21,BNK,32.9900,33.0850,32.6850,33.0850,24924
2024-11-22,BNK,33.2400,33.2400,32.1850,32.6250,52086
2024-11-25,BNK,32.7550,32.7550,32.3850,32.6100,18892
2024-11-26,BNK,32.2550,32.5000,32.2550,32.3050,15815
2024-11-27,BNK,32.1350,32.1350,31.9950,32.2400,24126
2024-11-28,BNK,32.4750,32.5800,32.4200,32.5500,22567
2024-11-29,BNK,32.4850,32.6650,32.3350,32.6650,64374
2024-12-02,BNK,32.5100,32.8950,32.5100,32.7800,56932
2024-12-03,BNK,32.9750,33.2600,32.9750,33.0400,21769
2024-12-04,BNK,33.2350,33.3750,33.1700,33.2100,5953
2024-12-05,BNK,33.3650,34.0000,33.3650,34.0000,75780
2024-12-06,BNK,33.9200,34.1350,33.7550,33.8200,26181
2024-12-09,BNK,34.1300,34.1300,33.9650,34.0250,19254
2024-12-10,BNK,33.9600,34.1350,33.9600,34.0200,11635
2024-12-11,BNK,34.0400,34.2500,34.0150,34.0800,33377
2024-12-12,BNK,34.2000,34.2900,34.1550,34.1550,3096
2024-12-13,BNK,34.3150,34.3150,34.1550,34.2250,9293
2024-12-16,BNK,34.3100,34.4250,34.2350,34.2950,17761
2024-12-17,BNK,34.2100,34.2300,33.8100,33.7950,37218
2024-12-18,BNK,33.7800,34.2000,33.7450,34.0600,16462
2024-12-19,BNK,33.5250,33.7400,33.5250,33.6850,11247
2024-12-20,BNK,33.3950,33.4050,32.9850,33.3850,21449
2024-12-23,BNK,33.5600,33.5600,33.3250,33.4400,2199
2024-12-27,BNK,33.6200,33.8800,33.6200,33.8800,2670
2024-12-30,BNK,33.9250,34.0250,33.9000,33.9550,1150
2025-01-02,BNK,34.2000,34.2000,33.3000,34.0850,2855
2025-01-03,BNK,34.0800,34.1750,33.9600,34.0100,5943
2025-01-06,BNK,34.2600,34.6550,34.1200,34.6550,22041
2025-01-07,BNK,34.4850,34.6750,34.1700,34.5250,36819
2025-01-08,BNK,34.7450,34.9950,34.4200,34.6500,7360
2025-01-09,BNK,34.2800,34.7600,34.2100,34.7550,77599
2025-01-10,BNK,34.6850,34.8250,34.5350,34.5900,24078
2025-01-13,BNK,34.5950,34.7200,34.3300,34.7800,16235
2025-01-14,BNK,35.0550,35.2300,35.0550,35.1600,48144
2025-01-15,BNK,35.4100,35.8850,35.3050,35.7750,54286
2025-01-16,BNK,35.9900,36.0450,35.7750,35.8550,11411
2025-01-17,BNK,35.9600,36.1900,35.9300,36.1000,8362
2025-01-20,BNK,36.2050,36.4700,36.2050,36.3700,10915
2025-01-21,BNK,36.4450,36.5100,36.3550,36.4900,7883
2025-01-22,BNK,36.4800,36.6250,36.2600,36.2900,2217
2025-01-23,BNK,36.4000,36.9650,36.4000,36.9650,36067
2025-01-24,BNK,37.0500,37.0900,36.7600,36.8350,38696
2025-01-27,BNK,36.7500,36.9800,36.6800,36.8850,17441
2025-01-28,BNK,36.8750,37.1150,36.7900,37.0300,6056
2025-01-29,BNK,37.1500,37.5050,37.0500,37.4950,14693
2025-01-30,BNK,37.6000,37.6000,37.3000,37.5350,17061
2025-01-31,BNK,37.6150,37.6600,37.3700,37.3850,28294
2025-02-03,BNK,36.7100,36.9400,36.4050,36.8050,57199
2025-02-04,BNK,37.0600,37.1300,36.6750,37.2200,22242
2025-02-05,BNK,37.4800,37.5000,37.1850,37.3450,41621
2025-02-06,BNK,37.6400,38.6500,37.6400,38.6500,18847
2025-02-07,BNK,38.7350,38.8150,38.5400,38.7350,156707
2025-02-10,BNK,38.8350,38.9050,38.7000,38.7100,35620
2025-02-11,BNK,38.7550,39.2100,38.7100,39.2100,58000
2025-02-12,BNK,39.3500,39.6500,39.2550,39.5700,8689
2025-02-13,BNK,39.4950,39.5150,39.1800,39.3300,30335
2025-02-14,BNK,39.2650,39.5300,39.2150,39.4100,4852
2025-02-17,BNK,39.8400,40.1050,39.8100,39.8750,16350
2025-02-18,BNK,40.1000,40.6000,40.1000,40.5750,11695
2025-02-19,BNK,40.7250,40.7250,40.1500,40.1700,9003
2025-02-20,BNK,40.2700,40.4100,40.0050,40.0250,12864
2025-02-21,BNK,40.1400,40.5650,40.1400,40.5650,21765
2025-02-24,BNK,40.4000,40.6550,40.1700,40.4650,11618
2025-02-25,BNK,40.6800,41.4050,40.6800,41.0600,28120
2025-02-26,BNK,41.4700,42.1000,41.3750,42.0950,19699
2025-02-27,BNK,41.9100,42.1650,41.7700,42.0550,21843
2025-02-28,BNK,41.7800,42.2050,41.7100,42.2050,9065
2025-03-03,BNK,42.3050,42.9700,41.8500,42.7500,24543
2025-03-04,BNK,42.3850,42.3850,40.9700,41.1000,48330
2025-03-05,BNK,42.1550,42.8600,42.1550,42.5950,260796
2025-03-06,BNK,43.1400,43.4050,42.6650,43.2450,57844
2025-03-07,BNK,42.6900,43.2400,42.6350,42.9200,55613
2025-03-10,BNK,42.9750,42.9750,41.5200,41.6800,41151
2025-03-11,BNK,41.4650,41.6500,40.6600,40.9850,48543
2025-03-12,BNK,41.5150,41.9300,41.4850,41.9050,18622
2025-03-13,BNK,41.5650,41.9550,41.4200,41.5800,58598
2025-03-14,BNK,41.3900,42.6500,41.3400,42.4700,133516
2025-03-17,BNK,42.4900,42.9400,42.4700,42.8850,21050
2025-03-18,BNK,43.0700,43.8300,43.0600,43.8300,32402
2025-03-19,BNK,43.6650,43.9050,43.6000,43.8600,11230
2025-03-20,BNK,43.8300,43.8300,42.7250,43.0750,89505
2025-03-21,BNK,43.0550,43.1400,42.5700,43.0600,19405
2025-03-24,BNK,43.5800,43.7200,43.3650,43.4200,10445
2025-03-25,BNK,43.7200,44.1450,43.6700,44.1450,20010
2025-03-26,BNK,44.0250,44.1350,43.6450,43.8650,40792
2025-03-27,BNK,43.2400,43.8600,43.2400,43.6350,28696
2025-03-28,BNK,43.1800,43.2300,42.6750,42.7750,24421
2025-03-31,BNK,42.2950,42.2950,41.6550,42.0200,40836
2025-04-01,BNK,42.4300,42.6750,42.2500,42.6050,76424
2025-04-02,BNK,42.4600,42.5850,42.0750,42.5850,9045
2025-04-03,BNK,41.1050,41.3800,40.1350,40.1500,18974
2025-04-04,BNK,39.1850,39.1900,36.1550,36.9850,113101
2025-04-07,BNK,35.7250,36.2550,33.8150,35.5050,165122
2025-04-08,BNK,36.3950,36.9650,35.4650,36.5050,49798
2025-04-09,BNK,35.3750,35.9300,34.7750,35.3350,225606
2025-04-10,BNK,39.8200,39.8200,37.3950,37.3250,37197
2025-04-11,BNK,37.4800,37.6050,36.5100,37.1450,61396
2025-04-14,BNK,38.1400,38.5750,38.0500,38.5000,23659
2025-04-15,BNK,38.9900,39.7050,38.8100,39.6900,21614
2025-04-16,BNK,39.4650,39.7050,39.0950,39.7650,47424
2025-04-17,BNK,39.8450,39.8600,39.3700,39.5700,9403
2025-04-22,BNK,39.6000,39.9000,39.6000,39.9150,2165
2025-04-23,BNK,40.9200,41.5950,40.7950,41.4700,55623
2025-04-24,BNK,41.2600,41.2650,40.9700,41.1000,47118
2025-04-25,BNK,41.4700,41.5750,41.1950,41.5700,74772
2025-04-28,BNK,41.9450,42.1450,41.8600,41.9650,35703
2025-04-29,BNK,42.3750,42.7200,42.3000,42.5550,7250
2025-04-30,BNK,42.7900,42.7900,41.1650,41.8950,39086
2025-05-02,BNK,42.5200,42.6300,42.1800,42.6200,18945
2025-05-05,BNK,42.8200,42.9750,42.5800,42.8950,31849
2025-05-06,BNK,42.9500,42.9500,42.1000,42.6750,7338
2025-05-07,BNK,42.8350,42.8750,42.5800,42.7400,4613
2025-05-08,BNK,43.0400,43.4550,42.9100,43.4550,40165
2025-05-09,BNK,43.5750,43.7750,43.5200,43.7350,4325
2025-05-12,BNK,44.7800,44.9050,44.4200,44.7600,27202
2025-05-13,BNK,44.6600,44.9250,44.6600,44.8700,5958
2025-05-14,BNK,45.0300,45.2300,44.6550,45.2300,10178
2025-05-15,BNK,45.2350,45.3400,45.0000,45.3400,10368
2025-05-16,BNK,45.3950,45.5500,45.2250,45.5500,5470
2025-05-19,BNK,45.5500,45.8800,45.3800,45.8800,106225
2025-05-20,BNK,46.0450,46.4700,46.0250,46.3050,11475
2025-05-21,BNK,46.4500,46.4850,46.1000,46.2950,23283
2025-05-22,BNK,45.9800,46.2050,45.8400,46.2050,10592
2025-05-23,BNK,46.3550,46.4600,44.2900,45.4300,23588
2025-05-26,BNK,46.1550,46.3450,45.9250,46.0300,9320
2025-05-27,BNK,46.0500,46.1550,45.8950,45.9950,88696
2025-05-28,BNK,46.1700,46.2550,45.7400,45.7000,15397
2025-05-29,BNK,46.0700,46.2050,45.7700,45.7700,4975
2025-05-30,BNK,45.8650,46.1250,45.7150,45.8400,4927
2025-06-02,BNK,45.8850,45.9800,45.5000,45.9400,7247
2025-06-03,BNK,46.0150,46.0150,45.2550,45.9000,10868
2025-06-04,BNK,46.1250,46.1650,45.4900,45.6400,13148
2025-06-05,BNK,45.6600,45.9600,45.4200,45.9550,17117
2025-06-06,BNK,46.0400,46.3750,45.8850,46.2800,2063
2025-06-09,BNK,46.4050,46.4950,46.1350,46.4950,22722
2025-06-10,BNK,46.2750,46.2750,45.5850,45.5850,19557
2025-06-11,BNK,45.6400,45.8700,45.3800,45.4800,196615
2025-06-12,BNK,45.2000,45.6950,45.0000,45.5750,17634
2025-06-13,BNK,44.7450,45.0550,44.6450,45.0550,13756
2025-06-16,BNK,45.4500,45.8900,45.4500,45.8900,10340
2025-06-17,BNK,45.2150,45.3600,44.9750,45.0200,31118
2025-06-18,BNK,45.1800,45.3950,44.9900,45.2950,10988
2025-06-19,BNK,45.0700,45.1450,44.5300,44.5300,4623
2025-06-20,BNK,44.8600,45.2650,44.8600,44.7800,18265
2025-06-23,BNK,44.5000,44.7850,44.0800,44.2950,20185
2025-06-24,BNK,45.3300,45.6750,45.1650,45.6350,143377
2025-06-25,BNK,45.5950,45.5950,45.1000,45.1950,73471
2025-06-26,BNK,45.4450,45.4450,45.0550,45.1200,9171
2025-06-27,BNK,45.3950,45.7000,45.3050,45.7150,18802
2025-06-30,BNK,45.8600,45.8600,45.3100,45.6550,7708
2025-07-01,BNK,45.6000,45.6000,45.0150,45.0650,11664
2025-07-02,BNK,45.6300,45.9100,45.1150,45.3400,34284
2025-07-03,BNK,45.4600,45.9900,45.3550,45.9900,121170
2025-07-04,BNK,45.9250,45.9250,45.2750,45.4550,25200
2025-07-07,BNK,45.6850,46.1200,45.6250,46.1200,9977
2025-07-08,BNK,46.2050,46.5100,46.2000,46.4250,39907
2025-07-09,BNK,46.7450,47.2800,46.7350,47.2900,58536
2025-07-10,BNK,47.3750,47.4000,47.0200,47.0350,33951
2025-07-11,BNK,46.8850,46.8850,45.9500,46.1200,20746
2025-07-14,BNK,45.8500,46.4300,45.7400,46.4300,39589
2025-07-15,BNK,46.6500,46.6500,45.9500,46.0450,32091
2025-07-16,BNK,46.0300,46.3500,45.8250,45.9300,39016
2025-07-17,BNK,46.1100,46.4450,46.0650,46.4450,8860
2025-07-18,BNK,46.5550,46.5550,46.2900,46.4500,25661
2025-07-21,BNK,46.4450,46.6300,46.0850,46.6300,15398
2025-07-22,BNK,46.5100,46.6300,46.1600,46.4200,22365
2025-07-23,BNK,46.7300,47.1750,46.7300,47.1200,77453
2025-07-24,BNK,47.7550,47.9800,47.6400,47.8750,26400
2025-07-25,BNK,47.6600,47.9300,47.6250,47.8550,10332
2025-07-28,BNK,48.2550,48.3300,47.7500,47.8450,22109
2025-07-29,BNK,48.2250,48.7800,48.0950,48.6200,20224
2025-07-30,BNK,48.1000,48.8900,48.1000,48.7400,43050
2025-07-31,BNK,49.2350,49.4550,48.9000,48.9600,27357
2025-08-01,BNK,48.4300,48.5850,47.1500,47.4900,65071
2025-08-04,BNK,47.9850,48.7250,47.9850,48.6900,26134
2025-08-05,BNK,48.9150,48.9500,48.4050,48.6400,35411
2025-08-06,BNK,48.7800,49.1050,48.7800,49.0750,10944
2025-08-07,BNK,49.5200,49.9250,49.4400,49.8550,33068
2025-08-08,BNK,49.8950,50.6000,49.8300,50.6000,43286
2025-08-11,BNK,50.8800,51.0000,50.4500,51.0000,21553
2025-08-12,BNK,51.1700,51.3500,51.0100,51.3100,30976
2025-08-13,BNK,51.4300,51.6600,51.3300,51.5700,18841
2025-08-14,BNK,51.6400,52.1200,51.6400,52.0400,17903
2025-08-18,BNK,50.5300,51.6100,50.5300,51.6100,18035
2025-08-19,BNK,51.7900,52.1100,51.7600,51.9400,9997
2025-08-20,BNK,51.8400,51.9300,51.5600,51.8900,28857
2025-08-21,BNK,51.9100,52.2000,51.7400,52.1700,14721
2025-08-22,BNK,52.0300,52.4100,51.9900,52.1900,14433
2025-08-25,BNK,52.0700,52.2700,51.8700,51.8700,18433
2025-08-26,BNK,51.1600,51.1700,50.5800,50.9600,35227
2025-08-27,BNK,51.0900,51.0900,50.1100,50.2900,12672
2025-08-28,BNK,50.5200,50.6100,50.0700,50.2900,12250
2025-08-29,BNK,49.9850,49.9850,49.4250,49.8300,53158
2025-09-01,BNK,50.0500,50.2300,49.9550,50.2300,39226
2025-09-02,BNK,50.1600,50.1600,49.2800,49.4200,26915
2025-09-03,BNK,49.5100,49.6900,49.1900,49.6700,12331
2025-09-04,BNK,49.6700,50.3400,49.6400,50.3400,28838
2025-09-05,BNK,50.5300,50.6100,49.6350,49.7650,34900
2025-09-08,BNK,49.9700,50.4000,49.9700,50.4000,23350
2025-09-09,BNK,50.4700,50.8500,50.2400,50.8500,32191
2025-09-10,BNK,51.0600,51.4400,50.9700,51.3100,30207
2025-09-11,BNK,51.3700,51.7400,51.3500,51.7100,30080
2025-09-12,BNK,51.7900,51.7900,51.3800,51.7800,27950
2025-09-15,BNK,52.1900,52.4800,52.0500,52.4100,14325
2025-09-16,BNK,52.1200,52.2300,51.3900,51.3900,14448
2025-09-17,BNK,51.5100,51.5100,51.0400,51.1900,22735
2025-09-18,BNK,51.5700,51.6900,51.1000,51.4900,20615
2025-09-19,BNK,51.5600,51.9300,51.5600,51.9300,28017
2025-09-22,BNK,51.6100,51.6100,51.2100,51.5000,9881
2025-09-23,BNK,51.5900,51.9500,51.3900,51.8100,8476
2025-09-24,BNK,51.5400,51.9300,51.1300,51.8400,13378
2025-09-25,BNK,51.5800,51.6800,51.2500,51.4400,14512
2025-09-26,BNK,51.8100,52.4300,51.7800,52.3200,8031
2025-09-29,BNK,52.3500,52.3500,52.0000,52.0000,26234
2025-09-30,BNK,52.0000,52.2900,51.9300,52.1800,6008
2025-10-01,BNK,51.9200,52.6600,51.8600,52.5800,8402
2025-10-02,BNK,52.7900,52.8100,52.1200,52.1800,55566
2025-10-03,BNK,52.6300,52.8100,52.4800,52.5500,7402
2025-10-06,BNK,52.2700,52.4900,51.6900,52.1600,57383
2025-10-07,BNK,51.9200,52.2200,51.6200,51.6900,91348
2025-10-08,BNK,52.0500,52.4300,51.9700,52.3800,25782
2025-10-09,BNK,51.8400,52.0000,51.6000,51.6500,15446
2025-10-10,BNK,51.7500,51.9600,51.0600,51.0600,35011
2025-10-13,BNK,51.2100,51.4700,51.1800,51.3600,15013
2025-10-14,BNK,50.6900,51.4100,50.5800,51.3300,46904
2025-10-15,BNK,51.6900,52.0100,51.3000,51.3000,21668
2025-10-16,BNK,51.5000,51.5700,51.0600,51.5400,20617
2025-10-17,BNK,50.3600,50.8800,49.9000,50.2900,38953
2025-10-20,BNK,50.9600,51.1600,50.4100,50.8300,18583
2025-10-21,BNK,51.0400,51.1100,50.7700,50.7700,27064
2025-10-22,BNK,50.6500,51.0200,50.6500,50.8500,13216
2025-10-23,BNK,50.9200,51.2100,50.8500,50.9400,9830
2025-10-27,BNK,51.1700,51.7100,51.1300,51.6500,22175
2025-10-28,BNK,51.7300,52.0700,51.5800,52.0700,22804
2025-10-29,BNK,52.3100,52.8600,52.1700,52.8000,23926
2025-10-30,BNK,52.8000,52.8800,52.3200,52.7700,27431
2025-10-31,BNK,52.8500,53.0600,52.5700,52.8600,23219
2025-11-03,BNK,52.9000,53.4300,52.9000,53.1100,9327
2025-11-04,BNK,52.4700,53.1600,52.1300,53.1600,12327
2025-11-05,BNK,52.6700,53.3500,52.6600,53.3500,18907
2025-11-06,BNK,53.4900,53.8900,53.4700,53.5200,31943
2025-11-07,BNK,53.7400,53.7400,52.9700,53.0400,8855
2025-11-10,BNK,53.8700,54.6300,53.7200,54.6300,51184
2025-11-11,BNK,54.9000,55.2600,54.9000,55.2500,10969
2025-11-12,BNK,55.5800,56.1600,55.5800,56.0800,39260
2025-11-13,BNK,56.3400,56.3800,56.0500,56.0600,22715
2025-11-14,BNK,55.1600,55.1600,54.2200,54.7300,35323
2025-11-17,BNK,54.7900,54.8600,54.0000,54.1600,35820
2025-11-18,BNK,53.1100,53.2400,52.3000,52.6600,59068
2025-11-19,BNK,52.6000,53.0700,52.2500,52.7600,77258
2025-11-20,BNK,53.6300,53.6400,53.1200,53.1200,18178
2025-11-21,BNK,52.2800,52.9600,52.1700,52.9600,23561
2025-11-24,BNK,53.4200,53.7300,53.0600,53.2900,16962
2025-11-25,BNK,53.5400,54.3100,53.2300,54.1700,30139
2025-11-26,BNK,54.5400,55.1600,54.3200,55.1300,31335
2025-11-27,BNK,55.0300,55.4600,54.9900,55.3900,18554
2025-11-28,BNK,55.2300,55.5300,55.2300,55.4300,5971
2025-12-01,BNK,55.3500,55.6100,55.1600,55.6100,9515
2025-12-02,BNK,55.6600,56.2100,55.6600,56.0900,20238
2025-12-03,BNK,56.0900,56.3000,55.6500,55.6500,9738
2025-12-04,BNK,55.8900,56.1700,55.5400,56.1600,10844
2025-12-05,BNK,56.3400,56.5800,55.9800,55.8400,32518
2025-12-08,BNK,55.6600,56.1800,55.6600,56.1800,5240
2025-12-09,BNK,56.4800,56.5000,56.2100,56.4600,14312
2025-12-10,BNK,56.3000,56.8900,56.3000,56.8900,8719
2025-12-11,BNK,56.6700,57.6400,56.6700,57.6300,10378
2025-12-12,BNK,58.0800,58.1900,56.8900,56.9700,15330
2025-12-15,BNK,57.4300,57.8700,57.4000,57.8200,11521
2025-12-16,BNK,57.8500,58.2300,57.6000,57.6300,37721
2025-12-17,BNK,58.1700,58.4700,58.1500,58.2100,28687
2025-12-18,BNK,58.1500,58.7900,57.9200,58.7900,17796
2025-12-19,BNK,59.0600,59.4300,58.8300,59.2900,23794
2025-12-22,BNK,59.1800,59.4000,59.0100,59.1800,11716
2025-12-23,BNK,59.1900,59.5800,58.8000,59.4400,43517
2025-12-29,BNK,59.4700,59.5400,59.0900,59.1600,8724
2025-12-30,BNK,59.3400,60.0800,59.3400,59.9600,4250
2026-01-02,BNK,59.9700,60.7400,59.9600,60.7000,5526
2026-01-05,BNK,60.9700,61.3800,60.5900,61.2800,11616
2026-01-06,BNK,61.6600,61.8300,61.0100,61.0300,5990
2026-01-07,BNK,60.7700,60.7800,59.9100,59.9100,28006
2026-01-08,BNK,59.7500,60.4500,59.7500,60.4500,13939
2026-01-09,BNK,60.5700,60.7000,60.2700,60.6800,11543
2026-01-12,BNK,60.1300,61.0800,59.7900,60.9700,25650
2026-01-13,BNK,61.2200,61.5400,61.1900,61.3700,53597
2026-01-14,BNK,61.5500,61.8100,61.4300,61.5300,14290
2026-01-15,BNK,61.8400,62.1700,61.6500,61.9200,12323
2026-01-16,BNK,61.8100,61.9400,61.6300,61.9200,13911
2026-01-19,BNK,60.7600,61.4300,60.6600,61.3600,28874
2026-01-20,BNK,61.0100,61.1100,60.4200,60.8800,42982
2026-01-21,BNK,60.5200,60.9500,59.8200,60.8000,15439
2026-01-22,BNK,61.7000,62.0200,61.3300,62.0200,61389
2026-01-23,BNK,61.7800,61.8900,61.2100,61.4000,23459
2026-01-26,BNK,61.4700,62.1400,61.4700,61.9400,10103
2026-01-27,BNK,62.5300,63.1700,62.4400,63.0900,20926
2026-01-28,BNK,62.9700,63.0100,61.9800,62.2600,26095
2026-01-29,BNK,62.4300,62.9300,61.8800,61.9700,27035
2026-01-30,BNK,62.5800,63.1800,62.5300,62.9100,17397
2026-02-02,BNK,62.2600,64.3300,62.2600,64.3300,78892
2026-02-03,BNK,64.9100,65.1200,64.6000,64.8700,20334
2026-02-04,BNK,64.7500,65.0200,64.2600,64.2600,16498
2026-02-05,BNK,63.9600,64.4700,61.9200,62.0900,47311
2026-02-06,BNK,62.2000,63.0400,61.9300,62.9200,34550
2026-02-09,BNK,63.2000,63.7600,62.7000,63.7600,34694
2026-02-10,BNK,63.4100,63.8300,62.9800,62.9800,15349
2026-02-11,BNK,63.3300,63.3300,61.9200,62.3200,46967
2026-02-12,BNK,62.7700,63.2000,61.0000,61.1400,24946
2026-02-13,BNK,60.9900,61.4000,59.0000,59.4700,78857
2026-02-16,BNK,60.3400,60.7800,60.3200,60.3200,60169
2026-02-17,BNK,60.3000,61.0200,60.2200,61.0200,61458
2026-02-18,BNK,61.4400,62.3500,61.4400,62.3100,11221
2026-02-19,BNK,62.2200,62.4700,61.3200,61.4800,41529
2026-02-20,BNK,61.6600,62.5800,61.6600,62.2700,16193
2026-02-23,BNK,62.7700,63.4500,62.2300,62.4300,45245
2026-02-24,BNK,61.5800,61.7000,61.0900,61.6200,35221
2026-02-25,BNK,62.9500,63.3200,62.5100,63.3200,18561
2026-02-26,BNK,63.1300,63.3400,62.8300,63.3300,16941
2026-02-27,BNK,63.2100,63.6500,62.0100,62.2600,41226
2026-03-02,BNK,59.6500,60.6000,59.6500,60.4200,36160
2026-03-03,BNK,59.2100,59.2100,57.0300,57.8300,82731
2026-03-04,BNK,57.7200,59.3600,57.2000,59.1400,105659
2026-03-05,BNK,58.7100,59.8800,58.0000,58.1400,51273
2026-03-09,BNK,55.7000,56.9300,55.3200,56.8800,90088
2026-03-10,BNK,58.9300,59.3200,58.2400,58.9600,70611
2026-03-11,BNK,58.4500,59.0500,58.3200,58.6800,37457
2026-03-12,BNK,58.3200,58.3200,56.1500,56.8100,79135
2026-03-13,BNK,55.9100,56.9800,55.8400,56.0800,26645
2026-03-16,BNK,55.8300,56.8800,55.7500,56.5000,10578
2026-03-17,BNK,56.8400,57.6200,56.7100,56.9800,19282
2026-03-18,BNK,57.7900,58.3000,57.1300,57.5100,76573
2026-03-19,BNK,56.6100,56.7500,55.1700,55.7900,19602
2026-03-20,BNK,56.6300,56.8500,54.5600,54.5600,12396
2026-03-23,BNK,53.5900,56.9200,53.0000,55.8900,109402
2026-03-24,BNK,55.9000,56.0000,54.9600,55.7500,44206
2026-03-25,BNK,56.8600,57.2500,56.5200,56.9200,15624
2026-03-26,BNK,56.4900,56.4900,55.7100,55.8600,33039
2026-03-27,BNK,56.0000,56.0200,55.0400,55.4000,20723
2026-03-30,BNK,54.9400,55.5900,54.9400,55.5700,12718
2026-03-31,BNK,56.3000,56.7300,56.0900,56.0700,26219
2026-04-01,BNK,58.2700,58.7000,57.9200,58.6800,42640
2026-04-02,BNK,57.3300,58.0200,56.8500,57.9600,8582
2026-04-07,BNK,58.3900,58.8700,57.4900,57.7200,23973
2026-04-08,BNK,61.4000,62.3000,60.9500,61.4600,125046
2026-04-09,BNK,61.2800,61.2800,60.6900,61.2800,15349
2026-04-10,BNK,61.3000,62.1600,61.0600,61.9200,91419
2026-04-13,BNK,61.1200,61.8200,61.0300,61.8000,17716
2026-04-14,BNK,62.2100,63.0500,62.1100,63.0500,21673
2026-04-15,BNK,62.8700,63.0600,62.6800,62.9600,23513
2026-04-16,BNK,63.0700,63.1200,62.4100,62.4400,11551
2026-04-17,BNK,62.3700,64.2000,62.3000,64.1200,27855
2026-04-20,BNK,63.0800,63.3100,62.7900,62.9700,31769
2026-04-21,BNK,63.0300,63.3800,62.4900,62.5600,7250
2026-04-22,BNK,62.8900,62.8900,61.9100,61.9300,22793
2026-04-23,BNK,61.4000,61.5400,60.8500,61.1900,9770
2026-04-24,BNK,60.7400,61.0000,60.1800,60.6700,25214
2026-04-27,BNK,60.7700,61.3700,60.7200,60.9000,18799
2026-04-28,BNK,61.0400,61.7600,61.0100,61.5300,17759
2026-04-29,BNK,61.5700,61.5700,61.1000,61.3400,6552
2026-04-30,BNK,60.6600,61.7800,60.3700,61.7800,52998
2026-05-04,BNK,61.7000,61.9000,60.2700,60.5400,35561
2026-05-05,BNK,59.8900,60.8400,59.6000,60.6200,14616
2026-05-06,BNK,61.7500,63.6500,61.7500,62.8900,18176
2026-05-07,BNK,63.1400,63.3600,62.6900,62.6900,5562
2026-05-08,BNK,62.3600,62.4400,61.6900,62.1800,13149
2026-05-11,BNK,62.0800,62.6400,62.0800,62.2600,9740
2026-05-12,BNK,61.0800,61.3100,60.9500,61.1600,15758
2026-05-13,BNK,61.9000,61.9000,60.8000,61.5900,5414
2026-05-14,BNK,62.2300,62.6100,61.9100,62.6100,7840
2026-05-15,BNK,61.5900,61.7000,61.0000,61.5000,6318
2026-05-18,BNK,61.2800,62.1600,60.8100,61.8500,48066
2026-05-19,BNK,61.9700,62.4300,61.7300,61.7300,2695
2026-05-20,BNK,61.4900,63.7000,61.4900,63.3600,2361
2026-05-21,BNK,63.3100,63.5400,62.5000,63.3200,25499
2026-05-22,BNK,63.3700,64.0200,63.3700,63.7700,4656
2026-05-25,BNK,64.4500,65.4600,64.0100,65.2800,23061
2026-05-26,BNK,65.0600,65.2500,64.7700,64.7700,76985
2026-05-27,BNK,64.9900,65.3500,64.8600,64.8600,5946
2026-05-28,BNK,64.4600,64.5600,63.9300,64.2200,24045
2026-05-29,BNK,64.6700,65.1800,64.6700,64.6800,23009
2026-06-01,BNK,64.8900,65.0100,63.9800,64.4800,13655
2026-06-02,BNK,65.1800,65.1800,64.7200,65.1600,5218
2026-06-03,BNK,64.7800,64.8300,64.0500,64.0500,7040
2026-06-04,BNK,64.5600,64.7600,63.4800,64.4300,14480
2026-06-05,BNK,64.1700,64.6800,64.0600,64.0800,20203
2026-06-08,BNK,63.4000,64.4100,63.4000,63.8300,52817
2026-06-09,BNK,63.9800,64.7200,63.2600,63.2600,4680
2026-06-10,BNK,63.3200,63.3600,62.3900,62.8000,12575
2026-06-11,BNK,63.3800,63.7000,63.0700,63.1700,5690
2026-06-12,BNK,64.6900,65.7900,64.5400,65.7900,24178
2026-06-15,BNK,67.3500,67.5300,66.7000,66.8000,8489
2026-06-16,BNK,67.2100,67.9800,67.2100,67.9800,78256
2026-06-17,BNK,68.3700,69.2300,68.0300,69.2300,11565
2026-06-18,BNK,69.2400,69.3300,68.6700,69.2500,8842
2026-06-19,BNK,68.9600,69.4500,68.9000,69.1000,12361
2026-06-22,BNK,69.2400,70.1500,69.0500,70.0700,4808
2026-06-23,BNK,69.5900,69.7900,69.1900,69.4800,40149
2026-06-24,BNK,69.3500,69.3500,68.5200,68.5800,9614
2026-06-25,BNK,68.6700,69.2500,68.4900,69.2500,15391
2026-06-26,BNK,68.9300,68.9300,68.0600,68.4800,7064
2026-06-29,BNK,68.2600,68.6800,68.2600,68.4700,4303
2026-06-30,BNK,68.4200,69.2200,68.4200,69.1800,72139
2026-07-01,BNK,68.7600,69.6000,68.6300,69.4900,5362
2026-07-02,BNK,69.5500,71.0000,69.5500,70.6900,9916
2026-07-03,BNK,70.9600,71.0200,70.5600,70.9900,2796
2026-07-06,BNK,71.2300,71.6900,71.0200,71.6900,19217
2026-07-07,BNK,71.7700,71.9400,71.2500,71.2500,15763
2026-07-08,BNK,70.4300,70.6000,68.9000,69.2100,21289
2026-07-09,BNK,70.1500,70.5900,70.1500,70.4300,9377
2026-07-10,BNK,70.5500,71.1600,70.5500,71.0200,8441
2026-07-13,BNK,70.8500,70.9700,70.5600,70.5900,25484
2026-07-14,BNK,69.9300,71.3800,69.8800,71.2100,54643
2026-07-15,BNK,70.9000,71.4400,70.7200,71.2900,8846
2026-07-16,BNK,71.4400,71.5100,70.8600,71.4800,12696
2026-07-17,BNK,70.5100,70.8700,70.1500,70.5700,10006
2026-07-20,BNK,70.3700,71.0000,70.2200,70.6300,7868
2026-07-21,BNK,71.1000,71.8200,70.7800,71.8200,6180
2026-07-22,BNK,71.7900,72.8300,71.7000,72.6300,11873
2026-07-23,BNK,72.1800,72.1800,70.9300,70.9300,5524
2026-07-24,BNK,71.1900,72.1900,71.1900,72.1900,6551
2026-07-27,BNK,72.9000,73.3400,72.7600,72.7700,17234
2026-07-28,BNK,72.7500,72.9500,71.9400,72.3100,11537
2026-07-29,BNK,72.6600,72.6600,71.5500,71.5500,15228
2026-07-30,BNK,71.8000,73.5800,71.7500,73.3800,3535
2026-07-31,BNK,73.8200,74.3700,73.3800,73.6000,4944
2026-08-03,BNK,74.5000,74.6900,74.2100,74.6700,8025
2026-08-04,BNK,75.0100,75.4200,74.5500,75.1200,9599
2026-08-05,BNK,74.9200,74.9200,74.1500,74.7200,16432
2026-08-06,BNK,75.2000,75.7200,75.0700,75.0700,7495
2026-08-07,BNK,75.0100,75.6100,74.7000,75.0300,14431
2026-08-10,BNK,74.7500,75.1500,74.6800,75.1500,4626
2026-08-11,BNK,75.1100,75.2200,74.8400,75.0300,16826
2026-08-12,BNK,75.1900,75.3000,74.9300,75.2900,4973
2026-08-13,BNK,75.9800,76.1600,75.3500,75.3900,7377
2026-08-14,BNK,75.3300,75.6000,75.0900,75.5300,7594
2026-08-17,BNK,75.6000,75.6500,75.3100,75.3500,4414
2026-08-18,BNK,75.2400,75.2400,74.4100,74.4100,9410
2026-08-19,BNK,74.5000,74.6200,73.3100,73.3100,16513
2026-08-20,BNK,73.2300,73.5600,73.0400,73.2600,9254
2026-08-21,BNK,73.7800,74.0900,73.4600,73.8900,11577
2026-08-24,BNK,73.7500,74.5000,73.5900,74.4000,5087
2026-08-25,BNK,74.7000,74.7400,74.0000,74.1200,4342
2026-08-26,BNK,74.5400,74.9100,74.2300,74.7000,5370
2026-08-27,BNK,74.6800,74.7400,73.3600,73.4600,5601
2026-08-28,BNK,74.0900,74.3500,73.8300,74.3300,6680
2026-08-31,BNK,74.3100,74.6900,74.1100,74.0900,10392
2026-09-01,BNK,73.8700,74.2800,73.1200,74.0300,15768
2026-09-02,BNK,74.1800,74.5200,73.7100,74.3800,5557
2026-09-03,BNK,74.4100,75.4400,74.2800,75.4400,17872
2026-09-04,BNK,75.1200,75.7100,74.7600,75.6100,5238
2026-09-07,BNK,75.7100,75.7700,75.3300,75.7600,12188
2026-09-08,BNK,75.5400,75.7000,74.7500,75.6800,10427
2024-09-09,BRA,19.3660,19.3840,19.1800,19.2920,10461
2024-09-10,BRA,19.2280,19.3760,19.1000,19.1200,23076
2024-09-11,BRA,19.0880,19.2220,19.0880,19.1440,2606
2024-09-12,BRA,19.2440,19.2440,19.0200,19.0620,5890
2024-09-13,BRA,19.1300,19.6320,19.1300,19.5800,12935
2024-09-16,BRA,19.4080,19.6040,19.3640,19.5820,1140
2024-09-17,BRA,19.6840,19.6840,19.4620,19.5820,2034
2024-09-18,BRA,19.6940,19.7400,19.5780,19.5560,2070
2024-09-19,BRA,19.8180,19.9000,19.6420,19.7000,5094
2024-09-20,BRA,19.5740,19.5740,19.1460,19.1380,2642
2024-09-23,BRA,19.0900,19.1240,18.8000,18.9180,13503
2024-09-24,BRA,19.0360,19.4960,18.9720,19.2740,27035
2024-09-25,BRA,19.1160,19.3560,19.0660,19.1700,42457
2024-09-26,BRA,19.4540,19.5400,19.3540,19.2780,13577
2024-09-27,BRA,19.2820,19.4220,19.2460,19.3880,17857
2024-09-30,BRA,19.5480,19.5480,19.1840,19.3060,6241
2024-10-01,BRA,19.3200,19.4040,19.2420,19.4040,2681
2024-10-02,BRA,19.5000,19.7000,19.4500,19.5780,2522
2024-10-03,BRA,19.4000,19.4480,19.0480,19.0880,7344
2024-10-04,BRA,19.3260,19.3700,19.1560,19.2860,3874
2024-10-07,BRA,19.5720,19.5720,19.2720,19.2780,6942
2024-10-08,BRA,19.1240,19.2080,19.0340,19.1540,76396
2024-10-09,BRA,19.1700,19.1700,18.8180,18.8180,3589
2024-10-10,BRA,18.8260,18.9160,18.7600,18.8780,40510
2024-10-11,BRA,18.9180,18.9800,18.5940,18.7180,2194
2024-10-14,BRA,18.8980,18.9760,18.7580,18.9680,33248
2024-10-15,BRA,19.0520,19.1500,18.8900,19.0280,5138
2024-10-16,BRA,18.9900,19.0180,18.8120,19.0000,5519
2024-10-17,BRA,19.0400,19.0620,18.8340,18.9720,3211
2024-10-18,BRA,19.1200,19.2080,18.8180,18.8540,18170
2024-10-21,BRA,18.8880,18.9320,18.7960,18.8700,2826
2024-10-22,BRA,18.8860,18.9040,18.7360,18.7720,4978
2024-10-23,BRA,18.9040,19.0000,18.7340,18.8680,21725
2024-10-24,BRA,18.9460,18.9760,18.7860,18.9140,1964
2024-10-25,BRA,19.0400,19.0760,18.8900,18.9300,8637
2024-10-28,BRA,18.9640,19.1180,18.8800,19.1060,8661
2024-10-29,BRA,19.1500,19.2380,19.1500,19.0880,7788
2024-10-30,BRA,18.9640,18.9820,18.7400,18.7400,3523
2024-10-31,BRA,18.7340,18.7340,18.6740,18.6280,27542
2024-11-01,BRA,18.5760,18.6120,18.2980,18.3420,4971
2024-11-04,BRA,18.1560,18.5840,18.0460,18.5480,3931
2024-11-05,BRA,18.5860,18.5860,18.4000,18.3960,6834
2024-11-06,BRA,18.5360,18.9140,18.4220,18.9020,113264
2024-11-07,BRA,19.0700,19.2800,19.0580,19.0100,31896
2024-11-08,BRA,18.8560,18.8560,18.5600,18.6200,8020
2024-11-11,BRA,18.7280,18.8620,18.7100,18.8360,6711
2024-11-12,BRA,18.7980,19.0560,18.7980,19.0560,15379
2024-11-13,BRA,19.0780,19.1200,18.8620,18.8260,17592
2024-11-14,BRA,18.8740,18.9380,18.7860,18.8280,19951
2024-11-15,BRA,18.8360,18.9520,18.8360,18.8460,13495
2024-11-18,BRA,18.8600,18.9420,18.8000,18.7780,10799
2024-11-19,BRA,18.7060,18.7440,18.5940,18.7640,1175
2024-11-20,BRA,18.7200,18.7760,18.6980,18.7260,1912
2024-11-21,BRA,18.6920,18.7860,18.4700,18.5400,5746
2024-11-22,BRA,18.6420,19.0920,18.6240,19.0660,28935
2024-11-25,BRA,19.0380,19.1320,18.9560,18.9800,31389
2024-11-26,BRA,18.8220,19.1560,18.8160,19.1300,11106
2024-11-27,BRA,19.0980,19.0980,18.7020,18.7240,7821
2024-11-28,BRA,18.3800,18.3800,17.8860,17.9140,14715
2024-11-29,BRA,17.7300,17.7740,17.2900,17.6140,36074
2024-12-02,BRA,17.6320,17.7660,17.3660,17.5120,12066
2024-12-03,BRA,17.5120,17.6020,17.3960,17.4640,10817
2024-12-04,BRA,17.5860,17.6200,17.5080,17.5980,5723
2024-12-05,BRA,17.5780,17.9420,17.5780,17.9420,4461
2024-12-06,BRA,17.7720,17.8300,17.4680,17.4880,6849
2024-12-09,BRA,17.4740,17.6620,17.3140,17.5920,14445
2024-12-10,BRA,17.5580,17.8920,17.5540,17.8340,22139
2024-12-11,BRA,17.8140,17.8460,17.7540,17.9200,1618
2024-12-12,BRA,18.5140,18.5740,17.9800,17.8980,23979
2024-12-13,BRA,17.8820,17.9540,17.6000,17.5380,15306
2024-12-16,BRA,17.5380,17.5380,17.3320,17.4400,6535
2024-12-17,BRA,17.0400,17.2300,16.9300,17.1780,44052
2024-12-18,BRA,17.1500,17.1500,16.7660,16.7760,8414
2024-12-19,BRA,16.6220,16.8360,16.4160,16.8140,15577
2024-12-20,BRA,16.8220,16.8260,16.5820,16.7800,123490
2024-12-23,BRA,16.8900,17.0000,16.5420,16.5740,4977
2024-12-27,BRA,16.4220,16.5540,16.4040,16.4480,12132
2024-12-30,BRA,16.5640,16.5860,16.3500,16.5200,4359
2025-01-02,BRA,16.6280,16.9540,16.4500,16.9540,9686
2025-01-03,BRA,16.9000,16.9200,16.6900,16.6720,2043
2025-01-06,BRA,16.6100,16.8320,16.5600,16.8100,10018
2025-01-07,BRA,16.7480,17.1300,16.7380,17.0760,13910
2025-01-08,BRA,17.0820,17.0820,16.8540,16.8920,1823
2025-01-09,BRA,16.8380,17.0800,16.8240,17.0220,5536
2025-01-10,BRA,17.1020,17.1220,16.8280,16.8380,26048
2025-01-13,BRA,16.8100,17.0360,16.7700,16.9840,89240
2025-01-14,BRA,17.1000,17.1000,16.8900,16.9620,12245
2025-01-15,BRA,16.9560,17.2560,16.9420,17.2560,17952
2025-01-16,BRA,17.5800,17.6840,17.4480,17.2860,11497
2025-01-17,BRA,17.3180,17.4340,17.3180,17.5160,15733
2025-01-20,BRA,17.3320,17.4180,17.2880,17.3860,7650
2025-01-21,BRA,17.3920,17.4700,17.3420,17.3940,27495
2025-01-22,BRA,17.4140,17.7140,17.4060,17.7200,4251
2025-01-23,BRA,17.6720,17.7440,17.5720,17.7440,14156
2025-01-24,BRA,17.7960,17.7960,17.6440,17.6820,39152
2025-01-27,BRA,17.3700,17.6600,17.2500,17.6880,23401
2025-01-28,BRA,17.9380,18.0500,17.9380,18.0140,36538
2025-01-29,BRA,18.1800,18.2800,18.0680,18.0880,44264
2025-01-30,BRA,18.1860,18.4960,18.0580,18.4960,6595
2025-01-31,BRA,18.6500,18.8700,18.6200,18.7620,28139
2025-02-03,BRA,18.4180,18.7940,18.3460,18.7940,28068
2025-02-04,BRA,18.8800,18.9300,18.6620,18.7640,8165
2025-02-05,BRA,18.6060,18.6740,18.4860,18.5680,5843
2025-02-06,BRA,18.7000,18.8480,18.6660,18.7920,23718
2025-02-07,BRA,18.9000,18.9200,18.7620,18.7900,13956
2025-02-10,BRA,18.7600,18.9740,18.6560,18.9080,40992
2025-02-11,BRA,18.8000,19.0000,18.7420,18.9740,41477
2025-02-12,BRA,19.0580,19.0580,18.5760,18.5900,52566
2025-02-13,BRA,18.4840,18.6020,18.4340,18.4840,8671
2025-02-14,BRA,18.5220,18.8540,18.5220,18.8620,6586
2025-02-17,BRA,19.0700,19.2180,18.9980,19.2180,3605
2025-02-18,BRA,19.2460,19.3000,19.0700,19.2360,30329
2025-02-19,BRA,19.3920,19.3920,18.9600,19.1540,2652
2025-02-20,BRA,18.8560,19.1580,18.8560,19.0100,5962
2025-02-21,BRA,18.9560,18.9560,18.6220,18.6680,7340
2025-02-24,BRA,18.6900,18.6900,18.4680,18.5240,23997
2025-02-25,BRA,18.1200,18.3500,18.1000,18.3000,3404
2025-02-26,BRA,18.3480,18.3920,18.1800,18.2000,386
2025-02-27,BRA,18.0140,18.0700,17.9120,18.0660,21040
2025-02-28,BRA,17.9760,18.0000,17.8100,17.8100,5299
2025-03-03,BRA,17.7680,17.7860,17.6420,17.7620,14929
2025-03-04,BRA,17.3600,17.4980,17.0020,17.1420,31983
2025-03-05,BRA,17.2340,17.2740,17.1000,17.1960,13092
2025-03-06,BRA,17.3000,17.3300,17.0520,17.3140,4597
2025-03-07,BRA,17.1420,17.3860,17.1100,17.2500,21469
2025-03-10,BRA,17.2060,17.2740,17.1740,17.2220,8850
2025-03-11,BRA,17.1400,17.1400,16.8180,16.8200,10798
2025-03-12,BRA,16.9720,17.0300,16.9720,16.9940,90
2025-03-13,BRA,16.9900,17.2100,16.9840,17.3600,81629
2025-03-14,BRA,17.4300,17.9680,17.4300,18.0180,4777
2025-03-17,BRA,17.9440,18.4280,17.9420,18.4280,4674
2025-03-18,BRA,18.5040,18.5040,18.3500,18.4620,2353
2025-03-19,BRA,18.5300,18.7760,18.5000,18.7780,22525
2025-03-20,BRA,18.8600,18.8600,18.5820,18.6040,3827
2025-03-21,BRA,18.5080,18.5080,18.5040,18.5220,360
2025-03-24,BRA,18.6780,18.7640,18.5540,18.6100,1461
2025-03-25,BRA,18.3440,18.8440,18.3440,18.7700,19398
2025-03-26,BRA,18.7300,18.7300,18.5260,18.5120,1570
2025-03-27,BRA,18.5480,18.6340,18.5480,18.6480,368
2025-03-28,BRA,18.4780,18.4780,18.1260,18.1200,9568
2025-03-31,BRA,18.0940,18.1000,17.9400,18.0620,1290
2025-04-01,BRA,18.2760,18.4620,18.0960,18.4620,1413
2025-04-02,BRA,18.3180,18.3180,18.1600,18.2200,2260
2025-04-03,BRA,18.0980,18.1100,18.0980,18.0660,110988
2025-04-04,BRA,17.8940,17.8940,16.8160,16.9660,30906
2025-04-07,BRA,15.9440,16.8300,15.8460,16.4960,6362
2025-04-08,BRA,16.8060,17.0100,16.6480,16.6480,9732
2025-04-09,BRA,16.2460,16.2500,15.7520,15.8720,7652
2025-04-10,BRA,17.3280,17.3280,16.3060,16.3060,22804
2025-04-11,BRA,16.3500,16.4700,16.2440,16.2680,20475
2025-04-14,BRA,16.6500,16.7400,16.5580,16.6140,4880
2025-04-15,BRA,16.8900,16.8920,16.6680,16.7460,62178
2025-04-16,BRA,16.6000,16.6000,16.5060,16.6320,370
2025-04-17,BRA,16.6080,16.6760,16.5840,16.7200,1225
2025-04-22,BRA,16.8240,16.8240,16.7060,16.9900,49495
2025-04-23,BRA,17.4820,17.7000,17.3980,17.6000,43266
2025-04-24,BRA,17.5840,17.7220,17.5160,17.7720,12418
2025-04-25,BRA,17.9920,17.9920,17.8300,17.8600,12239
2025-04-28,BRA,17.9180,18.1400,17.9080,17.9120,11368
2025-04-29,BRA,18.1320,18.2200,18.0060,18.2220,73406
2025-04-30,BRA,18.2100,18.2760,17.9060,18.0160,4714
2025-05-02,BRA,18.2020,18.2640,18.1160,18.1580,5002
2025-05-05,BRA,18.0460,18.2220,17.9880,18.0220,17847
2025-05-06,BRA,17.7920,17.8940,17.7120,17.8940,5207
2025-05-07,BRA,17.7940,17.9380,17.6280,17.6600,16582
2025-05-08,BRA,17.8800,18.5000,17.8800,18.5120,5549
2025-05-09,BRA,18.5160,18.6240,18.5160,18.5720,17071
2025-05-12,BRA,19.1440,19.2020,18.7000,18.7140,12659
2025-05-13,BRA,18.7200,19.1700,18.7080,19.1400,9308
2025-05-14,BRA,19.0900,19.1800,19.0000,19.1880,10743
2025-05-15,BRA,19.0080,19.1800,19.0040,19.0040,1794
2025-05-16,BRA,18.9620,19.0420,18.6880,18.9420,18938
2025-05-19,BRA,18.8160,19.0960,18.7500,19.0660,13007
2025-05-20,BRA,18.9540,18.9980,18.8780,18.9120,784
2025-05-21,BRA,18.8540,18.8540,18.6520,18.6640,783
2025-05-22,BRA,18.5460,18.7380,18.4460,18.6920,1347
2025-05-23,BRA,18.2880,18.3080,18.0000,18.3380,3147
2025-05-26,BRA,18.5140,18.5500,18.3920,18.4200,7972
2025-05-27,BRA,18.4900,18.7500,18.4900,18.6520,31687
2025-05-28,BRA,18.7380,18.7380,18.5880,18.5400,4299
2025-05-29,BRA,18.7720,18.7900,18.4720,18.4980,8945
2025-05-30,BRA,18.4680,18.5380,18.1060,18.1840,12566
2025-06-02,BRA,18.0400,18.1800,18.0400,18.0760,4251
2025-06-03,BRA,17.9680,18.1200,17.9680,18.2420,10615
2025-06-04,BRA,18.4220,18.4840,18.2520,18.2720,29029
2025-06-05,BRA,18.3100,18.3100,18.2000,18.3340,4627
2025-06-06,BRA,18.3320,18.3880,18.2420,18.3260,11496
2025-06-09,BRA,18.4320,18.5160,18.2580,18.2580,3198
2025-06-10,BRA,18.3380,18.5500,18.3380,18.4440,200
2025-06-11,BRA,18.2960,18.5600,18.2940,18.5080,2338
2025-06-12,BRA,18.5240,18.5240,18.3600,18.3740,1380
2025-06-13,BRA,18.4380,18.4460,18.3680,18.4040,2556
2025-06-16,BRA,18.5040,18.8500,18.4500,18.8500,1615
2025-06-17,BRA,18.8280,18.8680,18.7880,18.8120,1623
2025-06-18,BRA,18.8740,18.8740,18.8380,18.8160,881
2025-06-19,BRA,18.8320,18.8560,18.8320,18.7900,576
2025-06-20,BRA,18.8420,18.9500,18.7800,18.6060,4467
2025-06-23,BRA,18.5820,18.7080,18.5260,18.5260,10222
2025-06-24,BRA,18.8200,18.8200,18.5000,18.7160,3048
2025-06-25,BRA,18.6220,18.6900,18.3360,18.3360,26877
2025-06-26,BRA,18.3180,18.5180,18.2220,18.4740,13346
2025-06-27,BRA,18.5880,18.6540,18.4300,18.5220,23481
2025-06-30,BRA,18.5560,18.7920,18.3800,18.7400,36270
2025-07-01,BRA,18.9340,18.9340,18.8080,18.8080,6192
2025-07-02,BRA,18.8720,18.9600,18.7300,18.9100,9631
2025-07-03,BRA,18.8880,19.2240,18.8880,19.2100,14864
2025-07-04,BRA,19.2420,19.2420,19.1200,19.2220,12764
2025-07-07,BRA,19.2800,19.2800,18.8920,18.9160,47474
2025-07-08,BRA,18.9040,18.9700,18.8880,18.9200,1664
2025-07-09,BRA,18.9480,19.0800,18.7600,18.7600,2480
2025-07-10,BRA,18.1260,18.3440,18.0640,18.2580,57480
2025-07-11,BRA,18.2540,18.2760,18.0860,18.0880,36625
2025-07-14,BRA,18.2380,18.2380,18.1300,18.0760,23005
2025-07-15,BRA,18.1420,18.2220,18.0720,18.1980,12614
2025-07-16,BRA,18.2000,18.3180,18.0500,18.0500,9049
2025-07-17,BRA,18.3160,18.4800,18.2540,18.4500,26076
2025-07-18,BRA,18.4460,18.4760,18.1720,18.1240,63397
2025-07-21,BRA,17.8200,17.9760,17.7280,17.9760,57655
2025-07-22,BRA,17.9000,17.9640,17.8740,17.9380,7736
2025-07-23,BRA,17.8480,18.0020,17.7800,18.0020,18825
2025-07-24,BRA,18.0400,18.0800,17.8340,17.8440,32120
2025-07-25,BRA,17.8660,18.0000,17.7940,17.7940,16925
2025-07-28,BRA,17.8160,17.8520,17.7060,17.7360,16827
2025-07-29,BRA,17.7640,17.9660,17.7060,17.9120,8373
2025-07-30,BRA,17.8900,18.0180,17.8120,17.8280,91109
2025-07-31,BRA,18.2000,18.2180,17.9080,18.0600,23182
2025-08-01,BRA,17.9120,18.1740,17.8100,17.9200,21235
2025-08-04,BRA,17.9300,18.0940,17.9120,17.9860,31190
2025-08-05,BRA,17.9260,18.0140,17.9260,18.0260,9748
2025-08-06,BRA,18.0880,18.3200,18.0880,18.2460,2536
2025-08-07,BRA,18.2360,18.5020,18.2360,18.4480,2138
2025-08-08,BRA,18.5900,18.6080,18.5000,18.5280,6460
2025-08-11,BRA,18.5500,18.5500,18.4100,18.4400,7051
2025-08-12,BRA,18.4520,18.7500,18.4520,18.7500,789
2025-08-13,BRA,18.7500,18.7720,18.6180,18.6240,10037
2025-08-14,BRA,18.6460,18.6640,18.4720,18.6180,1108
2025-08-18,BRA,18.6840,18.8000,18.6460,18.8000,1270
2025-08-19,BRA,18.6520,18.7380,18.2340,18.2340,19401
2025-08-20,BRA,18.2160,18.3880,18.2160,18.3880,12981
2025-08-21,BRA,18.3580,18.3800,18.2280,18.3600,8340
2025-08-22,BRA,18.4960,18.8300,18.4960,18.8060,9256
2025-08-25,BRA,18.8000,19.1600,18.8000,19.1160,13615
2025-08-26,BRA,19.0480,19.0720,18.9000,18.9000,8157
2025-08-27,BRA,19.0080,19.1160,18.9800,19.1160,12516
2025-08-28,BRA,19.3020,19.6480,19.2660,19.6060,16284
2025-08-29,BRA,19.4960,19.5780,19.4260,19.5040,3706
2025-09-01,BRA,19.4540,19.4860,19.3560,19.3560,4874
2025-09-02,BRA,19.3500,19.3640,19.0760,19.2580,13650
2025-09-03,BRA,19.2760,19.3200,19.2160,19.2160,2823
2025-09-04,BRA,19.2020,19.2980,19.2020,19.2420,4842
2025-09-05,BRA,19.3980,19.7000,19.3980,19.4580,3827
2025-09-08,BRA,19.5880,19.5880,19.2880,19.3560,10856
2025-09-09,BRA,19.4440,19.5040,19.4360,19.5160,731
2025-09-10,BRA,19.5960,19.7600,19.5140,19.6980,2498
2025-09-11,BRA,19.7040,19.9300,19.6800,19.8640,2087
2025-09-12,BRA,19.7260,19.8820,19.6840,19.8820,12847
2025-09-15,BRA,19.8360,20.0500,19.8220,20.0500,12543
2025-09-16,BRA,20.0600,20.1200,19.9480,19.9480,50317
2025-09-17,BRA,20.0750,20.1650,19.9920,20.1300,101082
2025-09-18,BRA,20.3350,20.4000,20.2300,20.2550,51412
2025-09-19,BRA,20.3600,20.4250,20.2650,20.3100,41068
2025-09-22,BRA,20.2800,20.2900,20.0350,20.0750,24327
2025-09-23,BRA,20.1300,20.5500,20.1300,20.5100,19324
2025-09-24,BRA,20.5350,20.5900,20.4750,20.4600,13906
2025-09-25,BRA,20.4850,20.5750,20.3350,20.4050,131358
2025-09-26,BRA,20.2700,20.3000,20.2100,20.2750,22094
2025-09-29,BRA,20.3850,20.5600,20.3100,20.4600,52791
2025-09-30,BRA,20.4350,20.6100,20.3100,20.3250,51585
2025-10-01,BRA,20.2900,20.5000,20.1350,20.1650,54926
2025-10-02,BRA,20.1700,20.2700,19.8780,19.8300,58700
2025-10-03,BRA,20.0400,20.0400,19.8080,19.8700,3465
2025-10-06,BRA,20.0650,20.1050,19.9780,19.9580,9594
2025-10-07,BRA,20.0050,20.0300,19.7020,19.7480,38252
2025-10-08,BRA,19.7100,19.8940,19.7100,19.8940,15191
2025-10-09,BRA,19.8520,20.1200,19.8520,19.9580,29089
2025-10-10,BRA,19.8480,19.8560,19.2320,19.2320,24581
2025-10-13,BRA,19.4180,19.6000,19.4100,19.5920,16967
2025-10-14,BRA,19.2820,19.4340,19.1980,19.4340,70605
2025-10-15,BRA,19.4900,19.6300,19.3880,19.6300,2744
2025-10-16,BRA,19.5840,19.6120,19.3760,19.5680,56692
2025-10-17,BRA,19.1340,19.5720,19.0040,19.5700,26818
2025-10-20,BRA,19.7400,20.0800,19.6940,20.0750,6947
2025-10-21,BRA,19.9540,20.1050,19.9320,20.0650,55026
2025-10-22,BRA,19.9940,20.1000,19.9760,20.0050,67886
2025-10-23,BRA,20.1050,20.2750,20.1000,20.1900,40856
2025-10-24,BRA,20.3550,20.4950,20.2750,20.3050,25317
2025-10-27,BRA,20.4700,20.6000,20.4500,20.4450,51480
2025-10-28,BRA,20.3700,20.5050,20.3100,20.5050,6941
2025-10-29,BRA,20.6550,20.7850,20.5700,20.7450,11761
2025-10-30,BRA,20.7250,20.8300,20.6050,20.8300,30025
2025-10-31,BRA,20.8750,20.9050,20.7850,20.8600,45515
2025-11-03,BRA,20.9700,21.2300,20.9700,21.0950,45178
2025-11-04,BRA,20.9200,21.0750,20.8650,21.0950,5630
2025-11-05,BRA,21.0850,21.5000,20.9600,21.4950,49079
2025-11-06,BRA,21.5650,21.7300,21.4800,21.4850,118982
2025-11-07,BRA,21.6000,21.6000,21.2650,21.3050,35471
2025-11-10,BRA,21.6550,21.8550,21.6550,21.7450,22000
2025-11-11,BRA,21.7800,22.3900,21.7800,22.2500,40753
2025-11-12,BRA,22.3950,22.5050,22.0250,22.0250,30020
2025-11-13,BRA,22.1850,22.2100,22.1000,22.0400,27748
2025-11-14,BRA,21.9300,22.2450,21.7950,22.2100,110725
2025-11-17,BRA,22.1550,22.1600,21.9750,22.0600,54327
2025-11-18,BRA,21.7800,21.8550,21.6400,21.8500,26610
2025-11-19,BRA,21.8150,21.8550,21.7000,21.7400,12051
2025-11-20,BRA,21.9500,21.9850,21.8000,21.7850,8870
2025-11-21,BRA,21.4400,21.6200,21.2800,21.3750,35359
2025-11-24,BRA,21.5600,21.6150,21.4450,21.5950,11231
2025-11-25,BRA,21.6100,21.8050,21.4000,21.6000,36720
2025-11-26,BRA,21.8600,22.1750,21.8050,22.1550,36700
2025-11-27,BRA,22.3500,22.3500,22.1850,22.2600,13731
2025-11-28,BRA,22.2850,22.4100,22.2500,22.3650,8032
2025-12-01,BRA,22.3200,22.3450,22.1400,22.2800,30109
2025-12-02,BRA,22.2750,22.6050,22.2750,22.4850,19942
2025-12-03,BRA,22.7100,22.7550,22.6550,22.6700,12522
2025-12-04,BRA,22.6250,23.0550,22.6150,23.0200,13815
2025-12-05,BRA,23.1300,23.1500,22.2250,22.2300,74546
2025-12-08,BRA,21.6700,22.0550,21.6350,21.8200,36366
2025-12-09,BRA,21.8450,21.8450,21.2350,21.7300,40983
2025-12-10,BRA,21.7400,21.9800,21.5550,21.5750,70409
2025-12-11,BRA,21.5100,21.8400,21.4550,21.8400,37567
2025-12-12,BRA,21.9050,22.1750,21.8050,21.7800,26688
2025-12-15,BRA,22.0300,22.2800,22.0150,22.2350,19684
2025-12-16,BRA,22.0800,22.1450,21.4050,21.5400,67777
2025-12-17,BRA,21.2900,21.3750,20.9000,20.9000,37203
2025-12-18,BRA,21.0800,21.2600,20.9900,21.2400,22601
2025-12-19,BRA,21.3550,21.4850,21.2600,21.4500,12259
2025-12-22,BRA,21.3850,21.3850,20.9750,21.0050,30909
2025-12-23,BRA,20.9350,21.4600,20.9350,21.4150,21871
2025-12-29,BRA,21.5200,21.5950,21.2700,21.3200,21385
2025-12-30,BRA,21.4300,21.7800,21.4150,21.8300,1581
2026-01-02,BRA,22.0200,22.1200,21.8900,21.8900,5324
2026-01-05,BRA,22.0800,22.2850,22.0000,22.2750,14159
2026-01-06,BRA,22.4400,22.8000,22.3950,22.7950,28508
2026-01-07,BRA,22.7500,22.7500,22.3850,22.4850,15896
2026-01-08,BRA,22.4650,22.6000,22.3850,22.6000,8506
2026-01-09,BRA,22.6150,22.9150,22.6150,22.8700,20835
2026-01-12,BRA,22.6950,22.7200,22.4600,22.6300,8185
2026-01-13,BRA,22.6050,22.6500,22.3750,22.3750,13867
2026-01-14,BRA,22.4350,22.6650,22.3750,22.6400,18172
2026-01-15,BRA,22.9050,23.0450,22.8600,23.0450,36134
2026-01-16,BRA,23.1100,23.1400,22.7650,22.8950,16413
2026-01-19,BRA,22.7700,23.0000,22.6450,22.9500,11687
2026-01-20,BRA,22.7200,23.0650,22.3550,23.0650,22974
2026-01-21,BRA,23.0700,23.7450,23.0200,23.7450,23813
2026-01-22,BRA,23.9850,24.7500,23.9650,24.6500,81266
2026-01-23,BRA,24.6250,24.8200,24.5300,24.7250,24698
2026-01-26,BRA,24.8250,25.0000,24.6400,24.7100,52932
2026-01-27,BRA,24.9150,25.6150,24.7550,25.6150,46677
2026-01-28,BRA,25.5650,25.7650,25.4000,25.6100,32923
2026-01-29,BRA,25.7700,26.0300,25.2900,25.4200,32137
2026-01-30,BRA,25.3650,25.6350,25.2600,25.6350,13478
2026-02-02,BRA,24.8150,25.4200,24.6400,25.3550,35322
2026-02-03,BRA,25.5750,26.2550,25.5400,25.9950,23442
2026-02-04,BRA,25.8900,26.0650,25.2600,25.2600,41064
2026-02-05,BRA,25.3400,25.4650,24.9650,25.0200,45633
2026-02-06,BRA,25.1600,25.4750,25.0800,25.4250,24518
2026-02-09,BRA,25.5100,25.6450,25.3750,25.6150,11821
2026-02-10,BRA,25.7300,25.9650,25.7000,25.8700,25454
2026-02-11,BRA,25.9900,26.5700,25.8950,26.5700,41900
2026-02-12,BRA,26.5500,26.6050,26.1050,26.0650,17695
2026-02-13,BRA,25.9650,26.0250,25.2850,25.5700,17724
2026-02-16,BRA,25.8900,25.9500,25.8000,25.8050,8793
2026-02-17,BRA,25.7950,25.8400,25.3900,25.5850,19060
2026-02-18,BRA,25.8250,26.1700,25.8100,25.9850,27569
2026-02-19,BRA,26.0050,26.3950,25.8400,26.3950,26121
2026-02-20,BRA,26.3450,26.4950,26.0800,26.4250,18566
2026-02-23,BRA,26.7500,26.9300,26.4600,26.5150,33288
2026-02-24,BRA,26.5500,26.8250,26.4250,26.7300,24839
2026-02-25,BRA,26.9650,27.3700,26.6950,26.8500,59293
2026-02-26,BRA,26.9150,26.9150,26.3350,26.5450,31492
2026-02-27,BRA,26.5100,26.5500,26.2750,26.4600,18415
2026-03-02,BRA,26.1600,26.3700,25.8800,26.2550,63800
2026-03-03,BRA,26.2250,26.2700,24.8650,25.2400,39441
2026-03-04,BRA,25.1700,26.0250,25.0450,25.7500,21979
2026-03-05,BRA,25.7000,25.8700,25.1350,25.2600,24453
2026-03-06,BRA,25.2100,25.2100,24.7000,25.0750,65245
2026-03-09,BRA,24.6150,25.3550,24.6000,25.2950,15147
2026-03-10,BRA,25.7100,26.0250,25.4750,25.9800,21240
2026-03-11,BRA,25.9950,26.2450,25.7550,25.9950,15441
2026-03-12,BRA,26.0050,26.0900,25.1450,25.3250,9111
2026-03-13,BRA,25.1150,25.5700,25.0350,25.0700,10123
2026-03-16,BRA,25.0700,25.4000,24.9900,25.2050,12004
2026-03-17,BRA,25.4150,25.8150,25.3300,25.7500,7404
2026-03-18,BRA,25.7650,25.8000,25.3600,25.5550,9709
2026-03-19,BRA,25.2950,25.2950,24.6600,25.1550,24044
2026-03-20,BRA,25.2300,25.2900,24.4500,24.5950,11561
2026-03-23,BRA,24.3400,25.5550,24.0850,25.4300,32666
2026-03-24,BRA,25.5300,25.5300,25.1450,25.4400,14474
2026-03-25,BRA,25.7850,26.1700,25.7700,26.1050,15204
2026-03-26,BRA,25.8300,25.9850,25.5700,25.7700,6238
2026-03-27,BRA,25.6800,25.8900,25.4300,25.6550,8533
2026-03-30,BRA,25.7450,26.0900,25.6100,26.0900,13370
2026-03-31,BRA,25.9600,26.3600,25.9100,26.1750,8117
2026-04-01,BRA,26.8250,26.9050,26.5000,26.6750,7706
2026-04-02,BRA,26.4300,26.8300,26.2250,26.8300,21559
2026-04-07,BRA,26.8700,26.9400,26.3250,26.4550,22684
2026-04-08,BRA,27.2400,27.6050,27.0600,27.1250,34995
2026-04-09,BRA,27.2800,27.6300,27.0500,27.5950,12857
2026-04-10,BRA,27.8000,28.2300,27.7750,28.1300,17093
2026-04-13,BRA,28.2000,28.2700,28.0200,28.0750,8911
2026-04-14,BRA,28.3700,28.5500,28.3200,28.4550,7601
2026-04-15,BRA,28.4550,28.4950,28.2550,28.2550,176444
2026-04-16,BRA,28.2450,28.4250,28.1050,28.1800,43497
2026-04-17,BRA,28.3400,28.5750,27.9950,28.0800,15850
2026-04-20,BRA,27.9800,28.2200,27.9800,28.1500,15328
2026-04-21,BRA,28.2500,28.4150,28.1400,28.2300,8176
2026-04-22,BRA,28.0850,28.3950,27.8950,27.9000,18878
2026-04-23,BRA,27.8450,28.0450,27.7300,27.8800,11055
2026-04-24,BRA,27.4400,27.5600,27.2000,27.2800,5599
2026-04-27,BRA,27.4550,27.5850,27.3800,27.4500,20273
2026-04-28,BRA,27.3950,27.4400,26.9950,27.1250,12433
2026-04-29,BRA,27.3300,27.3300,26.8150,26.8150,5856
2026-04-30,BRA,26.5550,26.9550,26.4750,26.9750,17677
2026-05-04,BRA,27.1650,27.2150,26.8400,27.0050,68168
2026-05-05,BRA,26.9800,27.3250,26.9450,27.3250,27702
2026-05-06,BRA,27.4100,27.5350,27.1150,27.1950,19487
2026-05-07,BRA,27.2150,27.2400,26.5750,26.5950,45396
2026-05-08,BRA,26.5650,26.8900,26.5400,26.8300,14266
2026-05-11,BRA,26.7550,26.7550,26.3450,26.3400,6729
2026-05-12,BRA,26.2300,26.3850,26.1000,26.0850,19805
2026-05-13,BRA,26.2900,26.3900,25.8150,26.1050,8698
2026-05-14,BRA,25.3000,25.6700,25.0600,25.6800,16871
2026-05-15,BRA,25.3550,25.4050,24.7700,24.8650,12324
2026-05-18,BRA,25.0700,25.2600,25.0150,25.2300,9103
2026-05-19,BRA,25.3900,25.3950,24.7550,24.8100,44102
2026-05-20,BRA,24.9500,25.3900,24.9000,25.3550,24762
2026-05-21,BRA,25.2800,25.4850,25.2350,25.4550,7196
2026-05-22,BRA,25.5950,25.6000,25.0450,25.1650,28682
2026-05-25,BRA,25.2850,25.4000,25.2350,25.3000,33970
2026-05-26,BRA,25.2250,25.3650,25.0550,25.0950,14176
2026-08-24,BRA,24.3500,24.7950,24.2150,24.7950,1498
2026-08-25,BRA,24.6850,24.7000,24.4300,24.6000,6199
2026-08-26,BRA,24.9150,25.1550,24.8950,24.9700,10954
2026-08-27,BRA,24.9550,25.0000,24.7700,24.7700,7570
2026-08-28,BRA,24.9450,25.0700,24.6600,24.6950,8380
2026-08-31,BRA,24.8750,25.4050,24.8750,25.1750,13247
2026-09-01,BRA,25.1500,25.9000,25.0300,25.7850,18330
2026-09-02,BRA,25.7100,26.8300,25.6200,26.7150,27917
2026-09-03,BRA,26.7800,27.2200,26.5950,26.7200,32945
2026-09-04,BRA,26.7200,26.7900,26.3600,26.6550,72890
2026-09-07,BRA,26.6500,26.6500,26.4900,26.4950,2272
2026-09-08,BRA,26.5050,27.3700,26.5050,27.1850,99831
2024-09-09,CHIP,42.2700,42.6750,41.9000,42.1800,2945
2024-09-10,CHIP,42.4950,43.0200,42.4350,42.8200,18304
2024-09-11,CHIP,43.0500,44.0200,42.9600,43.4400,3001
2024-09-12,CHIP,45.7700,46.2150,45.3300,45.8550,75406
2024-09-13,CHIP,46.1000,46.3050,45.9050,46.2700,4260
2024-09-16,CHIP,46.1600,46.2150,45.2000,45.6350,11543
2024-09-17,CHIP,45.5300,46.0800,45.5300,45.7700,16003
2024-09-18,CHIP,45.5550,45.5550,45.2700,45.2600,1723
2024-09-19,CHIP,46.0550,46.8000,45.8700,46.8700,5751
2024-09-20,CHIP,46.3200,46.4600,45.8450,45.7750,11332
2024-09-23,CHIP,46.2900,46.4750,46.0200,46.1200,8806
2024-09-24,CHIP,46.7850,46.9100,46.2550,46.7450,6115
2024-09-25,CHIP,47.0000,48.0500,46.8650,47.9150,4364
2024-09-26,CHIP,49.2900,49.6900,48.1500,48.4900,15410
2024-09-27,CHIP,48.7700,49.0300,47.8800,47.9400,26930
2024-09-30,CHIP,47.6550,47.8500,46.7350,47.4550,16437
2024-10-01,CHIP,47.8850,48.1900,46.4800,46.7000,21856
2024-10-02,CHIP,46.6800,47.7150,46.4000,47.7150,16491
2024-10-03,CHIP,47.4850,48.4400,47.1100,48.1400,66136
2024-10-04,CHIP,48.1500,49.2300,48.0700,48.6950,6983
2024-10-07,CHIP,49.2050,49.4400,48.6100,49.4700,44817
2024-10-08,CHIP,49.1300,50.2300,49.1300,50.1600,4466
2024-10-09,CHIP,50.2800,50.7300,49.9700,50.7100,21617
2024-10-10,CHIP,50.9000,51.0100,50.1800,50.9700,17369
2024-10-11,CHIP,51.2500,51.2500,50.6100,51.0700,25248
2024-10-14,CHIP,51.2300,52.3900,51.1300,52.0100,19456
2024-10-15,CHIP,52.4400,52.4700,49.8400,50.2700,25064
2024-10-16,CHIP,49.9400,50.3600,49.5650,50.1400,24700
2024-10-17,CHIP,51.2400,52.1000,50.9600,51.9400,55896
2024-10-18,CHIP,51.3600,51.5600,51.1400,51.2700,13433
2024-10-21,CHIP,51.1900,51.6000,50.6800,51.1400,4822
2024-10-22,CHIP,51.6900,51.7400,51.4300,51.7200,8852
2024-10-23,CHIP,51.6900,51.7400,50.8000,51.4200,9544
2024-10-24,CHIP,51.4500,51.4900,50.8700,50.9900,6060
2024-10-25,CHIP,51.2400,52.1100,51.1300,52.0900,3966
2024-10-28,CHIP,51.6800,51.8900,51.1600,51.1900,6925
2024-10-29,CHIP,51.3800,51.7500,51.0400,51.7100,3986
2024-10-30,CHIP,51.6000,51.6100,50.5400,50.7400,6028
2024-10-31,CHIP,49.8600,50.1800,48.6150,48.8050,13495
2024-11-01,CHIP,49.2750,50.0700,49.1650,50.0700,9021
2024-11-04,CHIP,50.0000,50.1600,49.3150,50.1600,24674
2024-11-05,CHIP,49.4700,50.1400,49.4600,50.0700,2005
2024-11-06,CHIP,51.8400,52.0000,51.2500,51.6300,12536
2024-11-07,CHIP,52.4200,52.9500,51.9800,52.9000,8669
2024-11-08,CHIP,53.5700,53.5700,52.5000,53.1800,19754
2024-11-11,CHIP,53.3900,53.4000,51.9300,52.6200,30726
2024-11-12,CHIP,51.9600,52.6200,51.9000,52.3200,92570
2024-11-13,CHIP,52.1800,52.2200,50.6600,51.7600,32497
2024-11-14,CHIP,51.6800,52.3600,51.6800,52.2200,12247
2024-11-15,CHIP,51.5300,51.5400,50.5200,50.9200,36840
2024-11-18,CHIP,50.6200,50.6900,49.5700,50.5300,33516
2024-11-19,CHIP,50.7700,50.8600,49.9000,50.7000,17502
2024-11-20,CHIP,51.2200,51.2400,50.1900,50.5400,30094
2024-11-21,CHIP,50.3000,51.7700,49.7600,50.6700,106289
2024-11-22,CHIP,51.5900,51.9700,51.2800,51.3800,10500
2024-11-25,CHIP,51.6700,51.7100,50.4500,51.7100,13987
2024-11-26,CHIP,50.6200,51.0700,50.2900,50.4100,4819
2024-11-27,CHIP,50.1300,50.1900,48.4950,48.5650,9068
2024-11-28,CHIP,49.8150,49.9850,49.7150,49.8650,8671
2024-11-29,CHIP,49.7350,50.3400,49.4500,50.2800,3764
2024-12-02,CHIP,50.3900,51.4900,50.0100,51.4600,16562
2024-12-03,CHIP,51.5100,51.5600,51.1300,51.4400,1904
2024-12-04,CHIP,52.0100,52.8800,51.8800,52.1900,4585
2024-12-05,CHIP,52.3800,52.5000,51.9800,52.2100,10106
2024-12-06,CHIP,51.6900,52.0400,51.4700,51.6500,25980
2024-12-09,CHIP,52.0700,52.1000,51.0500,51.4500,6044
2024-12-10,CHIP,51.1000,51.5300,50.8000,50.7900,34087
2024-12-11,CHIP,50.6000,51.5100,50.6000,51.5700,3613
2024-12-12,CHIP,51.8700,51.8700,51.0300,51.1500,10015
2024-12-13,CHIP,52.3800,53.5700,52.3800,52.4300,37248
2024-12-16,CHIP,53.1200,54.0700,53.0200,54.0000,9297
2024-12-17,CHIP,53.7000,54.1000,52.8000,53.1200,11102
2024-12-18,CHIP,53.5600,54.3000,53.5600,54.1000,6894
2024-12-19,CHIP,52.6500,52.8500,51.9300,52.5500,81713
2024-12-20,CHIP,51.4000,52.7400,50.6100,52.6200,29771
2024-12-23,CHIP,53.0500,53.8400,52.9000,53.8000,36246
2024-12-27,CHIP,54.4700,54.6500,53.4400,53.8700,7689
2024-12-30,CHIP,53.8700,53.9500,53.1000,53.6100,80332
2025-01-02,CHIP,53.5500,54.5900,53.4100,54.4300,17423
2025-01-03,CHIP,54.3700,55.2200,54.2400,55.2200,5602
2025-01-06,CHIP,55.8100,57.4200,55.7800,57.2700,16795
2025-01-07,CHIP,56.8400,57.6700,55.5800,56.1900,22666
2025-01-08,CHIP,55.8100,56.1500,54.9000,55.6600,14586
2025-01-09,CHIP,54.7800,55.2600,54.7800,55.2100,5046
2025-01-10,CHIP,55.0900,55.3200,53.9900,54.4200,38710
2025-01-13,CHIP,53.9400,54.0200,53.1200,53.5800,29377
2025-01-14,CHIP,54.5800,54.6400,53.3300,53.4400,21852
2025-01-15,CHIP,53.3900,54.9400,53.3700,54.9400,30445
2025-01-16,CHIP,56.2800,56.5000,55.5000,55.9600,61024
2025-01-17,CHIP,55.2300,56.2400,55.1500,56.1800,30352
2025-01-20,CHIP,56.3200,56.5100,55.9200,56.2700,11067
2025-01-21,CHIP,56.1900,56.6200,55.8000,56.2800,50972
2025-01-22,CHIP,57.0500,57.9600,56.9000,57.9400,32823
2025-01-23,CHIP,57.4400,57.4500,56.6500,57.0100,16101
2025-01-24,CHIP,57.1100,57.5000,56.5100,56.6600,11262
2025-01-27,CHIP,53.9500,53.9500,49.6800,49.6800,84869
2025-01-28,CHIP,50.7700,51.4200,49.2600,49.9350,75709
2025-01-29,CHIP,52.6000,52.8900,50.9000,50.9000,36120
2025-01-30,CHIP,52.0100,52.2100,51.1800,52.2100,29104
2025-01-31,CHIP,52.4200,53.6000,52.4000,53.4300,17580
2025-02-03,CHIP,51.4100,51.8600,50.6100,51.8600,67726
2025-02-04,CHIP,51.6400,52.3000,51.2700,52.3000,8043
2025-02-05,CHIP,52.0600,52.6200,51.6700,52.6300,12315
2025-02-06,CHIP,53.2500,53.6500,53.1600,53.3400,11721
2025-02-07,CHIP,53.9700,54.1600,53.2100,53.3500,15168
2025-02-10,CHIP,53.6200,54.6600,53.5000,54.6300,22058
2025-02-11,CHIP,54.4000,54.6600,54.0000,54.4600,19650
2025-02-12,CHIP,54.3700,54.4500,53.4000,53.6600,9121
2025-02-13,CHIP,53.9000,54.5100,53.5700,54.5100,17055
2025-02-14,CHIP,54.2000,54.2700,53.9100,54.2700,14659
2025-02-17,CHIP,54.9300,54.9800,54.5100,54.9800,4428
2025-02-18,CHIP,55.0500,55.3700,54.7500,55.0900,7772
2025-02-19,CHIP,55.0700,55.5600,55.0000,55.5700,10775
2025-02-20,CHIP,55.2300,55.6000,54.7200,54.8700,8284
2025-02-21,CHIP,55.1400,55.5000,54.8900,55.1600,5470
2025-02-24,CHIP,54.0400,54.2700,52.7800,53.3900,6675
2025-02-25,CHIP,51.9500,52.4100,50.7500,51.4000,11916
2025-02-26,CHIP,51.8300,52.7600,51.7000,52.6300,3558
2025-02-27,CHIP,52.5000,53.2200,51.2000,51.3800,17403
2025-02-28,CHIP,49.5900,50.1000,48.6700,49.6650,14325
2025-03-03,CHIP,50.4000,50.4800,48.6450,49.7750,7021
2025-03-04,CHIP,47.7100,47.8700,46.3850,46.8500,17482
2025-03-05,CHIP,47.9800,48.0000,46.6500,46.7250,17444
2025-03-06,CHIP,46.8050,46.8050,45.5200,46.0800,18413
2025-03-07,CHIP,46.2400,46.4500,45.0850,45.1350,12930
2025-03-10,CHIP,46.0350,46.0850,44.3200,44.6150,23495
2025-03-11,CHIP,44.2750,44.7600,43.5050,44.1400,18400
2025-03-12,CHIP,44.7000,46.1250,44.6000,45.9500,12871
2025-03-13,CHIP,45.2950,46.1700,45.2200,45.6150,6651
2025-03-14,CHIP,45.9900,46.8000,45.9400,46.6300,3754
2025-03-17,CHIP,46.7150,47.0050,46.4000,46.7100,5049
2025-03-18,CHIP,46.6200,46.7300,45.7950,46.1150,26217
2025-03-19,CHIP,45.7700,47.1000,45.7700,47.1000,2897
2025-03-20,CHIP,47.0750,47.2800,46.4200,46.6550,6844
2025-03-21,CHIP,46.6700,46.6700,45.8150,46.4950,4157
2025-03-24,CHIP,47.1350,47.8600,46.9650,47.8600,2342
2025-03-25,CHIP,47.5600,47.5600,47.2450,47.4500,2330
2025-03-26,CHIP,47.2600,47.2600,45.6950,45.7250,10970
2025-03-27,CHIP,45.3600,45.5300,44.5800,44.7400,10655
2025-03-28,CHIP,44.4500,44.6400,43.1500,43.2800,4144
2025-03-31,CHIP,41.7200,42.5550,41.7200,42.2850,27258
2025-04-01,CHIP,43.0850,43.5200,42.7750,43.5200,5376
2025-04-02,CHIP,43.4000,43.5600,42.7000,43.5600,2595
2025-04-03,CHIP,41.4900,41.7650,39.8000,39.9200,13450
2025-04-04,CHIP,39.2950,39.8000,36.3000,37.5700,13156
2025-04-07,CHIP,32.3450,38.1450,32.3450,36.7350,24806
2025-04-08,CHIP,38.5200,40.2450,38.1950,39.6100,16333
2025-04-09,CHIP,37.2300,37.7650,36.0000,36.9550,6806
2025-04-10,CHIP,43.4700,43.4700,39.8000,39.5750,15147
2025-04-11,CHIP,40.1200,40.1200,38.9250,39.4550,3510
2025-04-14,CHIP,40.9450,41.5600,40.4200,40.6450,76106
2025-04-15,CHIP,40.4850,41.0700,40.3750,41.0700,9255
2025-04-16,CHIP,38.5000,39.3550,38.4250,39.1350,4075
2025-04-17,CHIP,39.4300,39.6150,37.9700,38.1400,26734
2025-04-22,CHIP,37.2750,37.5000,36.9700,37.4200,1275
2025-04-23,CHIP,39.0200,40.0500,38.8600,39.7950,10587
2025-04-24,CHIP,39.2900,40.7150,38.7650,40.5800,2765
2025-04-25,CHIP,41.2200,41.2650,40.6000,41.1750,6325
2025-04-28,CHIP,41.7850,41.7850,40.7200,40.7100,6511
2025-04-29,CHIP,41.5300,41.6700,41.0300,41.3000,1974
2025-04-30,CHIP,41.2950,41.3850,40.2100,41.0650,2500
2025-05-02,CHIP,42.7100,43.7850,42.7100,43.7850,30809
2025-05-05,CHIP,43.6700,43.8500,43.3800,43.8000,47143
2025-05-06,CHIP,43.2350,43.2350,42.6100,43.1300,2784
2025-05-07,CHIP,43.3100,43.3600,42.9400,43.1400,2101
2025-05-08,CHIP,44.8000,45.1900,44.1400,44.5800,77478
2025-05-09,CHIP,45.1250,45.2900,44.5800,44.7950,7935
2025-05-12,CHIP,46.8500,48.1850,46.8250,47.6400,10968
2025-05-13,CHIP,47.5150,49.4950,47.5150,49.4600,18341
2025-05-14,CHIP,49.9000,50.1300,49.4400,49.9600,6207
2025-05-15,CHIP,49.9400,50.0200,49.3000,50.0200,17174
2025-05-16,CHIP,49.7900,50.2500,49.4900,49.8250,3925
2025-05-19,CHIP,48.9000,49.3000,47.9850,49.1100,59300
2025-05-20,CHIP,49.1100,49.2700,48.9550,49.0200,3915
2025-05-21,CHIP,48.7750,49.4200,48.3300,49.4250,6289
2025-05-22,CHIP,48.6400,48.7800,48.1700,48.5750,11161
2025-05-23,CHIP,48.3900,48.4350,46.8800,47.6900,11847
2025-05-26,CHIP,48.1600,48.5500,48.1600,48.3500,11451
2025-05-27,CHIP,48.3500,48.9650,48.1850,48.9250,3311
2025-05-28,CHIP,49.0000,49.3850,48.7750,49.1450,7957
2025-05-29,CHIP,50.4700,50.9300,49.2450,49.7400,19162
2025-05-30,CHIP,49.2100,49.4050,48.4450,48.6650,4072
2025-06-02,CHIP,47.8750,48.7500,47.7750,48.6800,13985
2025-06-03,CHIP,48.7050,50.2400,48.6450,50.1500,7257
2025-06-04,CHIP,50.4000,50.8300,50.1600,50.5500,3212
2025-06-05,CHIP,50.7200,51.1200,50.3600,51.1400,7161
2025-06-06,CHIP,50.3900,51.0900,50.2000,50.8200,2301
2025-06-09,CHIP,50.4800,51.6000,50.4800,51.4200,5298
2025-06-10,CHIP,51.4200,51.5700,51.1300,51.5200,4962
2025-06-11,CHIP,51.8600,52.2200,51.8600,52.1100,5201
2025-06-12,CHIP,51.7000,51.9000,50.4800,51.7300,33438
2025-06-13,CHIP,50.9700,51.3100,50.5700,50.8200,22291
2025-06-16,CHIP,50.8900,51.9200,50.8900,51.9200,4606
2025-06-17,CHIP,51.5100,52.0000,51.3900,51.8600,2157
2025-06-18,CHIP,51.7700,52.2300,51.6600,51.9300,2944
2025-06-19,CHIP,51.7900,51.7900,51.1400,51.2600,1324
2025-06-20,CHIP,51.8000,52.3000,50.9900,51.2800,7277
2025-06-23,CHIP,51.2500,51.7000,51.2500,51.3700,5683
2025-06-24,CHIP,52.5400,53.0800,52.2200,52.9300,20928
2025-06-25,CHIP,53.3600,54.1500,53.3600,53.7800,8574
2025-06-26,CHIP,54.2000,54.5500,53.9700,54.1500,19732
2025-06-27,CHIP,54.5300,54.7500,54.2300,54.7000,6939
2025-06-30,CHIP,54.8100,54.8500,54.3600,54.4300,18796
2025-07-01,CHIP,54.3900,54.5400,52.9700,53.4200,22018
2025-07-02,CHIP,53.7500,54.3900,53.1000,54.2600,6633
2025-07-03,CHIP,54.3700,55.3700,54.2900,55.1800,5425
2025-07-04,CHIP,54.7700,54.7700,54.3500,54.4200,1050
2025-07-07,CHIP,54.5200,54.8900,54.5000,54.6200,3639
2025-07-08,CHIP,54.6200,55.2300,54.6200,55.1500,3155
2025-07-09,CHIP,55.0500,56.0800,55.0300,55.6500,6559
2025-07-10,CHIP,55.5900,56.2900,55.5900,56.0400,12882
2025-07-11,CHIP,56.1800,56.5200,55.7300,56.3000,4269
2025-07-14,CHIP,55.9900,56.1300,55.2900,56.0000,11030
2025-07-15,CHIP,57.0900,57.9300,56.9600,57.8500,22805
2025-07-16,CHIP,57.2100,57.5300,56.3200,56.3200,15692
2025-07-17,CHIP,58.0900,58.1800,57.3800,58.1500,19559
2025-07-18,CHIP,58.0900,58.0900,57.3300,57.4300,3745
2025-07-21,CHIP,57.7600,57.9100,57.2700,57.6800,21432
2025-07-22,CHIP,57.0000,57.2000,55.5400,56.1600,6982
2025-07-23,CHIP,55.8800,56.1900,55.7300,56.1600,18346
2025-07-24,CHIP,56.7100,57.0400,56.2000,56.5600,9566
2025-07-25,CHIP,56.8100,56.9200,56.5800,56.7500,8607
2025-07-28,CHIP,57.3400,57.8300,57.3100,57.7300,5062
2025-07-29,CHIP,58.6500,59.2000,58.3000,58.4300,10948
2025-07-30,CHIP,58.7700,59.4800,58.5600,59.2200,8604
2025-07-31,CHIP,60.0400,60.2100,58.8200,58.9300,19769
2025-08-01,CHIP,57.9900,58.0000,55.8600,56.9200,27699
2025-08-04,CHIP,57.1700,57.8200,57.1300,57.7800,3856
2025-08-05,CHIP,58.6500,58.6500,57.3000,57.3300,16423
2025-08-06,CHIP,57.4400,57.4700,56.7300,57.0000,4506
2025-08-07,CHIP,57.7600,59.0200,57.7600,58.4200,8590
2025-08-08,CHIP,58.4100,58.6800,58.2700,58.5500,6248
2025-08-11,CHIP,58.8000,59.4200,58.3000,59.3400,4864
2025-08-12,CHIP,58.7300,59.3900,58.6000,59.2300,14362
2025-08-13,CHIP,59.6900,60.0900,59.1600,59.2200,4394
2025-08-14,CHIP,59.4500,59.7400,58.9800,59.5100,10909
2025-08-18,CHIP,58.8600,59.0000,58.5200,58.7600,13945
2025-08-19,CHIP,58.9400,59.1900,58.1100,58.2900,3313
2025-08-20,CHIP,57.2900,57.5500,55.7200,56.6600,7369
2025-08-21,CHIP,57.2900,57.4500,56.9000,57.0900,8428
2025-08-22,CHIP,56.7400,58.1100,56.6500,57.8900,21451
2025-08-25,CHIP,57.6900,58.3500,57.4900,58.3500,6445
2025-08-26,CHIP,58.2700,58.7000,58.2100,58.5700,2442
2025-08-27,CHIP,59.1000,59.2200,58.6300,58.9600,6127
2025-08-28,CHIP,58.5800,59.5000,58.3500,58.9000,7125
2025-08-29,CHIP,58.6900,58.8000,56.9400,57.2000,16570
2025-09-01,CHIP,57.0000,57.2400,56.9700,57.2400,2405
2025-09-02,CHIP,56.9700,57.0300,55.8500,56.0500,13091
2025-09-03,CHIP,56.7500,57.0500,56.5200,56.5500,11613
2025-09-04,CHIP,56.7200,57.1100,56.5700,57.0000,5474
2025-09-05,CHIP,58.0900,58.6300,57.1000,57.5700,8807
2025-09-08,CHIP,58.0600,58.8900,57.8700,58.7900,8057
2025-09-09,CHIP,58.8400,58.9000,58.4900,58.5700,8405
2025-09-10,CHIP,59.9000,61.4600,59.8600,61.2800,15557
2025-09-11,CHIP,61.2700,61.7500,61.1600,61.4000,10750
2025-09-12,CHIP,61.1500,61.5600,61.1100,61.3700,7349
2025-09-15,CHIP,61.4600,61.4600,60.6500,61.4300,10039
2025-09-16,CHIP,61.9400,62.1400,61.3300,61.2600,6630
2025-09-17,CHIP,61.2700,61.3900,60.4000,60.4400,11393
2025-09-18,CHIP,61.4200,62.6700,61.3200,62.6000,18995
2025-09-19,CHIP,62.2700,62.4800,62.0300,62.1000,5422
2025-09-22,CHIP,62.4900,62.6500,62.1000,62.5900,4899
2025-09-23,CHIP,63.5000,63.8200,63.4400,63.7600,26150
2025-09-24,CHIP,63.3100,63.5900,63.1800,63.3400,6407
2025-09-25,CHIP,63.0600,63.2800,61.9100,63.0400,14991
2025-09-26,CHIP,63.0200,63.2700,62.4900,62.7200,5243
2025-09-29,CHIP,63.4500,64.0500,63.4200,63.7900,12783
2025-09-30,CHIP,63.2000,63.9900,63.0000,63.8300,13213
2025-10-01,CHIP,63.2700,64.6400,63.1100,64.6400,11627
2025-10-02,CHIP,65.6900,66.5600,65.4700,66.4100,14918
2025-10-03,CHIP,66.7700,66.8500,65.0100,66.6800,8806
2025-10-06,CHIP,66.8800,68.0500,66.7000,67.5500,28675
2025-10-07,CHIP,67.4200,68.1000,66.7800,66.7800,10494
2025-10-08,CHIP,66.9300,68.0300,66.6000,68.0300,10717
2025-10-09,CHIP,68.9400,69.1100,68.6000,68.9500,10498
2025-10-10,CHIP,68.9600,69.1300,66.3800,66.3800,10611
2025-10-13,CHIP,66.8900,68.2400,66.8900,68.0600,15687
2025-10-14,CHIP,67.2300,67.2800,66.0400,66.6500,12312
2025-10-15,CHIP,67.6700,68.3400,67.4500,67.9100,10707
2025-10-16,CHIP,68.5700,68.8700,68.2100,68.3900,19030
2025-10-17,CHIP,66.7600,68.0100,65.8900,67.1000,14107
2025-10-20,CHIP,68.6100,69.3300,68.5000,69.1800,11789
2025-10-21,CHIP,68.7700,69.1100,68.0600,68.5900,4837
2025-10-22,CHIP,68.2300,68.5100,67.0000,67.0000,8216
2025-10-23,CHIP,67.7600,68.2500,66.8600,68.2500,7856
2025-10-27,CHIP,70.8900,71.2100,70.7100,71.1000,11008
2025-10-28,CHIP,71.1500,71.9300,70.9200,71.6100,7893
2025-10-29,CHIP,74.0000,74.8900,73.8400,74.1100,14795
2025-10-30,CHIP,74.7500,74.7500,73.5500,74.0100,8501
2025-10-31,CHIP,74.5400,74.8500,73.8500,73.8500,9852
2025-11-03,CHIP,74.1000,75.3800,74.1000,74.7400,8538
2025-11-04,CHIP,73.3600,74.0700,72.8100,73.4200,12069
2025-11-05,CHIP,71.2800,73.6500,71.1800,73.5800,11505
2025-11-06,CHIP,72.2600,73.0800,70.7800,70.9000,11980
2025-11-07,CHIP,71.0400,71.0600,67.7100,67.8900,14774
2025-11-10,CHIP,71.5600,72.4000,71.4800,71.6900,24402
2025-11-11,CHIP,72.1700,72.2200,70.4300,70.8000,6221
2025-11-12,CHIP,71.5500,72.0000,71.1400,71.5700,5541
2025-11-13,CHIP,71.4600,71.6800,68.8800,69.1200,10009
2025-11-14,CHIP,68.2200,69.8900,66.7900,69.8100,27922
2025-11-17,CHIP,70.0800,70.2300,68.7200,69.2200,12104
2025-11-18,CHIP,67.8900,68.3500,66.4200,67.6700,21493
2025-11-19,CHIP,67.1300,69.3600,67.0000,68.4200,9005
2025-11-20,CHIP,71.5100,71.5400,69.6200,69.7000,16912
2025-11-21,CHIP,66.0200,66.6300,64.3100,65.8300,35208
2025-11-24,CHIP,66.4800,68.5000,65.9500,68.4300,14182
2025-11-25,CHIP,68.3000,68.3700,66.1800,67.3000,21260
2025-11-26,CHIP,68.7400,69.7400,68.2700,69.7400,10540
2025-11-27,CHIP,69.7300,69.8300,69.5600,69.5800,4338
2025-11-28,CHIP,69.8500,70.4100,69.7400,69.8400,15632
2025-12-01,CHIP,69.0700,69.7500,68.5400,69.7500,11836
2025-12-02,CHIP,69.6600,71.2000,69.6000,69.9000,12662
2025-12-03,CHIP,70.7700,70.9200,69.6000,70.0100,9149
2025-12-04,CHIP,70.5200,70.6400,70.1400,70.5900,32387
2025-12-05,CHIP,71.1800,71.6600,70.9100,71.1400,4967
2025-12-08,CHIP,71.7500,72.6200,71.7300,72.1300,4810
2025-12-09,CHIP,72.9000,72.9600,71.8900,72.4300,7846
2025-12-10,CHIP,72.7200,72.7700,72.1800,72.2000,3191
2025-12-11,CHIP,71.3500,71.9100,70.2100,70.4200,5775
2025-12-12,CHIP,71.0300,71.0500,68.4200,68.6200,9543
2025-12-15,CHIP,68.4400,68.8500,67.5300,68.2000,7110
2025-12-16,CHIP,66.7400,67.5300,66.6800,67.0200,6455
2025-12-17,CHIP,67.7400,68.1400,65.3300,65.4600,8328
2025-12-18,CHIP,66.0800,67.0900,65.9100,66.8700,1772
2025-12-19,CHIP,67.4600,68.4400,66.9000,68.1200,14631
2025-12-22,CHIP,69.3100,69.4400,68.8400,69.0000,4772
2025-12-23,CHIP,69.0500,69.7400,68.7000,69.7400,4179
2025-12-29,CHIP,70.7500,70.8700,69.9600,70.4600,10052
2025-12-30,CHIP,70.5600,71.0400,70.2500,71.0900,19442
2026-01-02,CHIP,71.5300,73.3700,71.5200,72.5300,10286
2026-01-05,CHIP,73.8500,74.7500,73.7100,74.1300,11995
2026-01-06,CHIP,74.0800,75.2100,73.8500,74.8700,3812
2026-01-07,CHIP,74.7100,75.1400,74.2400,74.8000,5015
2026-01-08,CHIP,74.5600,74.8300,73.2200,73.2600,15621
2026-01-09,CHIP,73.8200,75.2200,73.8000,75.1600,7696
2026-01-12,CHIP,74.4100,75.4300,73.9300,75.2900,11982
2026-01-13,CHIP,75.3700,76.2700,75.2900,76.2700,9396
2026-01-14,CHIP,75.8800,75.9600,74.3700,74.6400,10660
2026-01-15,CHIP,75.9100,78.0100,75.9100,77.6200,38196
2026-01-16,CHIP,77.6000,78.1600,77.2500,77.6400,13626
2026-01-19,CHIP,76.5100,76.6300,75.8300,76.0900,9237
2026-01-20,CHIP,75.3600,75.6600,74.5400,75.5300,22344
2026-01-21,CHIP,75.3900,76.8500,74.7600,76.8200,15732
2026-01-22,CHIP,77.4900,77.9900,76.8400,77.1100,6405
2026-01-23,CHIP,76.7200,77.0500,76.3100,76.7200,11170
2026-01-26,CHIP,75.9600,76.2400,75.3200,75.8000,11204
2026-01-27,CHIP,76.9000,77.4200,76.3500,77.2900,6856
2026-01-28,CHIP,79.5400,79.5800,78.4300,79.0700,13205
2026-01-29,CHIP,78.8700,79.0400,76.3900,77.1400,23205
2026-01-30,CHIP,77.3000,78.9500,77.2000,78.2600,23867
2026-02-02,CHIP,76.0800,78.4900,75.7500,78.4500,16110
2026-02-03,CHIP,78.8100,78.9800,76.2000,76.3000,20916
2026-02-04,CHIP,76.1600,76.4300,73.5300,73.5300,21773
2026-02-05,CHIP,74.5300,74.8300,72.4400,74.1200,22253
2026-02-06,CHIP,73.2400,76.7500,73.2400,76.7500,15189
2026-02-09,CHIP,76.9400,78.3100,75.9500,78.3100,18286
2026-02-10,CHIP,78.1000,78.6900,77.5200,77.9300,16110
2026-02-11,CHIP,78.1500,80.0600,77.6100,79.1100,13719
2026-02-12,CHIP,79.8500,80.3000,77.8700,78.2500,13685
2026-02-13,CHIP,78.1400,78.5600,76.7700,77.8700,28152
2026-02-16,CHIP,78.0800,78.4000,77.4500,77.4600,6366
2026-02-17,CHIP,77.6800,78.0300,76.4000,78.0300,20202
2026-02-18,CHIP,78.7800,80.0700,78.6200,80.0700,6680
2026-02-19,CHIP,79.7000,79.8300,78.7300,79.1600,3303
2026-02-20,CHIP,79.5800,80.4300,78.8700,80.2500,9021
2026-02-23,CHIP,79.1500,80.5500,79.0700,79.7200,8651
2026-02-24,CHIP,80.6100,81.3800,79.9900,81.2500,6610
2026-02-25,CHIP,81.5000,82.9000,81.5000,82.4300,4505
2026-02-26,CHIP,82.9800,83.2400,78.7600,80.0800,15384
2026-02-27,CHIP,79.4200,79.7600,77.8300,78.5900,6479
2026-03-02,CHIP,76.7700,78.8000,76.4800,78.8000,11455
2026-03-03,CHIP,77.3700,77.3700,75.5900,76.4300,17351
2026-03-04,CHIP,76.0600,78.3900,75.9900,77.9700,12194
2026-03-05,CHIP,78.2500,78.9300,77.7600,78.2500,4437
2026-03-09,CHIP,73.8100,76.6100,73.4600,76.5900,32850
2026-03-10,CHIP,77.8100,79.1900,77.3000,78.8000,13509
2026-03-11,CHIP,78.9900,79.9200,78.5400,79.2900,3927
2026-03-12,CHIP,79.1400,79.2100,77.1500,77.9400,3404
2026-03-13,CHIP,77.4900,78.9100,77.3900,77.4800,3085
2026-03-16,CHIP,78.5000,79.2800,77.8800,78.9300,3243
2026-03-17,CHIP,78.2400,78.8600,77.9500,78.4100,1354
2026-03-18,CHIP,79.7700,79.8800,78.4500,78.6700,4880
2026-03-19,CHIP,77.7800,77.8500,76.0000,77.2500,8593
2026-03-20,CHIP,77.4300,77.8200,75.8900,75.9400,5416
2026-03-23,CHIP,74.3500,77.9000,74.0700,76.7600,22551
2026-03-24,CHIP,76.8900,77.2100,75.8700,76.7800,11060
2026-03-25,CHIP,77.7700,78.1100,77.1800,77.8200,4339
2026-03-26,CHIP,77.1700,77.1700,75.3000,75.4700,4396
2026-03-27,CHIP,75.0900,75.0900,73.3000,73.5400,7559
2026-03-30,CHIP,73.3500,74.2000,71.9200,72.7000,6329
2026-03-31,CHIP,71.8000,73.0400,71.4600,72.6500,9411
2026-04-01,CHIP,75.9000,76.5600,75.0300,76.5500,3065
2026-04-02,CHIP,74.3600,75.9600,73.5000,75.7700,10261
2026-04-07,CHIP,76.8100,77.1300,75.6800,76.1800,5582
2026-04-08,CHIP,80.6400,81.6400,80.5100,80.9300,42159
2026-04-09,CHIP,80.8600,81.9000,80.4500,81.9000,9705
2026-04-10,CHIP,82.5400,84.3800,82.3800,84.2700,7833
2026-04-13,CHIP,83.2300,84.1800,83.0600,83.9700,7337
2026-04-14,CHIP,85.4200,85.8900,85.0500,85.8100,6518
2026-04-15,CHIP,86.9900,87.3000,86.5200,87.0800,20168
2026-04-16,CHIP,88.1100,88.1700,86.8700,88.0000,13975
2026-04-17,CHIP,87.6900,89.7400,87.5200,89.1800,22721
2026-04-20,CHIP,88.6400,89.1300,88.2500,88.2500,8224
2026-04-21,CHIP,89.4200,89.9900,89.0000,89.4200,9389
2026-04-22,CHIP,90.0900,91.2200,89.9900,91.2200,7959
2026-04-23,CHIP,92.0200,93.0900,91.2300,93.0900,10972
2026-04-24,CHIP,93.9800,96.1900,93.7000,96.0000,14177
2026-04-27,CHIP,96.7300,97.3600,95.2200,95.6000,21367
2026-04-28,CHIP,96.0400,96.1600,92.8000,92.8600,34862
2026-04-29,CHIP,94.7300,95.2700,94.3600,94.8500,6726
2026-04-30,CHIP,95.0800,96.3600,93.9600,95.1900,16454
2026-05-04,CHIP,97.2600,97.6200,95.9500,96.1300,14404
2026-05-05,CHIP,97.3600,99.4400,97.2000,99.2800,14447
2026-05-06,CHIP,100.5800,102.9800,100.5800,102.8900,23367
2026-05-07,CHIP,103.6300,104.0700,101.7500,103.3500,16729
2026-05-08,CHIP,103.3500,105.7800,103.0700,105.7000,15121
2026-05-11,CHIP,106.7100,108.4000,105.7700,108.3200,21039
2026-05-12,CHIP,106.4200,107.3300,103.2300,103.7900,35861
2026-05-13,CHIP,107.3700,108.6100,106.2000,107.8100,15130
2026-05-14,CHIP,109.1700,110.9600,108.3100,110.8100,19243
2026-05-15,CHIP,108.9100,108.9600,105.8300,107.3600,47033
2026-05-18,CHIP,106.0900,108.3600,103.8100,104.6300,21310
2026-05-19,CHIP,103.6000,104.3500,101.0500,102.9400,29116
2026-05-20,CHIP,104.5200,107.0300,104.3300,106.9100,21398
2026-05-21,CHIP,106.8500,108.2200,106.3400,106.3700,22804
2026-05-22,CHIP,108.4500,109.2900,107.9600,109.2900,15030
2026-05-25,CHIP,111.1300,111.5000,110.1800,111.5000,10243
2026-05-26,CHIP,110.6800,113.6900,109.9800,112.6900,12088
2026-05-27,CHIP,113.6100,116.5400,111.2400,111.6900,23831
2026-05-28,CHIP,112.0000,114.4200,111.4900,114.4200,11235
2026-05-29,CHIP,114.5400,116.0300,113.6500,113.9800,15880
2026-06-01,CHIP,116.0300,116.9400,114.3000,116.9400,15547
2026-06-02,CHIP,117.6700,120.3300,117.4700,119.8100,11727
2026-06-03,CHIP,120.8800,122.3300,118.7600,119.9400,20093
2026-06-04,CHIP,117.8200,117.8900,112.9000,116.0400,29576
2026-06-05,CHIP,113.6600,114.2400,110.4500,110.4500,18617
2026-06-08,CHIP,108.6800,113.0100,108.3600,112.2600,22876
2026-06-09,CHIP,114.1300,114.6500,108.7300,108.7300,18848
2026-06-10,CHIP,109.6300,111.4500,107.3600,108.2300,23057
2026-06-11,CHIP,109.4200,111.8600,108.8700,110.7000,16111
2026-06-12,CHIP,112.2300,115.2500,112.1200,115.2500,15862
2026-06-15,CHIP,118.0300,119.2800,117.9100,119.1600,14295
2026-06-16,CHIP,119.4000,120.1600,116.4500,116.7100,16674
2026-06-17,CHIP,117.6400,118.6400,116.8600,118.4100,9188
2026-06-18,CHIP,120.4900,123.8700,120.2500,123.4400,23497
2026-06-19,CHIP,123.4000,123.8300,122.8300,123.4000,8476
2026-06-22,CHIP,125.6100,127.6000,125.0400,126.0900,10916
2026-06-23,CHIP,120.5400,121.1200,118.0000,119.0200,33337
2026-06-24,CHIP,119.2700,119.7200,116.8300,118.6600,22706
2026-06-25,CHIP,123.0900,123.9900,117.7200,120.2400,39618
2026-06-26,CHIP,118.5200,118.7900,115.6600,117.2200,8987
2026-06-29,CHIP,116.9000,118.5000,113.1500,116.8600,12674
2026-06-30,CHIP,120.0200,122.4100,119.5700,122.3100,30647
2026-07-01,CHIP,121.8300,122.4500,117.6600,118.9400,14531
2026-07-02,CHIP,115.5800,117.8400,112.7000,113.1500,33190
2026-07-03,CHIP,115.0400,116.2700,114.9800,115.9800,2384
2026-07-06,CHIP,114.7900,116.7100,114.4800,116.4700,5223
2026-07-07,CHIP,112.6900,112.8300,108.1900,109.3000,15334
2026-07-08,CHIP,110.1900,112.9100,107.7000,111.3300,18074
2026-07-09,CHIP,114.5500,117.5000,114.5500,116.8800,15191
2026-07-10,CHIP,115.4300,116.7000,114.2300,116.7000,4754
2026-07-13,CHIP,113.4100,114.2300,112.4600,113.8300,8169
2026-07-14,CHIP,113.2100,115.4000,112.8800,114.9000,10170
2026-07-15,CHIP,117.1900,117.5300,112.0500,112.7100,13364
2026-07-16,CHIP,112.6000,112.7500,109.5300,110.2000,17222
2026-07-17,CHIP,105.2700,107.5100,103.1600,106.8600,23145
2026-07-20,CHIP,107.3400,110.3200,107.2400,109.3000,7782
2026-07-21,CHIP,110.7700,112.7000,110.5800,112.6900,10454
2026-07-22,CHIP,110.9100,114.0900,109.9900,113.7600,10993
2026-07-23,CHIP,113.6500,114.2500,111.6600,112.0700,9013
2026-07-24,CHIP,111.6600,112.5800,109.2900,110.2500,4991
2026-07-27,CHIP,111.4700,111.7200,104.3600,104.4500,9497
2026-07-28,CHIP,103.3700,103.9400,100.2000,102.5500,17373
2026-07-29,CHIP,100.6500,102.4400,98.4400,98.8300,21498
2026-07-30,CHIP,97.5400,103.9700,96.5700,102.5900,27607
2026-07-31,CHIP,105.4600,107.9000,103.0700,103.4800,36236
2026-08-03,CHIP,104.8200,105.1800,101.1000,104.8700,13174
2026-08-04,CHIP,106.4700,110.0000,106.4400,109.9600,13425
2026-08-05,CHIP,111.4800,112.3000,109.6200,110.8600,8852
2026-08-06,CHIP,109.5300,111.3100,108.3800,110.6400,6340
2026-08-07,CHIP,110.4100,112.0700,109.6600,111.1100,2609
2026-08-10,CHIP,112.0100,112.2600,109.8600,110.0300,3803
2026-08-11,CHIP,109.9800,110.9900,109.7200,110.2500,1859
2026-08-12,CHIP,110.9800,113.5600,110.9200,113.1800,4164
2026-08-13,CHIP,113.3500,115.3200,112.5600,114.8400,6858
2026-08-14,CHIP,113.8400,114.2300,112.2200,112.4100,1902
2026-08-17,CHIP,114.1400,115.2000,113.7000,115.1300,4833
2026-08-18,CHIP,112.3400,112.4000,108.4800,109.1000,10962
2026-08-19,CHIP,108.8500,110.2200,106.1800,107.3900,14561
2026-08-20,CHIP,107.8900,108.0800,106.0000,106.9000,1760
2026-08-21,CHIP,108.3400,108.9000,107.0000,107.8600,3952
2026-08-24,CHIP,106.1500,106.8100,104.0000,104.7100,5236
2026-08-25,CHIP,106.2900,106.7600,105.6500,106.1900,3697
2026-08-26,CHIP,106.7200,106.9100,105.7500,106.2100,3792
2026-08-27,CHIP,108.8400,110.3800,108.3000,109.1800,5695
2026-08-28,CHIP,109.3000,110.0800,108.9300,109.2500,3234
2026-08-31,CHIP,108.1200,108.1400,107.3200,107.5000,3707
2026-09-01,CHIP,108.7800,108.8600,106.1100,107.4600,8516
2026-09-02,CHIP,106.5900,108.0800,105.8000,108.0800,3768
2026-09-03,CHIP,107.5400,107.9100,106.0000,107.3900,4145
2026-09-04,CHIP,108.7200,111.1300,108.7200,110.2800,7795
2026-09-07,CHIP,112.3500,112.6000,111.8100,112.1700,6201
2026-09-08,CHIP,112.2200,113.3000,111.6000,112.8200,16778
2024-09-09,CI2,1001.0600,1009.5100,1000.0300,1008.0700,32
2024-09-10,CI2,1013.8100,1017.0400,1010.0400,1012.2000,247
2024-09-11,CI2,1017.7100,1017.7100,1004.7400,1005.9900,103
2024-09-12,CI2,1016.2600,1024.5500,1016.2600,1020.5800,2186
2024-09-13,CI2,1023.8800,1023.8800,1017.4600,1021.3600,424
2024-09-16,CI2,1020.6300,1021.1200,1017.8100,1020.5300,42
2024-09-17,CI2,1020.5700,1022.3900,1019.1900,1020.4300,337
2024-09-18,CI2,1012.8700,1014.8100,1012.8700,1014.4300,99
2024-09-19,CI2,1013.3600,1017.9300,1009.8600,1016.9800,153
2024-09-20,CI2,1020.4600,1032.8300,1018.9400,1030.8000,264
2024-09-23,CI2,1035.7500,1044.4100,1035.7200,1042.8900,178
2024-09-24,CI2,1038.6801,1039.3900,1032.6000,1037.1000,411
2024-09-25,CI2,1031.3900,1040.6899,1026.7300,1039.4100,125
2024-09-26,CI2,1036.8700,1043.5200,1036.8700,1041.7100,135
2024-09-27,CI2,1048.2400,1048.2400,1038.4800,1038.4800,80
2024-09-30,CI2,1032.1500,1032.1500,1022.0000,1026.2900,106
2024-10-01,CI2,1028.5699,1037.8400,1027.9900,1031.3300,131
2024-10-02,CI2,1031.3300,1032.1300,1026.0500,1026.8000,99
2024-10-03,CI2,1024.8400,1024.8400,1014.0400,1022.1600,66
2024-10-04,CI2,1012.1600,1015.6100,1003.2700,1015.1000,256
2024-10-07,CI2,1005.0300,1005.0300,996.0700,998.8400,228
2024-10-08,CI2,1001.9200,1015.5500,1001.9200,1012.7500,185
2024-10-09,CI2,1020.0000,1020.0000,1014.8000,1020.9300,34
2024-10-10,CI2,1022.2500,1022.2500,1012.8300,1017.3100,249
2024-10-11,CI2,1017.1500,1017.2500,1015.2700,1016.6400,15
2024-10-14,CI2,1022.2800,1025.2900,1019.1400,1021.9400,100
2024-10-15,CI2,1020.6100,1022.2900,1018.1900,1019.8500,38
2024-10-16,CI2,1017.8200,1021.8400,1014.9700,1021.8400,201
2024-10-17,CI2,1012.6600,1013.7600,1008.8100,1010.6500,149
2024-10-18,CI2,1011.8900,1015.5100,1011.8900,1012.0700,41
2024-10-21,CI2,1004.5600,1008.5700,1000.3200,1004.8100,102
2024-10-22,CI2,1005.3000,1005.3000,990.0900,991.8000,190
2024-10-23,CI2,1001.2200,1001.2200,991.5000,992.1800,314
2024-10-24,CI2,995.7400,995.7400,987.2000,987.8900,2449
2024-10-25,CI2,976.9100,976.9100,970.2600,975.5200,848
2024-10-28,CI2,987.0000,987.0000,979.2000,980.9900,290
2024-10-29,CI2,977.4600,985.7900,971.7000,983.9500,695
2024-10-30,CI2,983.2900,983.2900,973.8600,973.2700,815
2024-10-31,CI2,969.4400,969.4400,966.0000,967.0900,377
2024-11-01,CI2,972.1300,972.1300,968.9600,971.0900,346
2024-11-04,CI2,955.3500,960.7800,952.4100,958.0900,826
2024-11-05,CI2,957.8700,964.6300,957.8700,960.9400,169
2024-11-06,CI2,987.1200,992.1300,984.1400,984.5400,203
2024-11-07,CI2,977.4800,978.1200,973.3200,974.4400,176
2024-11-08,CI2,973.4000,973.4000,967.7700,969.3200,471
2024-11-11,CI2,975.4000,981.4100,975.4000,981.2200,115
2024-11-12,CI2,976.9900,976.9900,969.2900,969.8000,156
2024-11-13,CI2,962.4100,964.1100,954.6400,961.1300,659
2024-11-14,CI2,965.3200,969.0200,964.3400,965.3100,140
2024-11-15,CI2,961.0700,962.4000,959.4700,959.4700,221
2024-11-18,CI2,962.1000,963.6700,958.2500,960.2000,105
2024-11-19,CI2,970.8300,971.4900,960.7600,964.5600,133
2024-11-20,CI2,970.1800,971.8900,968.2300,971.8900,401
2024-11-21,CI2,961.3700,964.3600,956.7300,964.3600,72
2024-11-22,CI2,991.5500,993.6600,988.7700,992.4100,663
2024-11-25,CI2,1005.4100,1005.4100,997.8000,1000.8000,953
2024-11-26,CI2,996.5800,996.5800,993.7900,997.6400,63
2024-11-27,CI2,999.4800,1000.2100,992.6400,992.1900,395
2024-11-28,CI2,989.5600,989.5600,985.9100,987.3300,370
2024-11-29,CI2,991.2900,995.5900,991.2900,995.5900,59
2024-12-02,CI2,998.4900,1002.3400,996.2300,999.3700,84
2024-12-03,CI2,1006.5000,1006.5000,1001.9800,1003.2400,175
2024-12-04,CI2,1009.6300,1009.6300,1003.7200,1003.9300,241
2024-12-05,CI2,1010.1000,1015.9600,1010.1000,1012.0900,458
2024-12-06,CI2,1012.4600,1013.3500,1010.1200,1010.1200,263
2024-12-09,CI2,1010.4700,1012.5100,1008.0600,1009.4000,30
2024-12-10,CI2,1007.6300,1014.2700,1007.6300,1014.2700,123
2024-12-11,CI2,1018.3700,1020.0400,1018.1000,1020.4100,37
2024-12-12,CI2,1014.7600,1014.7600,1012.2100,1013.1200,36
2024-12-13,CI2,1018.8600,1023.8900,1018.4700,1018.4700,285
2024-12-16,CI2,1018.4700,1018.4700,1015.4400,1016.8100,297
2024-12-17,CI2,1005.6700,1010.0000,1003.4800,1005.9300,340
2024-12-18,CI2,1000.2100,1001.7900,998.2700,1001.7900,271
2024-12-19,CI2,1000.0600,1000.5900,997.9000,1000.5900,75
2024-12-20,CI2,980.1900,986.6800,980.1800,986.6800,144
2024-12-23,CI2,981.6200,981.7900,980.0400,981.6400,55
2024-12-27,CI2,981.2000,981.2000,976.4600,977.6600,1206
2024-12-30,CI2,974.7300,974.7300,967.9400,970.0500,94
2025-01-02,CI2,990.9200,1006.5100,990.9200,1004.1200,141
2025-01-03,CI2,1003.6500,1003.6500,996.7400,999.5300,294
2025-01-06,CI2,975.4900,976.5500,971.8300,974.9800,497
2025-01-07,CI2,974.5900,976.3300,972.3800,975.3900,154
2025-01-08,CI2,969.7600,977.2900,969.7600,973.9100,260
2025-01-09,CI2,974.3000,974.3000,969.9000,970.0400,481
2025-01-10,CI2,967.9000,967.9000,957.2800,957.6800,207
2025-01-13,CI2,946.0500,946.0500,937.9100,941.6400,206
2025-01-14,CI2,943.6200,948.8700,941.2300,942.4600,305
2025-01-15,CI2,942.8300,952.9700,941.4700,952.9700,359
2025-01-16,CI2,952.5600,953.6200,945.1600,945.1600,224
2025-01-17,CI2,948.0800,950.3300,946.1000,949.7500,65
2025-01-20,CI2,952.8200,953.5100,945.5100,948.0900,168
2025-01-21,CI2,939.2000,939.2000,926.8000,928.0200,89
2025-01-22,CI2,916.7900,925.0300,916.3000,924.2300,923
2025-01-23,CI2,933.2900,934.5500,931.4200,934.8100,49
2025-01-24,CI2,927.4500,927.4500,916.7800,918.4100,137
2025-01-27,CI2,908.5200,908.5200,897.2000,902.8600,428
2025-01-28,CI2,914.7300,914.7300,908.4800,912.0400,142
2025-01-29,CI2,921.4400,925.0000,921.0000,921.0200,266
2025-01-30,CI2,922.9800,928.5000,922.9800,928.5000,507
2025-01-31,CI2,934.7400,940.5400,934.7400,937.8500,71
2025-02-03,CI2,936.4300,942.5000,936.4300,941.6500,115
2025-02-04,CI2,944.9900,948.6000,943.7900,947.2300,132
2025-02-05,CI2,943.5500,943.5500,937.2400,940.6700,61
2025-02-06,CI2,936.6900,936.9600,934.2600,934.3300,84
2025-02-07,CI2,936.1400,936.1400,930.3700,932.6000,87
2025-02-10,CI2,928.1500,933.7500,926.7000,933.7500,37
2025-02-11,CI2,922.8100,922.8500,920.0900,920.9000,231
2025-02-12,CI2,916.7400,917.0500,911.7700,912.4300,319
2025-02-13,CI2,912.5600,915.0600,910.0000,914.2900,112
2025-02-14,CI2,896.2700,898.9000,889.8500,896.4300,235
2025-02-17,CI2,896.7200,899.6300,895.2100,899.3000,565
2025-02-18,CI2,895.2700,898.6600,895.0000,898.4000,103
2025-02-19,CI2,903.4700,903.4700,900.0400,903.8000,179
2025-02-20,CI2,909.2800,910.3400,904.0500,904.0500,430
2025-02-21,CI2,896.4400,900.3100,896.4400,898.7900,75
2025-02-24,CI2,890.4000,890.4000,886.8400,889.1800,292
2025-02-25,CI2,883.7600,885.0000,879.9400,881.7700,519
2025-02-26,CI2,882.1800,885.5000,882.1800,883.8300,253
2025-02-27,CI2,880.4400,883.4500,876.4100,883.4500,42
2025-02-28,CI2,863.2100,866.3800,862.9100,864.3500,216
2025-03-03,CI2,865.9100,865.9100,863.1700,861.8200,297
2025-03-04,CI2,857.2800,857.2800,850.8300,849.0200,129
2025-03-05,CI2,860.1400,860.1400,849.0900,849.0900,195
2025-03-06,CI2,855.7900,855.7900,851.1000,854.5800,183
2025-03-07,CI2,854.3500,854.3500,846.2000,846.2000,94
2025-03-10,CI2,851.3700,851.3700,839.0400,840.5400,93
2025-03-11,CI2,838.9300,841.9900,836.2200,838.4500,102
2025-03-12,CI2,837.8000,840.9800,835.9700,839.5100,284
2025-03-13,CI2,841.9400,841.9400,840.6300,840.6300,20
2025-03-14,CI2,847.7300,847.7300,843.7600,844.1200,156
2025-03-17,CI2,845.3400,852.7400,845.3400,851.2900,181
2025-03-18,CI2,858.0100,862.7600,857.4300,862.7600,130
2025-03-19,CI2,871.2800,877.0400,871.2800,876.8700,43
2025-03-20,CI2,882.7500,886.0300,882.7500,885.9200,71
2025-03-21,CI2,899.8000,902.8700,899.4500,902.8700,25
2025-03-24,CI2,916.1900,919.9400,912.4200,919.4300,130
2025-03-25,CI2,916.1100,916.8700,910.6800,915.9700,131
2025-03-26,CI2,908.4600,908.9300,906.1300,907.3100,761
2025-03-27,CI2,912.3600,912.4700,908.2700,911.0000,35
2025-03-28,CI2,909.1600,912.2000,901.0900,901.0900,152
2025-03-31,CI2,892.2800,900.1100,892.1100,899.3000,46
2025-04-01,CI2,894.4000,897.7400,894.4000,897.7400,88
2025-04-02,CI2,901.6000,902.1400,900.4500,902.1400,99
2025-04-03,CI2,888.0700,888.0700,872.4800,877.5100,146
2025-04-04,CI2,871.2700,871.2700,838.8600,845.2300,268
2025-04-07,CI2,826.9700,846.0000,813.7700,839.1400,162
2025-04-08,CI2,854.2300,868.0200,853.8400,862.8000,161
2025-04-09,CI2,840.9100,840.9100,827.3300,831.4800,62
2025-04-10,CI2,878.5200,882.5700,852.6500,852.6500,358
2025-04-11,CI2,842.5900,842.5900,835.1100,839.0900,487
2025-04-14,CI2,850.7100,855.8600,850.7100,851.9300,93
2025-04-15,CI2,859.3000,866.2000,858.4000,866.2000,225
2025-04-16,CI2,859.0000,864.1600,859.0000,864.1600,286
2025-04-17,CI2,867.6700,879.3500,867.6700,880.3300,627
2025-04-22,CI2,886.3800,892.4000,885.1700,891.8000,397
2025-04-23,CI2,897.0000,897.0000,896.2600,896.2600,5
2025-04-24,CI2,897.0100,897.7700,896.8400,901.9100,9
2025-04-25,CI2,885.2200,885.2200,885.2200,886.6700,10
2025-04-28,CI2,901.7600,901.8800,894.7700,894.7700,80
2025-04-29,CI2,896.0100,898.2000,895.6700,896.8300,60
2025-04-30,CI2,904.0000,904.6800,896.7400,899.4900,1156
2025-05-02,CI2,915.3800,915.3800,905.0000,909.4500,100
2025-05-05,CI2,916.1800,919.1100,915.5200,920.2700,276
2025-05-06,CI2,910.6200,910.6200,908.1600,909.0100,1365
2025-05-07,CI2,904.7300,905.2800,898.0200,900.2600,178
2025-05-08,CI2,910.8200,910.8200,876.8300,877.3100,1433
2025-05-09,CI2,882.7500,891.5000,882.7500,885.9500,103
2025-05-12,CI2,929.9900,944.4100,925.8900,935.1500,105
2025-05-13,CI2,926.2500,926.2600,926.2500,925.8200,10
2025-05-14,CI2,917.4900,928.2500,915.0200,928.2500,53
2025-05-15,CI2,922.1000,938.1600,922.1000,938.1600,86
2025-05-16,CI2,935.5500,936.4300,933.7800,938.8100,74
2025-05-19,CI2,928.1700,932.4900,928.1700,932.8500,28
2025-05-20,CI2,922.3300,923.4800,919.0800,921.3200,115
2025-05-21,CI2,916.8200,919.8400,915.8400,918.1400,22
2025-05-22,CI2,909.5800,911.0300,904.7000,910.4200,543
2025-05-23,CI2,920.2600,920.2600,915.1400,918.5600,43
2025-05-26,CI2,923.2200,924.6600,921.8700,922.9700,322
2025-05-27,CI2,918.0100,920.7300,914.6300,919.0200,106
2025-05-28,CI2,919.3600,919.3600,917.1600,917.6900,126
2025-05-29,CI2,922.1800,922.1800,916.7500,916.7500,97
2025-05-30,CI2,916.4400,916.7100,912.9000,912.9000,15
2025-06-02,CI2,911.4100,911.4100,909.0300,909.2600,42
2025-06-03,CI2,905.5200,906.2100,901.6300,906.2100,681
2025-06-04,CI2,902.9600,905.3400,901.7000,901.8000,56
2025-06-05,CI2,909.5800,909.5800,907.4700,906.3600,16
2025-06-06,CI2,915.9000,924.0800,915.9000,922.3300,85
2025-06-09,CI2,924.7900,926.8300,923.4900,924.0300,70
2025-06-10,CI2,928.7800,928.7800,922.8600,925.4700,89
2025-06-11,CI2,931.0000,933.5400,924.6700,922.9000,30
2025-06-12,CI2,915.2500,915.8900,901.1000,905.2300,104
2025-06-13,CI2,895.6400,899.2100,893.1000,894.4000,303
2025-06-16,CI2,898.0800,903.6600,897.4700,905.2300,320
2025-06-17,CI2,895.8800,896.6400,895.8800,898.7100,13
2025-06-18,CI2,892.9900,893.3700,891.1700,892.7100,145
2025-06-19,CI2,888.4300,890.0200,885.0000,885.0000,65
2025-06-20,CI2,895.9300,902.5200,895.9300,898.2300,1164
2025-06-23,CI2,898.1300,900.1500,894.3700,894.3700,54
2025-06-24,CI2,906.7500,906.7500,899.2600,901.5100,30
2025-06-25,CI2,906.2500,907.7500,904.2100,906.3600,138
2025-06-26,CI2,907.2400,911.2100,905.9600,912.8500,172
2025-06-27,CI2,916.6600,918.2600,915.4300,917.8800,62
2025-06-30,CI2,914.3900,914.3900,907.0400,908.4100,117
2025-07-01,CI2,909.1900,909.8700,907.9000,910.1700,46
2025-07-02,CI2,902.8800,907.8900,902.8800,907.4600,48
2025-07-03,CI2,907.0400,909.8200,907.0400,909.8200,26
2025-07-04,CI2,907.3200,908.5500,907.2700,907.8300,10
2025-07-07,CI2,906.7900,909.3000,903.6600,909.3000,59
2025-07-08,CI2,907.6300,910.4500,907.6300,910.4500,51
2025-07-09,CI2,913.5800,913.5800,910.2000,910.5300,97
2025-07-10,CI2,908.6800,908.6800,905.7700,905.4900,14
2025-07-11,CI2,902.0400,905.2300,900.5500,900.7100,14
2025-07-14,CI2,899.0100,900.0000,899.0000,899.6800,41
2025-07-15,CI2,906.1500,909.7700,905.3800,908.4100,155
2025-07-16,CI2,909.4100,910.2700,904.0000,903.0200,156
2025-07-17,CI2,903.9000,909.8000,902.7900,907.8300,35
2025-07-18,CI2,898.6100,899.3400,897.0100,897.9100,156
2025-07-21,CI2,897.5700,900.9000,897.5700,898.9500,76
2025-07-22,CI2,896.3000,896.3000,891.9700,892.1300,25
2025-07-23,CI2,891.0000,895.3800,891.0000,895.3800,126
2025-07-24,CI2,886.6500,887.9200,883.7300,880.9900,27
2025-07-25,CI2,877.0000,877.9000,874.2100,875.6300,217
2025-07-28,CI2,877.9200,877.9200,870.5200,874.8900,1093
2025-07-29,CI2,880.8800,886.9300,880.8800,884.8000,78
2025-07-30,CI2,883.7300,883.7300,878.5700,878.5700,72
2025-07-31,CI2,889.7800,889.7800,882.4600,882.7900,23
2025-08-01,CI2,881.9300,881.9300,868.6700,872.3200,82
2025-08-04,CI2,870.7900,871.7700,863.3400,864.5800,4198
2025-08-05,CI2,870.9500,870.9500,862.8500,863.2100,181
2025-08-06,CI2,864.8900,864.8900,854.0000,854.6900,81
2025-08-07,CI2,849.1200,864.4000,847.5200,862.7300,329
2025-08-08,CI2,852.6700,853.3100,848.9100,848.9100,94
2025-08-11,CI2,852.5900,857.9700,852.5900,859.1500,31
2025-08-12,CI2,860.1000,860.1000,853.9000,853.9800,910
2025-08-13,CI2,856.5700,857.9700,856.0600,857.6800,81
2025-08-14,CI2,858.7700,858.7700,855.0000,855.1600,13
2025-08-18,CI2,872.2500,872.4000,870.0700,872.4000,364
2025-08-19,CI2,876.2700,878.3000,874.3400,877.3700,23
2025-08-20,CI2,883.7500,884.9500,880.6100,880.6600,257
2025-08-21,CI2,885.4200,886.7900,880.8300,884.1200,301
2025-08-22,CI2,879.3000,879.3000,875.6100,875.6100,30
2025-08-25,CI2,875.1900,875.1900,868.3600,870.5100,574
2025-08-26,CI2,871.1100,871.1100,855.3200,856.3800,159
2025-08-27,CI2,859.9100,861.3000,855.0000,859.2200,190
2025-08-28,CI2,852.0000,853.4100,851.5000,852.0700,16
2025-08-29,CI2,848.2300,848.2300,839.0600,839.6300,73
2025-09-01,CI2,846.0800,852.6200,845.7900,850.1300,73
2025-09-02,CI2,855.2700,857.7000,849.7000,850.0300,51
2025-09-03,CI2,856.6800,858.1600,854.8100,854.8100,119
2025-09-04,CI2,858.1800,860.1200,855.8300,855.8300,78
2025-09-05,CI2,850.0200,860.5600,849.8100,849.8100,86
2025-09-08,CI2,855.7600,856.9500,853.9100,856.9500,237
2025-09-09,CI2,853.4900,856.0300,853.4900,856.0800,5
2025-09-10,CI2,861.5600,863.8000,861.5600,863.6700,48
2025-09-11,CI2,864.3200,864.3200,861.8000,863.0400,50
2025-09-12,CI2,863.3900,866.0700,863.3200,863.9400,53
2025-09-15,CI2,865.8200,865.8200,863.6300,863.3400,437
2025-09-16,CI2,866.2300,866.7300,864.0000,863.8400,83
2025-09-17,CI2,869.6000,872.4100,868.7100,871.9400,147
2025-09-18,CI2,870.8100,871.1400,866.9800,871.1400,274
2025-09-19,CI2,868.6600,874.9100,868.6600,874.9100,33
2025-09-22,CI2,874.0600,874.0600,864.7300,866.1600,310
2025-09-23,CI2,860.4600,860.4600,857.3500,858.8500,122
2025-09-24,CI2,855.5800,857.0600,854.5500,856.2500,97
2025-09-25,CI2,854.0100,854.3400,850.0000,854.1700,481
2025-09-26,CI2,849.2600,850.2700,844.9000,845.7500,600
2025-09-29,CI2,842.2000,843.8200,840.0000,843.8200,118
2025-09-30,CI2,838.9100,840.0800,837.2100,840.0800,42
2025-10-01,CI2,841.2300,849.2100,841.2300,849.1400,33
2025-10-02,CI2,841.8100,849.0000,841.8100,846.8500,80
2025-10-03,CI2,847.5600,849.5300,846.0700,847.8700,75
2025-10-06,CI2,854.3100,860.7400,854.3100,854.6400,302
2025-10-07,CI2,861.0300,863.3200,861.0300,863.3200,195
2025-10-08,CI2,862.3100,864.0400,861.0300,863.2200,396
2025-10-09,CI2,865.6900,868.0900,865.0600,869.2800,721
2025-10-10,CI2,877.8900,877.9200,865.2000,865.2000,358
2025-10-13,CI2,866.8600,872.4300,866.8600,872.4000,455
2025-10-14,CI2,866.3300,869.4300,865.6800,865.4100,203
2025-10-15,CI2,875.7300,880.3300,874.9000,878.5300,107
2025-10-16,CI2,884.3600,887.4000,884.0700,886.1900,222
2025-10-17,CI2,887.0800,889.0200,880.1900,889.0200,124
2025-10-20,CI2,892.4500,896.1400,891.0100,895.1600,151
2025-10-21,CI2,896.4900,897.9300,893.5800,895.8700,609
2025-10-22,CI2,909.8100,916.7500,909.7700,911.6300,231
2025-10-23,CI2,906.2000,906.2000,898.8100,900.8800,198
2025-10-27,CI2,895.3400,897.1000,895.3400,897.2800,283
2025-10-28,CI2,891.0200,893.0800,888.0000,892.3600,3428
2025-10-29,CI2,899.7600,900.4100,893.2500,893.9600,110
2025-10-30,CI2,888.6800,892.7100,887.7900,895.9000,232
2025-10-31,CI2,889.1700,889.6300,887.1000,889.2700,411
2025-11-03,CI2,891.9600,895.8500,891.9600,894.0400,135
2025-11-04,CI2,892.8300,894.6100,891.6300,893.7400,118
2025-11-05,CI2,892.0300,896.8800,891.6300,895.5500,149
2025-11-06,CI2,887.4200,888.1400,881.1000,880.3500,242
2025-11-07,CI2,886.4700,886.4700,880.1900,876.5200,94
2025-11-10,CI2,888.5700,888.5700,885.0200,885.2000,50
2025-11-11,CI2,890.5500,893.1300,890.1800,893.6800,5
2025-11-12,CI2,895.9700,896.5900,893.4200,892.1500,735
2025-11-13,CI2,894.3600,894.4700,886.3800,885.0400,365
2025-11-14,CI2,886.8800,892.9400,886.2900,893.4300,234
2025-11-17,CI2,895.9200,899.3000,894.9500,898.9500,102
2025-11-18,CI2,893.3300,893.5700,890.4500,893.5700,130
2025-11-19,CI2,899.1300,902.6300,898.3300,902.1800,104
2025-11-20,CI2,906.8600,908.3300,903.9600,905.8600,93
2025-11-21,CI2,900.0000,900.1300,890.2600,891.9900,108
2025-11-24,CI2,893.7900,893.7900,889.5500,892.8100,133
2025-11-25,CI2,889.7200,889.7200,887.7500,887.6700,507
2025-11-26,CI2,895.5900,896.8400,894.7000,894.9500,287
2025-11-27,CI2,895.8300,895.8300,894.4800,894.7800,23
2025-11-28,CI2,894.3400,900.4200,894.3400,900.4200,128
2025-12-01,CI2,889.5900,889.9800,888.3300,889.9800,74
2025-12-02,CI2,883.5300,883.8900,882.2000,880.7300,175
2025-12-03,CI2,872.8500,873.2100,870.4800,870.5400,50
2025-12-04,CI2,876.4600,877.2200,874.0600,876.8700,119
2025-12-05,CI2,880.4200,883.4000,879.2800,883.1100,339
2025-12-08,CI2,867.4200,869.6700,863.7600,867.7300,236
2025-12-09,CI2,873.7900,873.7900,868.3200,870.2800,75
2025-12-10,CI2,870.3500,870.3500,865.7200,867.3800,281
2025-12-11,CI2,862.5000,865.0300,862.5000,864.6700,53
2025-12-12,CI2,865.5300,865.5300,858.6100,859.1000,47
2025-12-15,CI2,862.6900,862.6900,859.1000,861.5600,70
2025-12-16,CI2,854.8100,855.1200,852.5300,853.6700,134
2025-12-17,CI2,862.9900,862.9900,855.8700,856.0600,27
2025-12-18,CI2,861.2500,861.4200,861.2500,864.8300,3
2025-12-19,CI2,867.6000,878.8800,867.6000,882.1800,218
2025-12-22,CI2,882.4300,882.4300,875.6900,875.6900,55
2025-12-23,CI2,876.5500,879.4600,876.5500,877.8100,19
2025-12-29,CI2,864.6300,876.2400,864.4100,868.0700,60
2025-12-30,CI2,868.8300,871.3300,868.8300,871.3300,59
2026-01-02,CI2,882.5900,886.5800,881.3500,885.7200,50
2026-01-05,CI2,885.7200,889.0100,881.7100,882.1000,249
2026-01-06,CI2,880.6400,882.0000,880.1200,882.6500,76
2026-01-07,CI2,886.4700,887.7800,885.5300,887.2100,229
2026-01-08,CI2,877.2300,877.3100,875.7800,876.9700,58
2026-01-09,CI2,868.4400,870.9800,866.6300,868.4800,715
2026-01-12,CI2,863.7500,868.9600,863.0700,868.7600,80
2026-01-13,CI2,860.6500,865.0000,860.6500,863.8400,111
2026-01-14,CI2,866.1700,866.1700,861.4600,865.5400,176
2026-01-15,CI2,867.1500,870.5100,867.1500,870.5100,36
2026-01-16,CI2,863.7200,863.7900,861.2900,861.7100,208
2026-01-19,CI2,856.4000,858.3800,855.1600,856.1200,262
2026-01-20,CI2,843.4100,843.6200,834.4400,836.7900,226
2026-01-21,CI2,827.5100,831.3800,822.6900,830.6800,83
2026-01-22,CI2,832.7600,836.7000,831.6000,833.7600,282
2026-01-23,CI2,823.4400,823.4400,818.9200,820.3900,55
2026-01-26,CI2,817.0600,817.5600,815.2900,816.5600,380
2026-01-27,CI2,814.0200,818.6000,812.4500,815.8800,210
2026-01-28,CI2,811.9400,814.2200,810.4400,810.4400,318
2026-01-29,CI2,814.5500,818.0000,814.5500,814.3300,58
2026-01-30,CI2,810.6700,821.1700,810.6700,819.0600,37
2026-02-02,CI2,814.4900,830.8800,810.3000,830.8800,192
2026-02-03,CI2,854.6900,859.0000,850.7900,853.5000,821
2026-02-04,CI2,854.0200,854.7700,852.0900,853.5200,242
2026-02-05,CI2,853.9100,853.9100,849.4000,851.7900,42
2026-02-06,CI2,845.3400,852.9900,845.3400,851.0300,362
2026-02-09,CI2,852.3500,852.3500,848.8000,850.9200,234
2026-02-10,CI2,854.3000,855.5200,851.0300,854.1800,323
2026-02-11,CI2,854.3000,854.3000,851.6300,852.7800,10
2026-02-12,CI2,850.2400,851.9800,847.1600,846.1400,977
2026-02-13,CI2,840.8400,842.1400,837.3200,840.6000,150
2026-02-16,CI2,844.4000,844.9900,841.6900,844.9900,122
2026-02-17,CI2,848.3600,849.9700,846.9400,848.1500,28
2026-02-18,CI2,851.7000,852.4800,850.0100,852.4700,36
2026-02-19,CI2,841.1200,844.4100,834.8900,837.4900,121
2026-02-20,CI2,846.5800,853.8600,844.7300,854.2000,48
2026-02-23,CI2,846.1300,847.5200,843.6300,844.3500,282
2026-02-24,CI2,836.9800,848.1100,836.9800,847.9000,548
2026-02-25,CI2,845.2800,848.4400,841.4400,841.7100,200
2026-02-26,CI2,844.4600,845.5700,844.0700,843.5800,36
2026-02-27,CI2,834.1000,835.1600,833.2700,833.7100,59
2026-03-02,CI2,816.4900,824.6500,816.4900,823.5600,563
2026-03-03,CI2,809.6200,809.6200,796.3500,807.8400,559
2026-03-04,CI2,812.6400,812.7200,809.9500,808.7700,88
2026-03-05,CI2,826.3800,826.3800,810.2000,810.8500,105
2026-03-09,CI2,798.8400,800.5600,796.2100,798.7800,232
2026-03-10,CI2,810.5600,811.6900,806.7100,808.4300,66
2026-03-11,CI2,801.8800,804.8600,797.9500,800.3300,62
2026-03-12,CI2,799.1200,799.1200,787.7000,787.7000,113
2026-03-13,CI2,783.0800,786.1200,780.7900,786.1200,393
2026-03-16,CI2,779.2300,791.0000,778.4900,790.0400,414
2026-03-17,CI2,788.7400,788.7400,787.0000,787.0000,92
2026-03-18,CI2,794.9800,797.0800,780.6700,780.9300,258
2026-03-19,CI2,772.7100,772.7100,763.5800,765.8400,765
2026-03-20,CI2,769.0000,769.0000,754.9000,754.1200,68
2026-03-23,CI2,746.0300,773.9900,738.4800,762.7000,127
2026-03-24,CI2,751.5600,752.0200,746.4400,745.2800,179
2026-03-25,CI2,766.6400,766.6400,758.6300,764.4700,117
2026-03-26,CI2,762.3400,762.3400,758.6800,759.2400,32
2026-03-27,CI2,748.7700,748.7700,736.4500,736.4500,217
2026-03-30,CI2,732.0200,738.8200,725.6300,736.2600,228
2026-03-31,CI2,739.2200,741.0700,737.6200,737.6400,140
2026-04-01,CI2,750.1600,751.9000,743.8100,749.4800,250
2026-04-02,CI2,739.2100,755.1000,739.2100,748.2100,47
2026-04-07,CI2,758.8000,761.7000,757.1800,758.1700,308
2026-04-08,CI2,789.5000,795.6000,789.0000,791.0100,166
2026-04-09,CI2,790.6700,790.6700,782.3100,783.9300,288
2026-04-10,CI2,795.5000,795.5000,790.5500,790.5500,64
2026-04-13,CI2,785.4100,786.6000,780.7200,783.2600,200
2026-04-14,CI2,788.0800,793.2800,788.0800,790.9400,349
2026-04-15,CI2,789.2700,792.9800,789.2700,793.1100,34
2026-04-16,CI2,787.5600,796.0500,787.5600,796.0800,12
2026-04-17,CI2,800.0000,822.3200,799.7600,819.6500,55
2026-04-20,CI2,804.7900,808.5100,802.2200,805.9300,114
2026-04-21,CI2,806.1200,807.1600,800.5600,800.7500,67
2026-04-22,CI2,800.7000,803.4600,800.7000,803.8600,646
2026-04-23,CI2,797.5800,801.4700,795.4800,801.4700,749
2026-04-24,CI2,787.4800,791.1600,783.5100,791.2800,153
2026-04-27,CI2,791.1600,791.1600,788.7100,791.0100,36
2026-04-28,CI2,788.3800,788.5700,784.0400,783.7200,390
2026-04-29,CI2,795.6100,795.6100,784.2000,784.2000,127
2026-04-30,CI2,781.2800,785.6500,781.2800,785.6200,157
2026-05-04,CI2,783.7900,785.4900,779.1400,780.3400,20
2026-05-05,CI2,781.2400,788.3100,781.2400,788.0800,27
2026-05-06,CI2,784.1100,803.0200,784.1100,803.0200,515
2026-05-07,CI2,799.0600,803.1400,799.0600,800.9900,290
2026-05-08,CI2,793.5600,796.5400,791.0900,791.0900,427
2026-05-11,CI2,782.4800,782.4800,774.8500,774.1400,220
2026-05-12,CI2,763.4200,763.6600,755.0000,755.1500,147
2026-05-13,CI2,764.8300,765.9500,759.7700,763.2700,254
2026-05-14,CI2,771.8300,775.4500,769.3000,776.6400,75
2026-05-15,CI2,774.7200,775.1800,774.2700,774.9700,10
2026-05-18,CI2,766.0900,772.5000,764.4100,764.9800,63
2026-05-19,CI2,772.9000,772.9000,758.7600,763.9400,118
2026-05-20,CI2,763.0100,771.4400,763.0100,771.9800,23
2026-05-21,CI2,771.1900,771.1900,764.6800,766.7000,28
2026-05-22,CI2,778.6600,783.6800,776.6600,781.1300,183
2026-05-25,CI2,785.0400,792.5000,785.0400,792.5000,185
2026-05-26,CI2,785.9900,785.9900,782.0300,783.8200,130
2026-05-27,CI2,784.1900,784.8000,782.1300,783.7500,40
2026-05-28,CI2,775.2900,776.0000,774.2300,776.7700,12
2026-05-29,CI2,785.5400,785.5400,780.7200,781.0200,380
2026-06-01,CI2,778.7900,778.7900,766.7400,768.2500,140
2026-06-02,CI2,764.8400,772.2500,764.8400,770.6900,293
2026-06-03,CI2,765.1900,770.3300,763.3700,763.9900,293
2026-06-04,CI2,769.3200,773.6300,769.3200,771.8600,29
2026-06-05,CI2,770.4500,773.9900,768.6900,770.3400,7
2026-06-08,CI2,769.4500,771.3900,763.7600,766.5300,76
2026-06-09,CI2,769.1800,774.5000,766.9900,766.8300,221
2026-06-10,CI2,773.0400,773.2700,769.5900,767.7100,71
2026-06-11,CI2,762.9900,763.8600,760.7700,760.6800,128
2026-06-12,CI2,769.0000,789.0200,767.0600,780.8000,141
2026-06-15,CI2,790.4900,797.1400,790.4900,797.1400,193
2026-06-16,CI2,796.3100,796.3100,796.3100,798.4900,11
2026-06-17,CI2,801.0900,806.5500,800.8300,805.0800,28
2026-06-18,CI2,808.9000,815.3500,808.9000,813.9900,96
2026-06-19,CI2,813.9900,815.8600,809.8400,811.6300,102
2026-06-22,CI2,812.3300,818.9100,811.4600,817.4400,508
2026-06-23,CI2,807.9900,808.2500,805.7600,807.1500,34
2026-06-24,CI2,812.0900,819.0400,812.0900,819.0000,49
2026-06-25,CI2,821.4000,821.4000,816.0000,815.9700,64
2026-06-26,CI2,815.0400,817.8300,812.5400,817.8300,39
2026-06-29,CI2,806.5900,809.0000,806.5900,805.9200,43
2026-06-30,CI2,808.7000,811.9600,808.7000,809.5000,17
2026-07-01,CI2,807.5200,809.6000,807.5200,811.3200,18
2026-07-02,CI2,813.6400,813.6400,809.3500,813.2400,213
2026-07-03,CI2,809.2600,809.2600,808.8700,812.2700,14
2026-07-06,CI2,814.7100,818.9500,814.1100,818.9500,283
2026-07-07,CI2,816.3500,818.9500,811.2100,811.2100,31
2026-07-08,CI2,801.4700,801.4700,798.6500,798.6500,7
2026-07-09,CI2,804.8000,805.7300,800.5200,803.7300,63
2026-07-10,CI2,807.8300,811.6800,807.8300,809.8600,56
2026-07-13,CI2,809.0400,809.0400,805.2300,805.5500,148
2026-07-14,CI2,802.2000,802.2000,799.6900,801.2300,45
2026-07-15,CI2,800.9100,802.9600,798.4300,801.4900,50
2026-07-16,CI2,797.8200,799.3100,796.4300,800.2200,8
2026-07-17,CI2,801.0000,805.8400,800.8300,806.6400,1085
2026-07-20,CI2,799.5500,803.5200,799.5500,803.8900,167
2026-07-21,CI2,804.6100,804.8400,804.6100,806.2400,7
2026-07-22,CI2,798.0900,800.3300,795.4500,796.6900,29
2026-07-23,CI2,794.1400,794.1400,786.7300,786.7300,11
2026-07-24,CI2,791.4500,798.5100,791.4500,798.5100,12
2026-07-27,CI2,799.4700,805.9900,799.4700,804.0200,107
2026-07-28,CI2,806.5000,813.0100,806.5000,815.4100,23
2026-07-29,CI2,814.0000,814.0000,812.1700,813.2000,36
2026-07-30,CI2,811.4800,814.3900,808.2000,810.0500,36
2026-07-31,CI2,817.3500,817.3500,811.8000,812.8500,60
2026-08-03,CI2,821.7500,821.7500,819.9500,820.3900,55
2026-08-04,CI2,821.0300,826.0400,816.2700,824.0000,9
2026-08-05,CI2,820.0000,820.0000,819.9900,819.9100,54
2026-08-06,CI2,822.8300,822.8300,819.9500,819.9500,2
2026-08-07,CI2,820.9800,821.6500,819.7400,819.7400,24
2026-08-10,CI2,819.9900,819.9900,817.1900,818.3200,11
2026-08-11,CI2,814.6100,819.6600,814.6100,818.1300,11
2026-08-12,CI2,817.0500,817.0500,815.5000,813.8600,3
2026-08-13,CI2,815.7800,818.6100,813.4700,814.0200,18
2026-08-14,CI2,811.3400,811.3400,809.7400,809.7400,32
2026-08-17,CI2,805.6200,808.9700,803.5900,807.2200,6
2026-08-18,CI2,801.8400,801.8400,801.8400,801.9200,2
2026-08-19,CI2,797.7900,801.2400,797.7900,798.5300,46
2026-08-20,CI2,798.1300,800.0900,795.0100,800.0900,9
2026-08-21,CI2,795.0100,797.7200,794.2500,798.9000,45
2026-08-24,CI2,796.7800,798.1600,793.6600,795.8400,61
2026-08-25,CI2,798.5000,807.0700,798.5000,806.8600,126
2026-08-26,CI2,803.4000,804.4000,803.4000,803.8100,40
2026-08-27,CI2,801.1700,801.1700,801.1700,798.9800,3
2026-08-28,CI2,799.1500,805.9500,799.1500,802.9100,9
2026-08-31,CI2,803.6300,805.5100,802.7600,801.0100,14
2026-09-01,CI2,802.9800,804.2900,799.3000,802.8500,40
2026-09-02,CI2,798.1000,805.7700,798.1000,803.9600,39
2026-09-03,CI2,801.6900,801.6900,801.6900,801.9900,25
2026-09-04,CI2,802.6300,804.5800,801.4600,802.9800,33
2026-09-07,CI2,798.4800,798.4800,792.9400,792.9400,8
2026-09-08,CI2,791.1400,791.1400,790.4100,790.4100,15
2025-06-10,DEFS,5.4470,5.4470,5.4180,5.4190,650
2025-06-11,DEFS,5.4310,5.4830,5.4150,5.4570,51353
2025-06-12,DEFS,5.4870,5.4950,5.3510,5.4470,13202
2025-06-13,DEFS,5.5490,5.5490,5.4350,5.4690,41148
2025-06-16,DEFS,5.5320,5.5440,5.4690,5.5060,27369
2025-06-17,DEFS,5.4350,5.5090,5.4110,5.4940,9875
2025-06-18,DEFS,5.5310,5.5640,5.5100,5.5230,34412
2025-06-19,DEFS,5.5520,5.5700,5.4850,5.4760,14075
2025-06-20,DEFS,5.5000,5.5360,5.5000,5.5260,10571
2025-06-23,DEFS,5.4800,5.5030,5.3940,5.4650,19435
2025-06-24,DEFS,5.4220,5.5080,5.4000,5.4240,16292
2025-06-25,DEFS,5.4590,5.5260,5.4590,5.5160,9214
2025-06-26,DEFS,5.5460,5.7090,5.5390,5.7090,60717
2025-06-27,DEFS,5.6980,5.6980,5.6280,5.6270,37823
2025-06-30,DEFS,5.7040,5.7200,5.6910,5.7120,33018
2025-07-01,DEFS,5.7040,5.7040,5.5260,5.5030,14777
2025-07-02,DEFS,5.5020,5.5060,5.4460,5.4840,11595
2025-07-03,DEFS,5.5260,5.5450,5.4810,5.5350,3529
2025-07-04,DEFS,5.5440,5.5760,5.5280,5.5680,10640
2025-07-07,DEFS,5.6020,5.6380,5.5810,5.6520,10111
2025-07-08,DEFS,5.6750,5.7020,5.6550,5.6590,42651
2025-07-09,DEFS,5.7140,5.7250,5.6780,5.7220,37183
2025-07-10,DEFS,5.7080,5.7340,5.6750,5.7010,16279
2025-07-11,DEFS,5.7250,5.7460,5.6700,5.7300,30416
2025-07-14,DEFS,5.7180,5.7930,5.7000,5.7860,54021
2025-07-15,DEFS,5.7680,5.7770,5.7000,5.7060,19394
2025-07-16,DEFS,5.7020,5.7030,5.6620,5.6600,25676
2025-07-17,DEFS,5.6950,5.7330,5.6950,5.7480,1827
2025-07-18,DEFS,5.8150,5.8520,5.8080,5.8480,21063
2025-07-21,DEFS,5.8330,5.8330,5.7340,5.7840,21998
2025-07-22,DEFS,5.7870,5.7870,5.6720,5.6760,15692
2025-07-23,DEFS,5.6610,5.7080,5.6610,5.6890,7723
2025-07-24,DEFS,5.7720,5.7720,5.6380,5.6380,25313
2025-07-25,DEFS,5.6160,5.6240,5.5700,5.6020,32144
2025-07-28,DEFS,5.5640,5.5840,5.4890,5.4930,9048
2025-07-29,DEFS,5.5450,5.6340,5.5310,5.6260,17624
2025-07-30,DEFS,5.6160,5.6340,5.5900,5.6070,9207
2025-07-31,DEFS,5.6910,5.7460,5.6910,5.6780,9001
2025-08-01,DEFS,5.6450,5.6450,5.4990,5.5740,27818
2025-08-04,DEFS,5.6240,5.6710,5.6240,5.6650,12834
2025-08-05,DEFS,5.6900,5.7980,5.6850,5.6920,15799
2025-08-06,DEFS,5.7560,5.7560,5.6680,5.7400,12348
2025-08-07,DEFS,5.6730,5.6950,5.5900,5.6080,13605
2025-08-08,DEFS,5.6190,5.6550,5.5090,5.5320,35718
2025-08-11,DEFS,5.4270,5.4860,5.4070,5.4740,15291
2025-08-12,DEFS,5.5410,5.5440,5.5410,5.5580,1975
2025-08-13,DEFS,5.6230,5.6460,5.5580,5.5620,3125
2025-08-14,DEFS,5.5970,5.6910,5.5970,5.6890,9942
2025-08-18,DEFS,5.6700,5.7130,5.6700,5.7150,3924
2025-08-19,DEFS,5.6840,5.6840,5.4670,5.5040,10642
2025-08-20,DEFS,5.4220,5.4860,5.4210,5.4620,18534
2025-08-21,DEFS,5.5500,5.5640,5.5250,5.5580,6486
2025-08-22,DEFS,5.5820,5.5950,5.5630,5.5800,12177
2025-08-25,DEFS,5.5780,5.6300,5.5780,5.6180,9107
2025-08-26,DEFS,5.5990,5.6160,5.5540,5.6160,9130
2025-08-27,DEFS,5.6080,5.6260,5.5930,5.5970,4923
2025-08-28,DEFS,5.6240,5.6320,5.5510,5.6060,3033
2025-08-29,DEFS,5.6270,5.6750,5.6200,5.6270,23141
2025-09-01,DEFS,5.6790,5.7460,5.6710,5.7440,53227
2025-09-02,DEFS,5.7270,5.7270,5.5800,5.6220,9151
2025-09-03,DEFS,5.6480,5.6780,5.6420,5.6850,4008
2025-09-04,DEFS,5.6020,5.6330,5.5870,5.6110,5718
2025-09-05,DEFS,5.6230,5.6730,5.5910,5.6000,8641
2025-09-08,DEFS,5.6740,5.6740,5.6320,5.6770,6886
2025-09-09,DEFS,5.5910,5.6530,5.5910,5.6600,9077
2025-09-10,DEFS,5.7290,5.7710,5.7080,5.7560,26697
2025-09-11,DEFS,5.7460,5.8910,5.7460,5.8990,27572
2025-09-12,DEFS,5.9250,5.9630,5.9240,5.9590,21543
2025-09-15,DEFS,5.9850,6.0730,5.9850,6.0710,28734
2025-09-16,DEFS,6.1000,6.1050,5.9670,5.9670,23508
2025-09-17,DEFS,6.0070,6.0290,5.9130,5.8970,12481
2025-09-18,DEFS,5.9440,5.9650,5.8990,5.9120,12232
2025-09-19,DEFS,5.9440,5.9580,5.9000,5.9400,10250
2025-09-22,DEFS,5.9840,6.0340,5.9810,6.0400,28856
2025-09-23,DEFS,6.0300,6.0480,6.0000,5.9930,23378
2025-09-24,DEFS,6.0950,6.1190,6.0710,6.1080,17156
2025-09-25,DEFS,6.0710,6.1330,6.0600,6.1210,9373
2025-09-26,DEFS,6.1510,6.2000,6.1300,6.1790,23887
2025-09-29,DEFS,6.2280,6.2840,6.2000,6.2590,19386
2025-09-30,DEFS,6.2700,6.3080,6.2200,6.3080,22698
2025-10-01,DEFS,6.2730,6.3770,6.2030,6.2680,25343
2025-10-02,DEFS,6.3170,6.3860,6.3000,6.3550,33578
2025-10-03,DEFS,6.3700,6.4210,6.3600,6.3620,30243
2025-10-06,DEFS,6.3430,6.3430,6.2490,6.2520,32498
2025-10-07,DEFS,6.1800,6.2400,6.1800,6.2040,50874
2025-10-08,DEFS,6.2720,6.3190,6.2670,6.3120,24650
2025-10-09,DEFS,6.2470,6.2750,6.2400,6.2640,25124
2025-10-10,DEFS,6.2650,6.2650,6.0740,6.1070,43222
2025-10-13,DEFS,6.1100,6.1100,6.0340,6.0720,15825
2025-10-14,DEFS,6.0000,6.0140,5.9070,6.0260,28905
2025-10-15,DEFS,6.0110,6.0190,5.8930,5.8840,16887
2025-10-16,DEFS,5.8270,5.9530,5.8270,5.9410,18327
2025-10-17,DEFS,5.7550,5.7850,5.6830,5.6950,29413
2025-10-20,DEFS,5.8340,5.8970,5.8340,5.8840,12569
2025-10-21,DEFS,5.9230,5.9600,5.8840,5.9560,21514
2025-10-22,DEFS,6.0590,6.0680,5.9590,5.9510,4670
2025-10-23,DEFS,6.0470,6.0470,5.9710,5.9800,10558
2025-10-24,DEFS,6.0180,6.0180,5.9360,5.9750,6672
2025-10-27,DEFS,6.0000,6.0070,5.9170,5.9410,6391
2025-10-28,DEFS,5.9000,6.0040,5.9000,5.9730,18319
2025-10-29,DEFS,5.9530,5.9530,5.9000,5.9200,12382
2025-10-30,DEFS,5.9270,5.9330,5.9120,5.9200,6586
2025-10-31,DEFS,5.9240,5.9800,5.9120,5.9430,20693
2025-11-03,DEFS,5.9830,6.0050,5.9640,6.0050,22574
2025-11-04,DEFS,5.9120,5.9420,5.8910,5.9250,5416
2025-11-05,DEFS,5.9020,5.9030,5.8480,5.8750,2064
2025-11-06,DEFS,5.8220,5.8520,5.7330,5.7850,7134
2025-11-07,DEFS,5.7690,5.7950,5.7620,5.8220,5205
2025-11-10,DEFS,5.9160,5.9350,5.8980,5.9310,4680
2025-11-11,DEFS,5.8540,5.8730,5.8190,5.8420,4263
2025-11-12,DEFS,5.8710,5.9010,5.8190,5.8430,14759
2025-11-13,DEFS,5.8950,5.9340,5.8650,5.8760,16322
2025-11-14,DEFS,5.7880,5.7930,5.6840,5.7880,13123
2025-11-17,DEFS,5.8290,5.9000,5.8000,5.8070,21792
2025-11-18,DEFS,5.7090,5.8120,5.7000,5.7120,15437
2025-11-19,DEFS,5.7120,5.7120,5.5450,5.5480,14039
2025-11-20,DEFS,5.6240,5.7070,5.6240,5.6280,3295
2025-11-21,DEFS,5.4950,5.4960,5.3960,5.4200,13041
2025-11-24,DEFS,5.3370,5.3790,5.2850,5.2880,54914
2025-11-25,DEFS,5.3490,5.3520,5.2500,5.3240,7028
2025-11-26,DEFS,5.3780,5.3910,5.3300,5.3840,10330
2025-11-27,DEFS,5.4230,5.4260,5.3850,5.4170,14620
2025-11-28,DEFS,5.4350,5.4350,5.3900,5.4060,3660
2025-12-01,DEFS,5.2840,5.3270,5.1940,5.2610,12384
2025-12-02,DEFS,5.2860,5.3350,5.2170,5.3080,15342
2025-12-03,DEFS,5.3690,5.4000,5.3470,5.3950,17202
2025-12-04,DEFS,5.4190,5.4600,5.3910,5.4560,27072
2025-12-05,DEFS,5.4850,5.5860,5.4780,5.4580,5815
2025-12-08,DEFS,5.4980,5.5600,5.4970,5.5500,3451
2025-12-09,DEFS,5.6240,5.6720,5.5940,5.6360,13430
2025-12-10,DEFS,5.5810,5.5810,5.5300,5.5540,10717
2025-12-11,DEFS,5.5470,5.5680,5.5220,5.5220,10795
2025-12-12,DEFS,5.5420,5.5840,5.5420,5.5550,13443
2025-12-15,DEFS,5.5350,5.5620,5.5240,5.5670,1729
2025-12-16,DEFS,5.4540,5.4540,5.3920,5.4360,13655
2025-12-17,DEFS,5.4890,5.5120,5.4700,5.4680,4295
2025-12-18,DEFS,5.4740,5.5820,5.4740,5.5790,7631
2025-12-19,DEFS,5.5880,5.6350,5.5880,5.6540,4641
2025-12-22,DEFS,5.6370,5.6390,5.5920,5.6260,23307
2025-12-23,DEFS,5.6660,5.6660,5.6000,5.6380,7914
2025-12-29,DEFS,5.5550,5.5800,5.5060,5.5720,6105
2025-12-30,DEFS,5.6110,5.6550,5.6010,5.6480,4731
2026-01-02,DEFS,5.6640,5.8240,5.6640,5.8210,10522
2026-01-05,DEFS,6.0010,6.0990,5.9900,6.0990,49112
2026-01-06,DEFS,6.1150,6.2160,6.1000,6.1530,27760
2026-01-07,DEFS,6.2190,6.3940,6.1870,6.3850,63110
2026-01-08,DEFS,6.5810,6.5810,6.3990,6.4560,98782
2026-01-09,DEFS,6.4990,6.5490,6.4460,6.5270,45968
2026-01-12,DEFS,6.5860,6.6490,6.5740,6.6000,137834
2026-01-13,DEFS,6.5490,6.6320,6.5480,6.6240,42194
2026-01-14,DEFS,6.6320,6.6320,6.4670,6.5270,31439
2026-01-15,DEFS,6.5020,6.5120,6.4700,6.5110,26020
2026-01-16,DEFS,6.5400,6.6060,6.5400,6.5710,17739
2026-01-19,DEFS,6.6700,6.7160,6.5790,6.6160,112624
2026-01-20,DEFS,6.5350,6.5790,6.4320,6.5590,43393
2026-01-21,DEFS,6.5490,6.5490,6.4500,6.5000,51802
2026-01-22,DEFS,6.3790,6.4850,6.2960,6.3120,41698
2026-01-23,DEFS,6.3220,6.4420,6.3220,6.4400,23641
2026-01-26,DEFS,6.4440,6.4580,6.3140,6.3280,22044
2026-01-27,DEFS,6.3530,6.4030,6.3170,6.4100,48200
2026-01-28,DEFS,6.4310,6.4310,6.2950,6.3500,23799
2026-01-29,DEFS,6.3640,6.3720,6.2500,6.2630,13389
2026-01-30,DEFS,6.2210,6.2980,6.2210,6.2560,25630
2026-02-02,DEFS,6.1620,6.2330,6.1510,6.2010,17955
2026-02-03,DEFS,6.2750,6.3080,6.2200,6.2420,27748
2026-02-04,DEFS,6.2420,6.2850,6.0890,6.0890,60010
2026-02-05,DEFS,6.0080,6.0870,5.9210,5.9800,56965
2026-02-06,DEFS,5.9740,6.0880,5.9590,6.0580,17263
2026-02-09,DEFS,6.1540,6.2150,6.1250,6.2170,12764
2026-02-10,DEFS,6.2130,6.2130,6.1230,6.1250,14541
2026-02-11,DEFS,6.0900,6.1380,6.0320,6.0670,17376
2026-02-12,DEFS,6.0920,6.1340,6.0860,6.0260,6992
2026-02-13,DEFS,6.0700,6.2370,6.0700,6.1860,22824
2026-02-16,DEFS,6.2050,6.2990,6.1910,6.2920,18929
2026-02-17,DEFS,6.2770,6.2770,6.1760,6.2730,9114
2026-02-18,DEFS,6.3980,6.5120,6.3920,6.4930,20104
2026-02-19,DEFS,6.4200,6.4790,6.3770,6.4860,23232
2026-02-20,DEFS,6.4960,6.5600,6.4840,6.5340,19098
2026-02-23,DEFS,6.4380,6.4680,6.3900,6.3970,15195
2026-02-24,DEFS,6.3990,6.3990,6.3180,6.3870,6338
2026-02-25,DEFS,6.4010,6.4010,6.3100,6.3420,13830
2026-02-26,DEFS,6.4270,6.4360,6.2890,6.3430,83779
2026-02-27,DEFS,6.3390,6.3750,6.3140,6.3210,46122
2026-03-02,DEFS,6.4610,6.4750,6.2980,6.3440,195913
2026-03-03,DEFS,6.3330,6.3360,6.1190,6.1930,112514
2026-03-04,DEFS,6.2190,6.3800,6.2060,6.3700,217991
2026-03-05,DEFS,6.3840,6.3890,6.0670,6.0730,96026
2026-03-06,DEFS,6.1610,6.2170,6.1290,6.1920,77678
2026-03-09,DEFS,6.0830,6.2910,6.0100,6.2740,116762
2026-03-10,DEFS,6.2810,6.4000,6.2810,6.3710,67887
2026-03-11,DEFS,6.3000,6.3000,6.1370,6.2410,89081
2026-03-12,DEFS,6.3740,6.4530,6.2420,6.2960,38749
2026-03-13,DEFS,6.2760,6.3260,6.2250,6.2470,35347
2026-03-16,DEFS,6.2720,6.3090,6.2260,6.2850,30150
2026-03-17,DEFS,6.2290,6.2920,6.2240,6.2860,7870
2026-03-18,DEFS,6.2940,6.3910,6.2940,6.3230,26099
2026-03-19,DEFS,6.2320,6.2320,6.1040,6.1250,34540
2026-03-20,DEFS,6.1420,6.1720,5.9030,5.9050,50512
2026-03-23,DEFS,5.7790,6.0170,5.7000,5.8970,52499
2026-03-24,DEFS,5.8580,5.8660,5.7540,5.8150,51552
2026-03-25,DEFS,5.9540,5.9570,5.8920,5.9320,52445
2026-03-26,DEFS,5.8420,5.8460,5.7590,5.7570,66067
2026-03-27,DEFS,5.7530,5.7530,5.5780,5.5890,27726
2026-03-30,DEFS,5.5170,5.6500,5.5170,5.6370,19819
2026-03-31,DEFS,5.5960,5.7720,5.5960,5.7640,10749
2026-04-01,DEFS,5.9800,6.1500,5.9000,6.1460,93086
2026-04-02,DEFS,5.9960,6.1230,5.9960,6.0890,78395
2026-04-07,DEFS,6.0700,6.0700,5.8840,5.9340,44601
2026-04-08,DEFS,6.1980,6.2150,6.1630,6.2090,62254
2026-04-09,DEFS,6.1630,6.1680,6.0970,6.1690,24418
2026-04-10,DEFS,6.1320,6.1580,5.9800,6.0040,40641
2026-04-13,DEFS,5.9760,6.0820,5.9590,6.0800,14704
2026-04-14,DEFS,6.1000,6.1480,6.0810,6.1230,24970
2026-04-15,DEFS,6.0860,6.1340,6.0780,6.1250,15870
2026-04-16,DEFS,6.1190,6.1800,5.9950,6.0450,23923
2026-04-17,DEFS,6.0300,6.2580,6.0210,6.1660,47989
2026-04-20,DEFS,6.1020,6.1020,6.0500,6.0590,11744
2026-04-21,DEFS,6.0540,6.0690,5.8060,5.8090,41615
2026-04-22,DEFS,5.8320,5.8320,5.6850,5.6890,23726
2026-04-23,DEFS,5.6610,5.7600,5.6200,5.7550,57361
2026-04-24,DEFS,5.6410,5.6420,5.5300,5.5310,87955
2026-04-27,DEFS,5.5830,5.6050,5.5390,5.5450,38042
2026-04-28,DEFS,5.5460,5.5460,5.4740,5.5410,28119
2026-04-29,DEFS,5.5400,5.5540,5.5000,5.5050,168650
2026-04-30,DEFS,5.4620,5.6340,5.4600,5.6160,150223
2026-05-04,DEFS,5.6820,5.6880,5.5870,5.6130,68024
2026-05-05,DEFS,5.6300,5.7260,5.6120,5.6950,19995
2026-05-06,DEFS,5.7720,5.9620,5.7720,5.9260,296407
2026-05-07,DEFS,5.9010,5.9270,5.7120,5.7400,88947
2026-05-08,DEFS,5.6660,5.6700,5.5150,5.5170,55460
2026-05-11,DEFS,5.5370,5.5370,5.3670,5.4310,133636
2026-05-12,DEFS,5.3540,5.3940,5.3090,5.3340,104021
2026-05-13,DEFS,5.3640,5.3760,5.2500,5.3150,92376
2026-05-14,DEFS,5.3510,5.3690,5.3200,5.3370,18269
2026-05-15,DEFS,5.2890,5.3360,5.1760,5.1760,16204
2026-05-18,DEFS,5.1460,5.3000,5.1300,5.2490,124708
2026-05-19,DEFS,5.3410,5.4360,5.3410,5.3670,35682
2026-05-20,DEFS,5.3620,5.5470,5.3580,5.5240,43586
2026-05-21,DEFS,5.5370,5.5700,5.4990,5.5060,45813
2026-05-22,DEFS,5.5230,5.6090,5.5000,5.5990,37488
2026-05-25,DEFS,5.6680,5.7350,5.6600,5.7330,20304
2026-05-26,DEFS,5.6680,5.7350,5.6490,5.6730,14978
2026-05-27,DEFS,5.6940,5.7660,5.6770,5.6930,92034
2026-05-28,DEFS,5.6970,5.8860,5.6970,5.8840,90056
2026-05-29,DEFS,5.9200,5.9330,5.8710,5.8770,112228
2026-06-01,DEFS,5.8250,5.8250,5.5880,5.5940,103348
2026-06-02,DEFS,5.6650,5.6650,5.5540,5.5710,61863
2026-06-03,DEFS,5.5100,5.5220,5.4700,5.5050,34079
2026-06-04,DEFS,5.4900,5.5740,5.4850,5.5720,96561
2026-06-05,DEFS,5.5830,5.6380,5.5730,5.6100,84687
2026-06-08,DEFS,5.4960,5.6390,5.4710,5.5840,71038
2026-06-09,DEFS,5.5760,5.6620,5.5170,5.5570,88263
2026-06-10,DEFS,5.6050,5.6260,5.5020,5.5590,186262
2026-06-11,DEFS,5.6100,5.6480,5.5550,5.6400,81614
2026-06-12,DEFS,5.7150,5.7520,5.6020,5.6490,83468
2026-06-15,DEFS,5.7520,5.7910,5.6220,5.6270,48138
2026-06-16,DEFS,5.7110,5.7540,5.6630,5.6700,26829
2026-06-17,DEFS,5.7120,5.7320,5.6940,5.7080,40180
2026-06-18,DEFS,5.7290,5.7870,5.6800,5.7260,42891
2026-06-19,DEFS,5.7930,5.8150,5.7500,5.7570,27188
2026-06-22,DEFS,5.7350,5.7550,5.6150,5.6670,46366
2026-06-23,DEFS,5.6430,5.7480,5.6430,5.6910,203142
2026-06-24,DEFS,5.6190,5.6270,5.5300,5.5740,80551
2026-06-25,DEFS,5.5630,5.5750,5.4940,5.5420,98141
2026-06-26,DEFS,5.5030,5.5030,5.4240,5.4990,16838
2026-06-29,DEFS,5.4900,5.5410,5.4580,5.5350,30450
2026-06-30,DEFS,5.5890,5.6450,5.5390,5.6410,15620
2026-07-01,DEFS,5.6910,5.8000,5.6810,5.7870,86847
2026-07-02,DEFS,5.8080,6.0700,5.7980,6.0230,37458
2026-07-03,DEFS,6.0640,6.0650,6.0010,6.0530,42162
2026-07-06,DEFS,6.0600,6.1710,6.0570,6.1630,64400
2026-07-07,DEFS,6.2140,6.2290,6.0310,6.0460,32922
2026-07-08,DEFS,5.9930,5.9950,5.8510,5.8600,103586
2026-07-09,DEFS,5.9280,5.9350,5.7660,5.7990,57803
2026-07-10,DEFS,5.7710,5.7900,5.7140,5.7530,20440
2026-07-13,DEFS,5.7270,5.7310,5.6400,5.6500,91473
2026-07-14,DEFS,5.6210,5.6700,5.5660,5.6680,48664
2026-07-15,DEFS,5.5680,5.6610,5.5580,5.6470,42234
2026-07-16,DEFS,5.6160,5.6280,5.5660,5.6110,62751
2026-07-17,DEFS,5.5840,5.7060,5.5680,5.6980,35186
2026-07-20,DEFS,5.7040,5.7040,5.6470,5.6740,23899
2026-07-21,DEFS,5.7200,5.7810,5.6360,5.7080,22747
2026-07-22,DEFS,5.7610,5.8480,5.7380,5.8300,85771
2026-07-23,DEFS,5.8680,5.9280,5.8200,5.8520,67057
2026-07-24,DEFS,5.8230,5.9030,5.8230,5.9030,44595
2026-07-27,DEFS,6.0440,6.0750,5.9280,5.9900,83822
2026-07-28,DEFS,6.0470,6.1600,6.0220,6.1050,114416
2026-07-29,DEFS,6.1020,6.1650,6.0010,6.0600,80352
2026-07-30,DEFS,6.0620,6.0970,6.0190,6.0720,58298
2026-07-31,DEFS,6.0890,6.2320,6.0790,6.1040,46110
2026-08-03,DEFS,6.2070,6.2930,6.1940,6.2600,52853
2026-08-04,DEFS,6.3760,6.4100,6.3510,6.3910,103322
2026-08-05,DEFS,6.4650,6.5220,6.4270,6.4290,27450
2026-08-06,DEFS,6.4540,6.5500,6.4270,6.4360,69198
2026-08-07,DEFS,6.4870,6.5660,6.4350,6.4350,21552
2026-08-10,DEFS,6.4430,6.5060,6.4130,6.5030,16827
2026-08-11,DEFS,6.5170,6.5240,6.4750,6.4860,14870
2026-08-12,DEFS,6.5540,6.5970,6.5400,6.5660,24529
2026-08-13,DEFS,6.5900,6.6340,6.5370,6.5330,12587
2026-08-14,DEFS,6.5860,6.6610,6.5860,6.6120,17718
2026-08-17,DEFS,6.6150,6.6500,6.5860,6.5970,19838
2026-08-18,DEFS,6.6020,6.6020,6.4950,6.5140,72342
2026-08-19,DEFS,6.5390,6.5470,6.4030,6.4050,9087
2026-08-20,DEFS,6.3730,6.3850,6.3070,6.3100,172340
2026-08-21,DEFS,6.2510,6.2730,6.2400,6.2470,37789
2026-08-24,DEFS,6.2380,6.2580,6.1740,6.1740,13771
2026-08-25,DEFS,6.2350,6.2510,6.1950,6.1920,7251
2026-08-26,DEFS,6.2060,6.2860,6.1850,6.2370,4343
2026-08-27,DEFS,6.2210,6.2890,6.2040,6.2230,14886
2026-08-28,DEFS,6.2390,6.2390,6.1480,6.1550,50563
2026-08-31,DEFS,6.1350,6.1350,6.0450,6.0490,109561
2026-09-01,DEFS,5.9600,5.9840,5.9100,5.9290,103074
2026-09-02,DEFS,5.9100,5.9410,5.8760,5.9070,6927
2026-09-03,DEFS,5.8820,5.8930,5.8340,5.8760,35526
2026-09-04,DEFS,5.8870,5.9270,5.8540,5.8570,35044
2026-09-07,DEFS,5.8850,5.9160,5.8470,5.8430,10871
2026-09-08,DEFS,5.8320,5.8760,5.7820,5.8760,68698
2024-09-09,EM15,186.8800,187.5600,185.8800,187.9100,5620
2024-09-10,EM15,187.4500,188.3800,187.3600,188.3800,1547
2024-09-11,EM15,189.4500,189.9100,188.1000,189.7000,1616
2024-09-12,EM15,188.6300,189.7400,188.3600,188.3600,974
2024-09-13,EM15,189.2100,189.2100,188.3500,188.8600,1546
2024-09-16,EM15,188.6500,189.7000,188.6000,189.7000,772
2024-09-17,EM15,190.3300,190.3300,189.3000,189.5200,1684
2024-09-18,EM15,189.1800,189.1800,187.2800,187.2800,2709
2024-09-19,EM15,187.0000,187.0000,185.8000,186.3800,2306
2024-09-20,EM15,187.2200,187.2200,186.0000,186.1700,1723
2024-09-23,EM15,186.1700,186.7000,186.1600,186.3900,436
2024-09-24,EM15,186.9800,187.3300,185.4800,187.3300,1139
2024-09-25,EM15,187.6900,187.6900,186.0000,185.8900,1586
2024-09-26,EM15,186.7600,187.9000,186.3800,186.5900,11852
2024-09-27,EM15,188.2000,188.8200,187.3000,187.5300,3320
2024-09-30,EM15,186.3800,188.3000,186.3800,187.4400,1131
2024-10-01,EM15,189.2000,191.6200,189.1500,190.7100,926
2024-10-02,EM15,190.5200,190.5200,188.3400,189.0500,1500
2024-10-03,EM15,188.6400,188.6400,187.0000,187.6800,1046
2024-10-04,EM15,187.2600,187.4300,185.9600,186.9500,652
2024-10-07,EM15,186.7900,186.7900,185.7800,186.0300,915
2024-10-08,EM15,186.0200,186.0400,185.4300,185.7600,1683
2024-10-09,EM15,186.2300,186.6600,185.8200,185.8400,2347
2024-10-10,EM15,185.3900,186.1600,185.3500,186.1100,1831
2024-10-11,EM15,186.1900,186.1900,184.8900,185.5000,1293
2024-10-14,EM15,186.3300,186.3300,185.4200,185.6100,913
2024-10-15,EM15,187.2400,187.5600,186.8600,187.5100,856
2024-10-16,EM15,188.1100,189.0800,188.0000,189.0800,2094
2024-10-17,EM15,188.5400,188.7800,187.8000,188.2100,1042
2024-10-18,EM15,187.7400,189.1700,187.7400,189.1700,3224
2024-10-21,EM15,188.6200,188.6200,185.4200,185.7200,1002
2024-10-22,EM15,185.0000,185.1800,184.1000,184.3700,1209
2024-10-23,EM15,184.7500,184.7500,184.0000,184.3700,1305
2024-10-24,EM15,185.7500,186.9300,185.3500,186.5000,4082
2024-10-25,EM15,186.2900,186.2900,185.5200,185.6500,7398
2024-10-28,EM15,183.9600,186.5000,183.9600,185.9700,345
2024-10-29,EM15,184.7600,185.2300,184.6300,184.6900,1738
2024-10-30,EM15,185.9700,185.9700,184.0000,184.8100,1887
2024-10-31,EM15,184.1100,185.1400,183.4000,185.1400,1384
2024-11-01,EM15,184.6300,184.6300,184.0400,184.0400,384
2024-11-04,EM15,184.2700,185.5900,184.0100,185.5500,2954
2024-11-05,EM15,184.9600,185.2100,184.0500,184.7100,595
2024-11-06,EM15,185.5100,185.5100,182.6400,183.4900,1194
2024-11-07,EM15,182.4000,182.6700,180.5000,182.3000,1822
2024-11-08,EM15,183.7200,185.3300,183.4700,185.0800,1638
2024-11-11,EM15,186.1600,186.9200,185.6700,186.4100,2588
2024-11-12,EM15,186.3400,187.4400,186.0600,186.0600,788
2024-11-13,EM15,185.1500,186.5100,185.1500,185.7400,6647
2024-11-14,EM15,184.9900,187.0000,184.9900,187.0000,3843
2024-11-15,EM15,187.2000,187.6300,186.5900,186.8300,5846
2024-11-18,EM15,186.9100,186.9100,185.6300,186.6100,4623
2024-11-19,EM15,187.7200,189.0000,187.1700,187.4300,4294
2024-11-20,EM15,186.8200,187.3600,186.2000,187.3600,4623
2024-11-21,EM15,186.9500,187.8200,186.9500,187.4200,1071
2024-11-22,EM15,188.0000,188.9600,188.0000,188.5400,3049
2024-11-25,EM15,189.2300,190.1800,188.4300,190.0500,2233
2024-11-26,EM15,189.5100,190.3700,189.5000,190.0400,1853
2024-11-27,EM15,190.6000,191.6800,190.6000,191.5700,933
2024-11-28,EM15,191.8200,193.3700,191.5700,193.3700,850
2024-11-29,EM15,193.2300,194.4900,193.2300,194.4900,9686
2024-12-02,EM15,194.9700,195.9000,194.7000,195.1200,7475
2024-12-03,EM15,195.1200,195.8500,194.5900,195.2900,2051
2024-12-04,EM15,194.9100,195.5900,194.2300,195.5900,1097
2024-12-05,EM15,196.0400,196.3500,195.4200,195.9700,1972
2024-12-06,EM15,196.2700,196.8300,195.8800,195.8800,5054
2024-12-09,EM15,196.0600,196.4700,195.3000,195.3000,15981
2024-12-10,EM15,194.5300,195.5900,194.3700,194.8800,3012
2024-12-11,EM15,195.1300,195.2100,194.2900,193.9300,2224
2024-12-12,EM15,193.8000,193.9600,191.8200,191.8200,1850
2024-12-13,EM15,191.1500,191.1800,190.3800,190.3800,617
2024-12-16,EM15,190.2600,190.6000,189.7600,190.1000,670
2024-12-17,EM15,189.9800,190.5800,189.5900,190.2000,1552
2024-12-18,EM15,190.2000,190.2300,189.3700,189.7900,1357
2024-12-19,EM15,188.3100,188.9600,187.7900,187.8100,1116
2024-12-20,EM15,187.3900,188.6200,187.3900,188.5500,1496
2024-12-23,EM15,187.9100,188.5000,187.3700,187.3700,7241
2024-12-27,EM15,186.4900,186.4900,185.2300,185.6500,900
2024-12-30,EM15,185.8800,186.7100,185.4800,186.4400,2082
2025-01-02,EM15,186.0100,187.0100,185.4700,185.4700,1814
2025-01-03,EM15,185.4700,185.4700,184.0000,184.0200,882
2025-01-06,EM15,183.7000,184.3000,183.7000,184.1000,274
2025-01-07,EM15,183.6000,183.7900,182.7500,182.7500,1709
2025-01-08,EM15,182.7900,182.7900,181.0000,181.1300,1150
2025-01-09,EM15,180.7700,181.0000,180.1000,180.2500,1630
2025-01-10,EM15,180.0000,180.1600,179.5000,179.8400,833
2025-01-13,EM15,179.2800,179.3000,178.6900,179.1200,1568
2025-01-14,EM15,179.6300,179.6300,177.7600,178.3500,921
2025-01-15,EM15,178.9200,181.5000,178.5500,181.2800,1047
2025-01-16,EM15,181.2900,181.2900,180.1000,181.2700,1542
2025-01-17,EM15,182.0700,182.9200,182.0700,182.3600,1743
2025-01-20,EM15,182.0100,182.7300,181.6800,182.3400,999
2025-01-21,EM15,182.8600,183.3700,182.5800,183.1700,5872
2025-01-22,EM15,183.4000,184.1200,182.8800,182.8800,2048
2025-01-23,EM15,182.6500,182.6500,181.5000,182.3000,2432
2025-01-24,EM15,182.5500,182.5500,181.3600,182.0300,2532
2025-01-27,EM15,183.3600,183.4900,182.2700,182.7200,1829
2025-01-28,EM15,182.4000,182.5800,181.8700,181.8700,1923
2025-01-29,EM15,183.2400,183.2400,181.6100,181.6100,2220
2025-01-30,EM15,182.3100,183.3000,182.3100,182.7800,1763
2025-01-31,EM15,183.1100,184.2800,182.8700,184.2700,2669
2025-02-03,EM15,184.8700,187.1700,184.2500,186.3300,2527
2025-02-04,EM15,185.8500,186.2400,185.3300,186.4900,2157
2025-02-05,EM15,187.3900,188.6800,186.9900,188.0000,3161
2025-02-06,EM15,187.3800,188.2500,187.1500,188.1100,2859
2025-02-07,EM15,187.9000,188.2400,186.8400,187.4800,2336
2025-02-10,EM15,187.5100,187.8700,186.9900,187.6500,1796
2025-02-11,EM15,186.8000,186.8000,184.8100,185.1200,1229
2025-02-12,EM15,184.3800,185.1800,183.8000,184.2000,1273
2025-02-13,EM15,184.9700,186.3600,184.9700,186.0600,1071
2025-02-14,EM15,186.3500,186.5000,185.6200,186.1500,1915
2025-02-17,EM15,184.2100,184.4200,183.6500,184.3200,1509
2025-02-18,EM15,183.6500,184.5000,183.6500,184.4400,2218
2025-02-19,EM15,183.8000,183.8000,182.3800,182.3800,1255
2025-02-20,EM15,182.5300,182.6600,181.9800,182.6600,1490
2025-02-21,EM15,183.1500,184.4900,183.1500,184.4900,2359
2025-02-24,EM15,184.4800,184.4800,183.4100,183.8400,1596
2025-02-25,EM15,183.9500,184.7300,183.4900,184.6600,2431
2025-02-26,EM15,185.0500,185.6600,185.0500,185.5600,1803
2025-02-27,EM15,185.9200,185.9200,184.2200,185.4800,1025
2025-02-28,EM15,186.5800,186.5800,185.3500,185.8400,623
2025-03-03,EM15,184.7700,184.7800,182.0800,182.7300,6934
2025-03-04,EM15,184.1100,184.2400,181.4600,181.6500,5429
2025-03-05,EM15,178.2600,178.6500,175.2800,175.2800,3105
2025-03-06,EM15,173.2400,174.4400,173.0000,173.6900,4103
2025-03-07,EM15,174.8300,175.9400,174.1600,174.1600,1464
2025-03-10,EM15,174.3700,175.1200,174.0000,174.0000,8150
2025-03-11,EM15,173.4000,173.5600,172.4900,172.4900,1297
2025-03-12,EM15,172.5600,173.4100,172.0600,172.9400,1319
2025-03-13,EM15,173.0600,173.0600,172.0000,172.7100,2566
2025-03-14,EM15,172.3400,172.3400,171.3000,172.1400,2275
2025-03-17,EM15,172.8900,175.1400,172.6000,175.1400,6120
2025-03-18,EM15,174.0100,174.4600,173.5300,174.0600,1864
2025-03-19,EM15,175.4700,175.4700,174.7300,175.1900,5385
2025-03-20,EM15,175.4500,175.7100,174.8000,174.8000,1291
2025-03-21,EM15,175.1300,175.4200,174.7100,174.9300,2696
2025-03-24,EM15,174.7000,175.1800,174.1800,174.6700,1568
2025-03-25,EM15,174.3800,174.4300,173.5000,174.3200,2759
2025-03-26,EM15,174.4700,174.4700,173.9100,174.1300,1238
2025-03-27,EM15,174.8500,174.8500,173.9800,174.2700,1603
2025-03-28,EM15,175.8100,175.9500,174.8300,175.2000,4136
2025-03-31,EM15,176.8300,176.8300,175.1700,175.3600,4082
2025-04-01,EM15,176.2000,177.5200,176.1400,176.9300,2231
2025-04-02,EM15,177.1400,177.2900,175.7300,175.7900,2286
2025-04-03,EM15,177.8400,177.8400,176.4000,176.4100,1487
2025-04-04,EM15,177.8000,179.7900,177.6800,178.2300,2958
2025-04-07,EM15,179.7200,179.7200,175.2700,175.2700,7150
2025-04-08,EM15,176.4400,177.2500,174.8000,175.7400,6230
2025-04-09,EM15,174.0500,176.5900,173.8500,176.2600,2571
2025-04-10,EM15,176.5900,178.2700,175.2500,177.8500,1334
2025-04-11,EM15,177.1600,180.0600,177.0100,179.7000,1643
2025-04-14,EM15,179.3200,180.5800,179.3200,180.5500,1030
2025-04-15,EM15,180.8600,180.8600,178.7800,178.9500,2972
2025-04-16,EM15,180.3200,180.4000,179.5500,179.5500,3767
2025-04-17,EM15,179.5600,180.3700,178.6800,180.1900,1167
2025-04-22,EM15,180.4300,181.0700,179.9900,181.0200,3175
2025-04-23,EM15,181.1500,181.1500,179.8100,179.8300,1483
2025-04-24,EM15,180.7200,181.8700,180.6600,181.8700,4042
2025-04-25,EM15,181.5700,181.7900,180.9900,181.1800,1697
2025-04-28,EM15,180.9300,180.9300,179.3200,180.0100,436
2025-04-29,EM15,180.0200,180.2600,179.8900,180.0100,1244
2025-04-30,EM15,180.2100,181.4100,180.2100,181.4100,792
2025-05-02,EM15,180.4600,180.5800,179.4300,179.4300,1321
2025-05-05,EM15,179.7500,179.9700,179.0500,179.4700,3051
2025-05-06,EM15,178.3400,178.9600,177.9900,178.7700,2012
2025-05-07,EM15,178.7800,180.8100,178.7700,180.8100,945
2025-05-08,EM15,180.4100,180.6900,179.5200,179.5200,517
2025-05-09,EM15,178.7400,178.7500,177.9200,178.6900,530
2025-05-12,EM15,177.5600,177.5900,176.9800,177.2600,1050
2025-05-13,EM15,177.0800,177.0800,176.1000,176.1000,1279
2025-05-14,EM15,176.3500,176.8800,175.7700,175.7700,1010
2025-05-15,EM15,176.0500,177.9500,176.0500,177.9500,1534
2025-05-16,EM15,179.0100,179.9100,178.7700,178.9400,2731
2025-05-19,EM15,178.7500,178.9600,177.0300,178.9600,1359
2025-05-20,EM15,179.3700,179.5400,177.5000,178.0600,1464
2025-05-21,EM15,177.1300,177.1300,175.8000,176.6000,1016
2025-05-22,EM15,175.7900,176.4000,175.3400,176.4000,6721
2025-05-23,EM15,177.2000,177.8500,176.6600,177.0700,4706
2025-05-26,EM15,178.4200,178.7800,177.0700,178.7000,765
2025-05-27,EM15,180.1800,180.1800,179.5300,180.1300,1568
2025-05-28,EM15,180.0400,180.1800,179.4100,179.7400,810
2025-05-29,EM15,178.9700,180.7500,178.9700,180.7500,1210
2025-05-30,EM15,181.0000,181.0000,180.0200,180.9500,1408
2025-06-02,EM15,179.5900,180.6400,179.3300,180.5100,909
2025-06-03,EM15,181.1600,181.1600,180.5800,180.8000,636
2025-06-04,EM15,180.9200,180.9200,179.9400,180.6000,1430
2025-06-05,EM15,180.8600,181.9700,179.7100,179.7100,1802
2025-06-06,EM15,180.5200,181.2500,180.3000,180.8400,2883
2025-06-09,EM15,181.1300,181.7500,179.8400,180.3700,491
2025-06-10,EM15,180.7900,181.8600,180.7900,181.5700,11295
2025-06-11,EM15,181.6400,181.6400,180.5400,180.6700,281
2025-06-12,EM15,182.1500,182.4700,181.7500,182.2700,965
2025-06-13,EM15,181.9900,182.0500,180.3600,180.4300,1422
2025-06-16,EM15,180.0400,181.5400,179.3000,180.8700,1664
2025-06-17,EM15,179.9700,181.2300,179.9700,180.5700,660
2025-06-18,EM15,179.7500,181.7600,179.7500,181.7600,1886
2025-06-19,EM15,180.8000,181.2700,180.2800,180.4700,1652
2025-06-20,EM15,181.5900,181.6500,180.0800,180.8500,2443
2025-06-23,EM15,179.8400,181.3800,179.8000,181.3300,573
2025-06-24,EM15,181.0700,181.0700,179.3400,180.3700,2950
2025-06-25,EM15,181.4100,181.4100,179.2800,179.7500,1860
2025-06-26,EM15,180.6300,180.6300,179.4000,179.4300,394
2025-06-27,EM15,179.7000,179.7000,178.6000,179.4500,1431
2025-06-30,EM15,179.4600,179.9400,178.8000,178.8000,1610
2025-07-01,EM15,180.5800,180.6300,180.1400,180.1400,458
2025-07-02,EM15,179.1800,179.5000,177.9900,178.3700,736
2025-07-03,EM15,179.2200,179.7400,178.9500,179.7400,658
2025-07-04,EM15,180.1000,180.4200,179.4800,179.4800,1060
2025-07-07,EM15,179.3600,179.3600,178.3200,178.4100,10086
2025-07-08,EM15,177.2500,177.3000,176.7800,177.2300,1413
2025-07-09,EM15,177.5000,177.5400,177.0500,177.1500,1221
2025-07-10,EM15,177.1700,177.1700,176.2500,176.2800,1778
2025-07-11,EM15,176.0000,176.1800,175.4300,175.8700,1301
2025-07-14,EM15,175.9200,175.9200,174.7400,175.0200,391
2025-07-15,EM15,175.7000,176.7700,175.3800,175.3800,1102
2025-07-16,EM15,175.6400,176.3800,175.1200,175.3200,375
2025-07-17,EM15,175.3800,176.4100,175.1700,176.1900,3600
2025-07-18,EM15,175.8300,176.1600,175.7500,175.7600,620
2025-07-21,EM15,176.9800,178.4000,176.6000,178.2400,2993
2025-07-22,EM15,177.4400,178.9900,177.4400,178.7400,579
2025-07-23,EM15,178.2900,178.8100,177.8400,178.8100,2271
2025-07-24,EM15,177.4000,177.4000,176.1900,176.5900,1005
2025-07-25,EM15,176.0200,176.4100,174.8900,176.4100,6039
2025-07-28,EM15,177.0700,177.3300,176.3900,176.9200,5234
2025-07-29,EM15,177.0600,177.3000,176.5700,177.2000,1930
2025-07-30,EM15,177.3100,177.4200,176.6700,176.7900,2622
2025-07-31,EM15,178.0600,178.0600,177.0700,177.6600,3684
2025-08-01,EM15,176.4500,178.4000,176.0000,177.0500,5419
2025-08-04,EM15,176.7500,179.0300,176.7500,179.0300,10336
2025-08-05,EM15,179.0600,179.7600,178.3700,178.8800,2693
2025-08-06,EM15,178.8100,178.8100,178.1400,178.2900,409
2025-08-07,EM15,177.8600,178.9600,177.7800,178.9600,2022
2025-08-08,EM15,178.8500,178.8500,177.3100,177.4900,1389
2025-08-11,EM15,178.2000,178.3800,177.2000,177.2000,825
2025-08-12,EM15,176.9900,176.9900,174.9200,175.3800,331
2025-08-13,EM15,175.8100,177.1200,175.8100,177.1200,1176
2025-08-14,EM15,177.9100,178.0200,176.2800,176.2800,206
2025-08-18,EM15,174.4000,175.2500,173.6800,173.6800,249
2025-08-19,EM15,174.0900,174.5400,174.0900,174.1900,474
2025-08-20,EM15,174.6100,175.3200,174.6100,175.1100,1068
2025-08-21,EM15,174.8500,174.8500,173.9000,173.9200,760
2025-08-22,EM15,173.8500,174.9000,173.8300,174.9000,372
2025-08-25,EM15,174.3000,174.3000,173.1000,173.5300,148
2025-08-26,EM15,173.5800,173.5900,172.9400,173.5900,418
2025-08-27,EM15,173.4800,174.1300,173.1500,173.4400,1080
2025-08-28,EM15,174.2400,174.2400,173.0000,174.0000,1908
2025-08-29,EM15,174.0000,174.0000,173.0100,173.0100,1240
2025-09-01,EM15,172.5000,173.0100,172.1000,172.5100,213
2025-09-02,EM15,171.2800,171.8000,170.6500,170.9500,2483
2025-09-03,EM15,171.3200,172.4500,170.4800,172.4000,1852
2025-09-04,EM15,172.9200,173.9200,172.9200,173.4900,2284
2025-09-05,EM15,174.4200,174.9900,173.8000,174.5900,1006
2025-09-08,EM15,175.1100,175.7000,174.7600,175.6500,8884
2025-09-09,EM15,175.8200,175.8200,175.0700,175.2300,383
2025-09-10,EM15,175.7600,175.7600,174.9700,175.6500,1141
2025-09-11,EM15,176.0600,176.8900,175.6600,176.7300,2131
2025-09-12,EM15,176.5000,176.5600,175.3000,175.3000,2462
2025-09-15,EM15,175.5700,176.0700,175.5200,176.0700,1699
2025-09-16,EM15,176.7200,176.7200,175.4500,175.9900,494
2025-09-17,EM15,176.3500,176.9700,175.9100,176.9000,1601
2025-09-18,EM15,177.3700,177.3700,175.0900,175.0900,2224
2025-09-19,EM15,174.4100,174.7200,174.3700,174.3700,938
2025-09-22,EM15,173.9500,174.5100,173.8200,173.8900,822
2025-09-23,EM15,174.4500,174.4500,173.8500,173.9400,1472
2025-09-24,EM15,174.5800,174.5800,173.7800,173.9300,1331
2025-09-25,EM15,174.1000,174.4900,173.6600,173.7200,1130
2025-09-26,EM15,173.6400,174.6300,173.6400,174.3300,1947
2025-09-29,EM15,174.8000,175.6600,174.8000,175.6600,812
2025-09-30,EM15,175.7800,175.8900,175.5700,175.5700,1040
2025-10-01,EM15,175.0900,176.1500,174.6700,175.3600,1336
2025-10-02,EM15,175.3600,176.1500,175.2900,175.9600,547
2025-10-03,EM15,176.6400,176.6400,175.9800,176.2000,2783
2025-10-06,EM15,174.7200,175.3600,174.5500,175.2400,3314
2025-10-07,EM15,174.5400,174.9300,174.3000,174.9300,1110
2025-10-08,EM15,175.9400,176.5800,175.9400,176.5200,2645
2025-10-09,EM15,176.8000,176.8000,175.9200,175.9200,741
2025-10-10,EM15,176.5500,177.6900,176.5300,177.6900,624
2025-10-13,EM15,177.7300,177.7900,177.2000,177.5300,540
2025-10-14,EM15,178.7600,178.9400,178.4400,178.8900,3693
2025-10-15,EM15,179.3700,180.5300,179.3700,180.5300,933
2025-10-16,EM15,180.2300,180.6500,179.8200,180.3300,639
2025-10-17,EM15,180.8300,181.1100,179.6500,179.8400,3924
2025-10-20,EM15,179.6700,179.7700,179.1000,179.7000,1850
2025-10-21,EM15,180.2700,180.6900,179.9600,180.6900,1725
2025-10-22,EM15,180.7600,181.0300,180.3300,180.4300,970
2025-10-23,EM15,180.1400,180.1500,179.7300,179.9300,1021
2025-10-27,EM15,178.4600,179.0800,177.9800,179.0800,992
2025-10-28,EM15,179.3800,179.3800,178.9000,178.9000,1141
2025-10-29,EM15,179.1900,179.3600,179.0600,179.3200,12486
2025-10-30,EM15,178.7600,179.5600,178.7600,179.4600,198
2025-10-31,EM15,178.9900,179.3400,178.9200,178.9900,1604
2025-11-03,EM15,178.8100,179.1400,178.4800,178.4800,859
2025-11-04,EM15,178.5200,178.7600,178.3300,178.4700,1847
2025-11-05,EM15,178.6900,178.7000,178.1900,178.1900,1516
2025-11-06,EM15,178.2000,178.4100,177.8200,178.4100,818
2025-11-07,EM15,177.8200,177.9500,177.2800,177.6600,1589
2025-11-10,EM15,177.3300,178.2500,177.3300,178.2500,13984
2025-11-11,EM15,178.2200,178.8800,178.1400,178.5500,512
2025-11-12,EM15,178.3400,179.6000,178.0800,179.6000,779
2025-11-13,EM15,179.4200,179.6100,178.5700,178.4600,329
2025-11-14,EM15,177.4200,178.3400,177.1600,177.3200,1025
2025-11-17,EM15,177.3300,177.6800,177.3300,177.4400,668
2025-11-18,EM15,177.1200,177.6500,176.8500,176.8500,1871
2025-11-19,EM15,177.3600,177.8500,176.8700,176.9700,1322
2025-11-20,EM15,176.9200,176.9200,175.8700,176.2100,6219
2025-11-21,EM15,176.6600,177.0200,176.3700,176.3700,983
2025-11-24,EM15,177.1900,177.2600,176.5900,177.0900,840
2025-11-25,EM15,176.7700,178.1100,176.7700,177.8000,711
2025-11-26,EM15,177.4700,178.1200,177.4700,178.0100,639
2025-11-27,EM15,178.1000,178.1000,177.7200,177.8700,542
2025-11-28,EM15,177.7700,178.1100,177.4900,177.7900,680
2025-12-01,EM15,176.3900,176.9900,175.8000,176.0600,1042
2025-12-02,EM15,176.0000,176.1200,175.6500,175.9100,2739
2025-12-03,EM15,175.9400,176.4400,175.9400,176.1300,818
2025-12-04,EM15,176.0000,176.0300,175.3000,175.3000,1040
2025-12-05,EM15,175.4100,175.6000,175.0400,175.0400,702
2025-12-08,EM15,174.8000,174.8000,173.8000,174.0900,254
2025-12-09,EM15,174.0400,174.6100,174.0400,174.5400,650
2025-12-10,EM15,174.1700,174.5500,173.7400,174.5500,606
2025-12-11,EM15,173.9700,174.8700,173.9700,174.7400,656
2025-12-12,EM15,174.4900,174.4900,173.9200,173.9500,997
2025-12-15,EM15,174.8900,175.0900,174.6200,174.7200,1751
2025-12-16,EM15,174.8500,174.8500,174.2300,174.7100,475
2025-12-17,EM15,174.9900,174.9900,174.1000,174.2900,510
2025-12-18,EM15,174.6600,174.7400,173.5000,174.4200,1621
2025-12-19,EM15,173.6000,173.9300,172.8000,172.8900,3026
2025-12-22,EM15,172.7400,173.1800,172.6200,172.7400,620
2025-12-23,EM15,173.4900,174.4200,173.4900,174.3500,1651
2025-12-29,EM15,174.3800,175.3800,174.3800,175.3400,2053
2025-12-30,EM15,175.1800,175.1800,174.4000,174.5700,521
2026-01-02,EM15,174.0400,174.1700,173.1500,173.1500,588
2026-01-05,EM15,173.2800,173.8700,173.0900,173.7600,2041
2026-01-06,EM15,173.7600,174.8600,173.7600,174.5300,586
2026-01-07,EM15,176.0600,176.2200,175.3100,175.5500,2340
2026-01-08,EM15,175.1500,175.1500,174.5300,174.9800,1977
2026-01-09,EM15,175.3400,175.4500,175.0000,175.1300,1159
2026-01-12,EM15,175.1800,176.2700,175.1800,176.1500,1544
2026-01-13,EM15,175.4800,175.5900,175.2000,175.5900,638
2026-01-14,EM15,175.5900,176.3100,175.5000,176.2700,1659
2026-01-15,EM15,176.4700,177.2000,176.0900,177.2000,1255
2026-01-16,EM15,176.8200,176.8200,176.1600,176.4800,2368
2026-01-19,EM15,176.4700,176.4700,176.0000,176.1400,3127
2026-01-20,EM15,174.4400,175.1000,174.1500,175.1000,1908
2026-01-21,EM15,175.9200,175.9200,174.4700,174.5900,953
2026-01-22,EM15,175.0000,175.4700,175.0000,175.2300,1743
2026-01-23,EM15,175.4300,175.8500,175.2600,175.4300,947
2026-01-26,EM15,176.4900,176.8900,175.8000,176.6900,1234
2026-01-27,EM15,176.5500,176.7000,176.0900,176.3600,533
2026-01-28,EM15,176.9300,176.9300,176.3800,176.4700,2099
2026-01-29,EM15,176.1600,176.8600,176.1600,176.7000,896
2026-01-30,EM15,176.1200,176.2500,175.8100,176.2500,986
2026-02-02,EM15,176.0900,176.2300,175.4500,175.6200,1621
2026-02-03,EM15,175.3300,175.6700,174.7700,175.0200,1948
2026-02-04,EM15,175.2800,175.7800,175.2800,175.4000,1108
2026-02-05,EM15,175.4000,175.8100,175.0300,175.8100,1096
2026-02-06,EM15,176.1700,176.1700,175.6400,175.6400,323
2026-02-09,EM15,175.4700,175.6500,175.1300,175.4500,32268
2026-02-10,EM15,175.8800,176.8000,175.8800,176.6500,1046
2026-02-11,EM15,176.7300,177.2700,176.5200,177.2700,2822
2026-02-12,EM15,177.1700,177.8200,177.1700,177.7100,1536
2026-02-13,EM15,178.0800,178.3200,177.8000,178.1900,1488
2026-02-16,EM15,178.7600,178.7600,178.1500,178.3300,1067
2026-02-17,EM15,178.9700,179.3400,178.8500,178.9400,1639
2026-02-18,EM15,179.0600,179.4000,178.9200,179.2300,889
2026-02-19,EM15,178.7900,179.2500,178.7400,179.2500,433
2026-02-20,EM15,179.6700,180.1200,179.6700,179.7800,782
2026-02-23,EM15,180.5200,180.5200,179.7000,180.2100,4391
2026-02-24,EM15,180.4000,180.7700,180.4000,180.5100,790
2026-02-25,EM15,180.2700,180.6900,180.2700,180.6800,542
2026-02-26,EM15,180.5600,181.4000,180.5600,181.3900,1497
2026-02-27,EM15,181.4000,182.1400,181.0600,182.1400,1678
2026-03-02,EM15,181.4200,182.2500,180.1900,180.5600,908
2026-03-03,EM15,179.3100,179.3100,178.0000,178.6400,3113
2026-03-04,EM15,178.6100,179.5200,177.2300,179.3700,26710
2026-03-05,EM15,178.2000,178.6900,177.5000,177.5000,2825
2026-03-09,EM15,176.1800,177.1400,176.1100,176.8600,419
2026-03-10,EM15,178.2000,178.2900,177.3900,177.6000,879
2026-03-11,EM15,177.3000,177.3000,175.7900,175.8700,1914
2026-03-12,EM15,175.8200,175.8200,174.6700,174.8200,2139
2026-03-13,EM15,174.0000,174.7300,173.7000,173.8600,736
2026-03-16,EM15,174.1200,175.4200,173.8600,174.5900,435
2026-03-17,EM15,174.9900,176.0700,174.9800,176.0700,2413
2026-03-18,EM15,176.7900,176.9300,175.4000,175.6300,550
2026-03-19,EM15,175.0600,175.7800,174.1500,175.7800,1365
2026-03-20,EM15,176.1000,176.1000,173.0900,173.0900,402
2026-03-23,EM15,172.4200,175.3200,171.6000,174.0300,3503
2026-03-24,EM15,174.3200,174.4300,173.1600,174.0300,739
2026-03-25,EM15,175.6800,176.1700,175.2900,176.1100,1937
2026-03-26,EM15,175.0000,175.0000,173.1200,173.1200,514
2026-03-27,EM15,172.4500,172.4500,171.3600,171.5600,1226
2026-03-30,EM15,172.0000,173.4700,171.9300,173.3200,3872
2026-03-31,EM15,173.5500,174.7600,173.5500,174.7600,960
2026-04-01,EM15,176.7500,176.9000,174.9400,175.3000,1083
2026-04-02,EM15,174.0400,175.2200,173.1500,175.0000,2116
2026-04-07,EM15,174.1000,175.2900,172.5000,172.9500,12848
2026-04-08,EM15,176.5200,177.6600,176.5200,176.6800,866
2026-04-09,EM15,175.8300,175.8300,173.9400,174.7200,1399
2026-04-10,EM15,173.9700,173.9700,173.2600,173.3900,1368
2026-04-13,EM15,172.6200,173.1200,172.3300,172.2600,2598
2026-04-14,EM15,173.2600,173.6500,172.7600,173.6500,1223
2026-04-15,EM15,173.8700,173.9300,173.2300,173.2800,1030
2026-04-16,EM15,173.8900,174.1500,173.3200,173.3200,243
2026-04-17,EM15,173.2700,175.6700,173.2700,175.5100,373
2026-04-20,EM15,174.4600,174.9600,174.3000,174.9200,708
2026-04-21,EM15,174.9600,175.5500,174.3000,174.3000,1285
2026-04-22,EM15,174.6500,174.9900,174.4700,174.7000,308
2026-04-23,EM15,174.0800,174.7500,174.0400,174.7400,1093
2026-04-24,EM15,174.0000,175.0200,174.0000,174.7300,1065
2026-04-27,EM15,174.3400,174.6300,173.7000,173.6900,228
2026-04-28,EM15,173.0800,173.4000,172.7500,173.3500,1156
2026-04-29,EM15,173.8300,173.8300,172.7000,173.0000,350
2026-04-30,EM15,172.0900,174.5600,172.0900,174.3800,837
2026-05-04,EM15,173.5300,174.3500,172.9900,172.9900,10579
2026-05-05,EM15,173.3400,173.6300,172.8600,173.6300,952
2026-05-06,EM15,175.0300,176.2200,174.7700,175.5000,1660
2026-05-07,EM15,175.8800,176.3100,175.5100,175.5100,1142
2026-05-08,EM15,174.9700,175.7100,174.9700,175.5000,1306
2026-05-11,EM15,175.2700,175.2700,174.7200,174.7200,486
2026-05-12,EM15,173.4400,173.6200,173.1200,173.1200,333
2026-05-13,EM15,173.3400,173.3600,172.6000,172.9200,359
2026-05-14,EM15,173.5900,174.5400,173.5000,174.5400,749
2026-05-15,EM15,173.2100,173.4200,171.6800,171.6800,3503
2026-05-18,EM15,170.9600,172.1100,170.9000,171.5800,1035
2026-05-19,EM15,172.2400,172.2400,170.6000,170.8400,560
2026-05-20,EM15,171.3800,173.5800,171.3800,173.5800,2497
2026-05-21,EM15,173.0200,173.7100,172.9800,173.2700,1264
2026-05-22,EM15,174.2300,175.3200,174.2300,175.0500,1701
2026-05-25,EM15,177.2900,177.7700,176.0000,177.7700,14429
2026-05-26,EM15,176.7200,176.7600,176.4000,176.4000,1386
2026-05-27,EM15,176.9600,177.2500,176.1200,176.2600,2437
2026-05-28,EM15,175.7100,177.0100,175.6500,176.7800,2663
2026-05-29,EM15,176.7400,177.7700,176.7400,177.4000,1933
2026-06-01,EM15,176.3000,176.7400,175.3800,175.9200,1155
2026-06-02,EM15,176.9000,177.0500,176.7500,176.6300,619
2026-06-03,EM15,175.6500,175.7000,174.7600,174.7600,725
2026-06-04,EM15,175.3800,175.4700,174.7500,175.0200,831
2026-06-05,EM15,174.9200,175.1500,174.4900,174.6700,1616
2026-06-08,EM15,174.2100,174.6500,174.0000,174.1500,9158
2026-06-09,EM15,174.1500,174.4000,173.7300,173.9300,889
2026-06-10,EM15,174.1500,174.1600,173.3000,173.6400,1274
2026-06-11,EM15,173.6300,175.1600,173.5600,175.0100,2425
2026-06-12,EM15,176.0600,176.3200,175.0500,175.5600,1613
2026-06-15,EM15,176.7000,176.7200,176.5000,176.6100,299
2026-06-16,EM15,177.2300,177.6000,177.2300,177.3400,403
2026-06-17,EM15,178.3400,178.3400,177.5600,177.9100,277
2026-06-18,EM15,178.2800,178.3000,177.9100,178.1600,415
2026-06-19,EM15,177.3300,177.3300,176.0800,176.1700,1134
2026-06-22,EM15,176.6600,177.0500,176.2900,176.8800,1249
2026-06-23,EM15,177.5000,178.0000,177.4400,177.7100,1101
2026-06-24,EM15,178.2300,179.2800,177.9800,179.2700,6284
2026-06-25,EM15,179.4400,179.9800,179.3700,179.3700,1410
2026-06-26,EM15,179.6800,179.6800,178.7800,179.2100,584
2026-06-29,EM15,179.2100,179.2500,178.8100,179.1500,646
2026-06-30,EM15,179.1400,179.2600,178.7900,178.7900,431
2026-07-01,EM15,177.8500,178.1200,177.3000,177.8100,1000
2026-07-02,EM15,177.1900,177.1900,176.5100,177.1900,997
2026-07-03,EM15,176.8800,176.8800,176.4000,176.6400,2221
2026-07-06,EM15,176.9100,176.9100,176.0100,176.0100,7869
2026-07-07,EM15,175.4200,175.7600,174.9300,174.9300,708
2026-07-08,EM15,173.7400,173.7400,172.6300,172.6300,644
2026-07-09,EM15,172.9200,173.3700,172.7000,173.3700,297
2026-07-10,EM15,173.8700,174.3800,173.7000,174.3800,1662
2026-07-13,EM15,174.0700,174.0700,172.7900,173.4200,793
2026-07-14,EM15,172.8200,173.6700,172.8200,173.5700,991
2026-07-15,EM15,172.4200,173.1400,172.4200,173.1400,445
2026-07-16,EM15,172.2200,172.4000,171.5900,172.4000,1006
2026-07-17,EM15,172.5600,172.9100,172.5300,172.9100,227
2026-07-20,EM15,172.7700,172.9100,172.2400,172.2400,2078
2026-07-21,EM15,171.7900,172.2700,171.4000,171.7900,502
2026-07-22,EM15,171.1700,171.9800,171.1700,171.9800,2397
2026-07-23,EM15,171.7900,171.7900,171.2900,171.2900,431
2026-07-24,EM15,171.6400,172.3100,171.6400,172.2600,479
2026-07-27,EM15,173.1300,173.6900,173.1300,173.5100,339
2026-07-28,EM15,174.0000,174.0000,173.1600,173.8200,534
2026-07-29,EM15,173.5800,173.6600,172.8100,172.8100,696
2026-07-30,EM15,171.8000,172.2000,171.6800,172.2000,287
2026-07-31,EM15,172.6100,172.6100,171.1800,171.1800,778
2026-08-03,EM15,172.9200,173.0400,172.2100,172.7100,404
2026-08-04,EM15,173.0500,173.9600,172.5100,173.5800,1916
2026-08-05,EM15,174.3700,174.4200,173.7500,173.8400,755
2026-08-06,EM15,173.7000,173.8400,173.6500,173.4600,167
2026-08-07,EM15,172.9600,173.6600,172.8600,173.4600,572
2026-08-10,EM15,173.3500,173.5400,172.2400,172.2400,9544
2026-08-11,EM15,171.9200,172.8800,171.3000,172.3100,677
2026-08-12,EM15,172.5700,173.2000,172.4500,172.4900,128
2026-08-13,EM15,172.5300,173.3000,172.4900,173.1600,148
2026-08-14,EM15,172.4600,172.4600,170.9000,170.9200,294
2026-08-17,EM15,171.0600,171.0600,170.1500,170.1500,334
2026-08-18,EM15,169.4200,169.4600,168.8900,169.0400,1001
2026-08-19,EM15,169.3000,170.0000,168.9800,169.6000,106
2026-08-20,EM15,170.0300,170.0300,169.2500,169.4700,807
2026-08-21,EM15,169.6600,169.6600,169.1700,169.1700,745
2026-08-24,EM15,169.5500,169.7400,169.2500,169.4300,1324
2026-08-25,EM15,169.8500,171.0300,169.3000,171.0300,929
2026-08-26,EM15,171.0500,171.0500,170.2400,170.2400,824
2026-08-27,EM15,170.1500,170.1500,169.6300,169.6300,411
2026-08-28,EM15,169.3900,170.1200,169.0000,169.6200,781
2026-08-31,EM15,169.2700,169.2700,168.1900,168.1900,418
2026-09-01,EM15,167.4800,168.3100,167.3200,168.0900,882
2026-09-02,EM15,167.2200,167.4600,166.8500,167.4400,1951
2026-09-03,EM15,167.7000,168.4100,167.6500,167.8900,224
2026-09-04,EM15,167.7700,168.9900,167.7700,168.3300,13961
2026-09-07,EM15,167.9300,167.9700,167.1900,167.1900,113
2026-09-08,EM15,167.5600,168.0500,167.3300,168.0400,521
2024-09-09,GOAI,90.0400,90.4200,89.9700,90.3400,13449
2024-09-10,GOAI,90.4100,91.0900,90.3000,91.0000,1453
2024-09-11,GOAI,90.9800,91.4200,90.1100,90.6800,4963
2024-09-12,GOAI,93.1400,93.1700,92.8100,92.8100,3479
2024-09-13,GOAI,93.1000,93.6000,93.1000,93.4700,543
2024-09-16,GOAI,93.2500,93.4000,92.8100,93.2600,3362
2024-09-17,GOAI,93.6000,94.2000,93.5500,93.9700,5097
2024-09-18,GOAI,93.4400,93.5800,92.6100,92.7500,3331
2024-09-19,GOAI,93.9100,95.1400,93.9100,94.9000,1331
2024-09-20,GOAI,94.3900,94.5500,93.9600,94.1400,1165
2024-09-23,GOAI,94.9700,95.4200,94.9000,95.0300,34836
2024-09-24,GOAI,95.3500,95.5400,94.3500,94.9500,3569
2024-09-25,GOAI,94.1300,95.2000,94.1300,95.1000,2216
2024-09-26,GOAI,95.9700,96.6200,95.3100,95.4000,39238
2024-09-27,GOAI,96.1100,96.3700,95.9300,96.0500,2731
2024-09-30,GOAI,95.7900,96.0400,95.2300,95.8200,3224
2024-10-01,GOAI,96.3800,96.9300,94.9000,95.2700,7496
2024-10-02,GOAI,95.0200,96.0600,94.7000,96.0600,2127
2024-10-03,GOAI,95.5600,96.0000,95.1500,95.9800,2380
2024-10-04,GOAI,95.6400,97.5600,95.3600,96.6600,3147
2024-10-07,GOAI,97.3700,97.3700,96.7500,96.9900,1217
2024-10-08,GOAI,96.1100,97.2800,95.9000,97.2000,2110
2024-10-09,GOAI,97.2000,98.2600,97.0400,98.2600,9870
2024-10-10,GOAI,98.5800,98.9800,98.0400,98.8800,2305
2024-10-11,GOAI,98.9000,99.5900,98.6300,99.4600,1793
2024-10-14,GOAI,99.4700,100.4000,99.4400,99.9900,7649
2024-10-15,GOAI,100.3000,100.6000,99.1000,99.3700,4746
2024-10-16,GOAI,99.1800,99.1800,98.5100,99.1500,2627
2024-10-17,GOAI,99.6700,100.6200,99.6300,100.0400,3480
2024-10-18,GOAI,100.0800,100.4800,100.0000,100.3000,2115
2024-10-21,GOAI,100.1800,100.7700,99.7900,100.0600,2170
2024-10-22,GOAI,100.3800,100.3800,99.8000,99.8500,7107
2024-10-23,GOAI,100.1800,100.4100,99.2200,99.2200,1492
2024-10-24,GOAI,99.0600,99.3300,99.0000,98.9400,2990
2024-10-25,GOAI,99.0700,99.8900,98.9100,99.6500,4076
2024-10-28,GOAI,99.8400,99.9600,99.3800,99.5400,2156
2024-10-29,GOAI,99.7100,100.2800,99.4700,100.2300,2784
2024-10-30,GOAI,100.2900,100.2900,99.6800,99.7700,2943
2024-10-31,GOAI,98.5800,98.9400,97.6000,97.7200,1746
2024-11-01,GOAI,97.3700,98.7100,97.0700,98.6800,1541
2024-11-04,GOAI,98.1900,98.3400,97.7800,98.0200,1944
2024-11-05,GOAI,98.0200,98.7100,97.9400,98.6800,5507
2024-11-06,GOAI,102.1600,103.3100,101.1400,103.2200,7449
2024-11-07,GOAI,103.6700,104.0300,103.4600,104.0200,2004
2024-11-08,GOAI,104.9200,104.9200,104.2000,104.8000,2336
2024-11-11,GOAI,105.4000,106.3000,105.4000,106.0100,4209
2024-11-12,GOAI,106.1400,106.6100,105.9700,106.3900,6200
2024-11-13,GOAI,106.3200,107.5400,105.7300,107.5400,5135
2024-11-14,GOAI,107.1100,107.8000,106.6200,106.7400,4062
2024-11-15,GOAI,105.7200,105.7200,104.2800,104.4800,5912
2024-11-18,GOAI,104.4200,104.7000,103.8900,104.6800,10730
2024-11-19,GOAI,104.5600,104.5600,103.1800,104.4500,2449
2024-11-20,GOAI,105.2800,105.4400,104.3400,104.6900,2012
2024-11-21,GOAI,105.1900,107.0300,104.9300,106.9700,4573
2024-11-22,GOAI,107.1800,108.4500,107.1800,107.8800,3992
2024-11-25,GOAI,108.4300,108.5800,107.9200,108.3100,2316
2024-11-26,GOAI,107.9400,108.4100,107.6300,108.4100,3492
2024-11-27,GOAI,107.9400,107.9400,105.8000,105.8000,2018
2024-11-28,GOAI,106.7900,106.8300,106.3900,106.6900,7985
2024-11-29,GOAI,106.6700,107.1200,106.3800,107.0700,2994
2024-12-02,GOAI,107.4100,108.5700,107.1800,108.4000,3929
2024-12-03,GOAI,108.4500,108.4500,107.6800,108.1600,1015
2024-12-04,GOAI,109.7600,110.4400,108.9800,110.3400,131822
2024-12-05,GOAI,110.6000,110.7100,109.8700,110.0400,5220
2024-12-06,GOAI,109.6300,110.9900,109.2600,110.5700,1990
2024-12-09,GOAI,110.6400,110.8300,109.0600,109.5700,4222
2024-12-10,GOAI,109.2800,109.9200,109.0900,109.4300,2259
2024-12-11,GOAI,109.3800,110.6000,109.1600,110.4800,5658
2024-12-12,GOAI,110.2700,110.4000,109.8100,110.2800,1871
2024-12-13,GOAI,110.0000,110.6500,108.8300,108.8500,3448
2024-12-16,GOAI,108.9400,109.8700,108.7600,109.5900,2622
2024-12-17,GOAI,109.7000,109.9600,109.3000,109.7800,2231
2024-12-18,GOAI,109.6100,109.8900,109.0300,109.3400,5271
2024-12-19,GOAI,106.8800,107.6500,106.4800,107.2900,17448
2024-12-20,GOAI,106.2300,107.7600,104.5900,107.7100,7717
2024-12-23,GOAI,107.8400,108.1300,107.4700,107.5900,1692
2024-12-27,GOAI,108.2600,108.9300,107.1400,107.5600,2027
2024-12-30,GOAI,107.6400,107.9600,106.2700,107.1300,11306
2025-01-02,GOAI,107.4100,108.4100,107.1900,108.1700,11706
2025-01-03,GOAI,107.8200,108.1300,107.3200,107.9700,3516
2025-01-06,GOAI,108.4500,109.5000,108.4000,109.4000,2897
2025-01-07,GOAI,108.6100,109.3400,107.7000,108.4400,10626
2025-01-08,GOAI,108.0700,108.3500,107.2700,107.9000,5584
2025-01-09,GOAI,107.6900,108.0200,107.6600,108.0000,1641
2025-01-10,GOAI,107.5300,108.0500,106.5100,106.7100,2359
2025-01-13,GOAI,106.6700,106.7300,105.5500,105.8800,17033
2025-01-14,GOAI,106.5900,106.9000,105.8600,106.0500,5965
2025-01-15,GOAI,106.2700,108.3700,106.2000,108.2500,2532
2025-01-16,GOAI,109.3400,109.4600,108.6400,109.1000,5632
2025-01-17,GOAI,109.1800,110.8000,109.0600,109.9300,8694
2025-01-20,GOAI,109.7800,109.9000,109.1700,109.3800,13273
2025-01-21,GOAI,109.4200,110.1800,109.4200,109.8400,12856
2025-01-22,GOAI,111.3100,112.2300,111.1100,112.2300,9797
2025-01-23,GOAI,112.1100,112.2900,111.7100,112.1300,6043
2025-01-24,GOAI,111.9600,112.2800,111.4400,111.8000,4283
2025-01-27,GOAI,109.2900,109.4200,106.4000,107.7900,15874
2025-01-28,GOAI,108.2200,110.0300,107.5600,109.7300,23453
2025-01-29,GOAI,111.1000,111.3100,109.5700,109.7800,16905
2025-01-30,GOAI,110.4400,110.9400,109.8500,110.3000,15991
2025-01-31,GOAI,111.1900,112.2000,111.1900,111.7700,12862
2025-02-03,GOAI,109.7800,110.3500,109.3600,110.3500,4875
2025-02-04,GOAI,110.1500,110.6800,109.6700,110.5900,8376
2025-02-05,GOAI,109.3000,109.7100,108.9000,109.6700,3770
2025-02-06,GOAI,111.3000,111.5300,110.9100,111.2600,1826
2025-02-07,GOAI,111.5700,112.0400,111.1600,111.3100,6118
2025-02-10,GOAI,111.7100,112.8200,111.3200,112.6300,5109
2025-02-11,GOAI,112.2700,112.5700,111.9000,112.1400,3752
2025-02-12,GOAI,111.5600,111.7500,110.3000,110.6100,4271
2025-02-13,GOAI,110.7400,111.5900,110.7400,110.9600,4536
2025-02-14,GOAI,111.3700,111.3700,110.4700,110.5300,6585
2025-02-17,GOAI,111.4400,111.8300,111.2100,111.6800,3759
2025-02-18,GOAI,111.8200,112.3200,111.6800,111.8700,5006
2025-02-19,GOAI,112.4600,112.6500,111.4800,112.2600,2104
2025-02-20,GOAI,112.2000,112.4200,110.4800,110.7300,8452
2025-02-21,GOAI,111.0400,111.8000,110.4000,110.6500,6451
2025-02-24,GOAI,108.8000,109.2500,106.9800,107.8800,10456
2025-02-25,GOAI,107.5500,107.5500,104.7100,105.1900,5727
2025-02-26,GOAI,106.5600,107.6200,106.4800,107.4200,12166
2025-02-27,GOAI,107.2600,107.7000,106.0300,107.0700,3530
2025-02-28,GOAI,104.7700,105.1000,103.9200,104.5800,9928
2025-03-03,GOAI,105.7700,106.1600,104.4400,104.6100,7970
2025-03-04,GOAI,103.1200,103.1200,100.2300,100.2600,21212
2025-03-05,GOAI,101.3500,101.7300,99.5700,99.5700,6235
2025-03-06,GOAI,100.7300,100.8500,99.3700,100.4100,3468
2025-03-07,GOAI,98.7400,100.0000,96.7600,96.8400,5220
2025-03-10,GOAI,98.2900,98.5000,94.9600,95.5400,10194
2025-03-11,GOAI,94.6300,94.9000,93.5300,93.9900,10697
2025-03-12,GOAI,94.4600,96.0000,94.1600,95.2800,4159
2025-03-13,GOAI,94.3200,94.9200,93.2400,93.2600,1466
2025-03-14,GOAI,93.7800,95.1400,93.5400,95.0000,2275
2025-03-17,GOAI,94.7500,96.0400,94.6600,95.3800,2882
2025-03-18,GOAI,95.6500,95.9900,94.4300,94.9100,3620
2025-03-19,GOAI,95.2200,96.5700,95.2200,96.5700,5134
2025-03-20,GOAI,97.3400,97.3900,95.9200,96.4100,9732
2025-03-21,GOAI,96.1500,96.1500,94.8200,96.0600,8005
2025-03-24,GOAI,97.2600,98.3900,97.0600,98.3600,12904
2025-03-25,GOAI,98.3600,99.0900,98.0400,98.8500,10597
2025-03-26,GOAI,99.0300,99.3100,97.5800,97.5800,5800
2025-03-27,GOAI,97.2900,97.4000,95.7500,96.5000,3441
2025-03-28,GOAI,95.5100,95.7500,93.2000,93.2000,1390
2025-03-31,GOAI,92.0900,92.1900,90.9100,91.9600,3647
2025-04-01,GOAI,92.9000,93.4800,92.0200,93.4800,3229
2025-04-02,GOAI,93.8300,93.8400,92.3500,93.8400,3725
2025-04-03,GOAI,89.8100,90.4100,86.5000,87.5200,16719
2025-04-04,GOAI,86.4600,86.6900,82.0500,83.3500,16155
2025-04-07,GOAI,76.4700,83.7000,76.2100,81.0000,13739
2025-04-08,GOAI,82.8500,85.8600,82.7600,84.4600,11936
2025-04-09,GOAI,80.9200,81.5700,78.6900,80.3000,6505
2025-04-10,GOAI,89.4700,89.6700,84.4000,84.4000,25079
2025-04-11,GOAI,85.1800,85.1800,82.0900,83.1300,11767
2025-04-14,GOAI,85.6300,86.5800,85.2900,85.4000,4468
2025-04-15,GOAI,85.5800,86.3500,85.2500,86.0900,6343
2025-04-16,GOAI,83.8900,84.9700,83.4500,84.7600,1371
2025-04-17,GOAI,84.7500,84.7500,82.8000,83.3500,4638
2025-04-22,GOAI,81.0900,81.6800,80.6800,81.6600,3542
2025-04-23,GOAI,83.9700,86.3100,83.8200,85.4600,5244
2025-04-24,GOAI,84.4700,86.9200,83.7500,86.8600,3393
2025-04-25,GOAI,88.4300,88.4300,87.4700,88.1100,5150
2025-04-28,GOAI,88.9300,88.9700,88.0700,88.0800,2117
2025-04-29,GOAI,88.7100,88.9400,88.0700,88.6500,2093
2025-04-30,GOAI,89.2200,89.4000,87.5700,88.8800,3746
2025-05-02,GOAI,91.6600,92.0000,91.0000,91.9800,1349
2025-05-05,GOAI,91.6800,92.6800,91.4000,92.5900,1927
2025-05-06,GOAI,92.1500,92.2700,91.0000,91.9600,9246
2025-05-07,GOAI,91.8800,91.8900,90.9400,90.9400,1346
2025-05-08,GOAI,92.3700,93.1000,92.1700,93.0000,4092
2025-05-09,GOAI,93.1500,93.5000,91.9800,92.5900,5157
2025-05-12,GOAI,96.1200,97.8400,95.4700,96.8600,3215
2025-05-13,GOAI,97.1500,98.4800,97.1100,98.4400,1568
2025-05-14,GOAI,98.5400,98.6300,97.6100,98.6200,10966
2025-05-15,GOAI,98.5900,98.8800,98.1600,98.8600,3299
2025-05-16,GOAI,98.3900,99.5000,98.3900,99.3600,3913
2025-05-19,GOAI,97.8500,98.3800,96.9800,98.2600,1664
2025-05-20,GOAI,98.2400,98.6800,98.0000,98.2600,767
2025-05-21,GOAI,96.9600,97.6400,96.6800,97.5600,3661
2025-05-22,GOAI,96.4300,97.2500,96.1700,97.1700,1169
2025-05-23,GOAI,96.7600,97.0500,94.6600,95.7200,3002
2025-05-26,GOAI,96.5000,96.7700,96.1700,96.7000,2775
2025-05-27,GOAI,96.9500,97.8300,96.8900,97.7500,12530
2025-05-28,GOAI,97.8200,98.1600,97.4500,97.7900,1402
2025-05-29,GOAI,99.1700,99.5900,96.5300,96.7300,6347
2025-05-30,GOAI,96.6400,97.0000,96.2700,96.5100,1655
2025-06-02,GOAI,96.0300,96.1200,95.2000,95.9700,1124
2025-06-03,GOAI,96.6200,97.8900,96.2600,97.8900,1257
2025-06-04,GOAI,98.3000,98.7100,98.1600,98.4400,3814
2025-06-05,GOAI,98.4000,99.2300,97.9000,99.2300,1625
2025-06-06,GOAI,98.8600,99.8000,98.7400,99.5100,1351
2025-06-09,GOAI,99.3700,99.7500,99.1300,99.4100,1882
2025-06-10,GOAI,99.4500,99.5000,99.0000,99.0000,1969
2025-06-11,GOAI,99.1100,99.6200,98.8000,99.0800,1684
2025-06-12,GOAI,98.2700,98.4900,97.3600,98.4500,863
2025-06-13,GOAI,96.7400,97.7100,96.7400,97.7100,2266
2025-06-16,GOAI,97.5500,98.3700,97.3400,98.3700,1721
2025-06-17,GOAI,97.7700,98.5100,97.5900,98.3400,942
2025-06-18,GOAI,98.2100,98.3900,98.0000,98.0600,1594
2025-06-19,GOAI,97.7600,97.7600,96.8300,96.8300,2953
2025-06-20,GOAI,97.4400,98.0900,97.0400,97.2300,2281
2025-06-23,GOAI,96.6000,97.4700,96.4700,97.0000,1208
2025-06-24,GOAI,98.4300,98.6300,97.6800,98.4400,2060
2025-06-25,GOAI,98.9200,99.5700,98.7000,98.8700,4270
2025-06-26,GOAI,98.9400,99.2400,98.4100,99.2200,2678
2025-06-27,GOAI,99.6900,100.1500,99.5000,100.1300,4470
2025-06-30,GOAI,100.1000,100.7200,100.0200,100.2700,3231
2025-07-01,GOAI,100.4000,100.4000,98.6800,99.1000,6096
2025-07-02,GOAI,99.8000,100.0900,98.7700,99.5800,11817
2025-07-03,GOAI,99.9700,101.8600,99.9700,101.8600,11390
2025-07-04,GOAI,101.4500,101.4500,100.9700,101.0500,2642
2025-07-07,GOAI,101.4500,101.8800,101.3600,101.4100,1461
2025-07-08,GOAI,101.2200,101.7800,101.1900,101.4900,2240
2025-07-09,GOAI,101.6000,102.5000,101.6000,101.9500,928
2025-07-10,GOAI,102.1300,102.7300,101.7100,102.0200,1576
2025-07-11,GOAI,101.7000,101.7000,100.9100,101.2800,2354
2025-07-14,GOAI,100.6100,101.2800,100.3100,101.2200,1463
2025-07-15,GOAI,101.9600,102.8900,101.8600,102.8900,2214
2025-07-16,GOAI,102.1600,103.0700,101.5600,101.5700,4487
2025-07-17,GOAI,103.8900,104.7200,103.4800,104.7000,3395
2025-07-18,GOAI,104.9000,105.0000,104.3400,104.4200,2083
2025-07-21,GOAI,104.7500,105.2300,104.4500,104.7300,4007
2025-07-22,GOAI,104.3600,104.4800,103.0000,103.5500,1313
2025-07-23,GOAI,104.0000,104.3900,103.9200,104.3100,8553
2025-07-24,GOAI,104.9200,105.1500,104.0700,104.3500,3963
2025-07-25,GOAI,104.5600,105.3300,104.5000,105.2500,8044
2025-07-28,GOAI,106.2700,106.6800,106.1400,106.3500,2876
2025-07-29,GOAI,107.8700,109.3100,107.8000,108.3000,4466
2025-07-30,GOAI,108.5000,109.0300,108.2500,108.8800,2009
2025-07-31,GOAI,109.7300,110.2600,108.8400,108.8400,5659
2025-08-01,GOAI,107.4500,107.4500,103.3700,104.4200,29820
2025-08-04,GOAI,104.8500,106.0100,104.6600,105.7900,4450
2025-08-05,GOAI,106.9900,107.1500,105.4800,105.4800,2206
2025-08-06,GOAI,106.2800,106.3000,105.1000,105.6800,4963
2025-08-07,GOAI,105.7700,106.7100,105.5000,105.5000,2314
2025-08-08,GOAI,105.5500,105.9100,105.4100,105.4800,1588
2025-08-11,GOAI,105.7000,106.3000,105.4100,105.9800,1095
2025-08-12,GOAI,105.8800,105.8800,105.1000,105.5800,1970
2025-08-13,GOAI,106.3400,106.8000,106.0700,106.1700,936
2025-08-14,GOAI,106.5100,106.6200,105.9500,106.0700,1954
2025-08-18,GOAI,106.4200,106.4200,105.5900,106.0100,1169
2025-08-19,GOAI,106.5000,106.6800,105.5800,105.7200,2301
2025-08-20,GOAI,104.8700,105.1900,103.2700,104.3300,2639
2025-08-21,GOAI,104.8600,104.8900,104.3300,104.6800,3367
2025-08-22,GOAI,104.4900,105.6600,104.4900,105.6600,1622
2025-08-25,GOAI,105.4700,105.7600,105.3900,105.7600,3085
2025-08-26,GOAI,105.6100,105.9900,105.3500,105.5000,904
2025-08-27,GOAI,106.0800,106.6400,106.0300,106.6400,1803
2025-08-28,GOAI,106.6200,107.4000,106.1500,107.2700,1489
2025-08-29,GOAI,107.6800,107.6800,105.9600,105.9600,3248
2025-09-01,GOAI,106.0400,106.3600,105.8700,106.3600,1890
2025-09-02,GOAI,105.9100,106.0600,104.4700,104.4700,2924
2025-09-03,GOAI,106.0800,106.4000,106.0400,105.8300,6709
2025-09-04,GOAI,106.2500,106.7400,105.7700,106.6900,1596
2025-09-05,GOAI,107.5200,108.0000,106.5000,106.8400,5170
2025-09-08,GOAI,107.7700,108.3800,107.6100,108.3800,1546
2025-09-09,GOAI,108.2000,108.4900,107.8400,108.1400,1724
2025-09-10,GOAI,110.3600,110.9900,109.1600,110.0100,3292
2025-09-11,GOAI,110.0700,110.3200,109.5600,110.0200,2057
2025-09-12,GOAI,109.8600,110.0700,108.8900,108.9400,2777
2025-09-15,GOAI,108.7500,109.4800,108.4100,109.3200,7115
2025-09-16,GOAI,109.5800,109.8700,108.3100,108.3100,2943
2025-09-17,GOAI,108.7100,108.7300,107.9500,108.0500,2328
2025-09-18,GOAI,109.8200,110.3300,109.1300,110.2900,11164
2025-09-19,GOAI,110.4200,111.0000,110.2700,110.5200,2828
2025-09-22,GOAI,111.3600,111.7200,110.6500,111.6600,4342
2025-09-23,GOAI,112.0000,112.2900,111.5800,111.6800,5364
2025-09-24,GOAI,111.1800,111.7100,110.4800,110.5700,4509
2025-09-25,GOAI,110.0900,110.1600,108.5800,110.0500,9101
2025-09-26,GOAI,110.2100,110.5600,109.6400,109.8200,2188
2025-09-29,GOAI,110.2900,110.8100,110.1500,110.2400,3724
2025-09-30,GOAI,109.8900,110.2200,109.4800,109.8100,4867
2025-10-01,GOAI,108.7900,110.2900,108.7900,110.2900,2361
2025-10-02,GOAI,111.0800,111.9800,111.0700,111.4200,2992
2025-10-03,GOAI,112.2000,112.2000,111.4700,112.0100,1706
2025-10-06,GOAI,112.1300,114.1300,111.9000,113.8500,8045
2025-10-07,GOAI,113.8600,114.6500,112.6100,112.6100,2557
2025-10-08,GOAI,113.5400,115.2700,113.3100,115.2200,4946
2025-10-09,GOAI,116.1300,116.3600,115.7000,116.0500,3576
2025-10-10,GOAI,116.3100,116.5800,112.8900,112.8900,6089
2025-10-13,GOAI,113.6300,114.7200,113.4800,114.4000,38796
2025-10-14,GOAI,112.8700,113.1800,111.6500,112.8400,12385
2025-10-15,GOAI,113.3300,114.7500,113.3300,114.2800,14480
2025-10-16,GOAI,114.2100,114.4700,113.6800,114.0300,2920
2025-10-17,GOAI,111.4400,113.1300,110.4000,111.9500,13668
2025-10-20,GOAI,113.9100,114.9000,113.8000,114.7400,1530
2025-10-21,GOAI,114.8100,115.3200,114.6400,115.3200,4014
2025-10-22,GOAI,115.8600,116.2900,114.6300,114.6300,5047
2025-10-23,GOAI,115.2000,115.8200,114.3600,115.8200,6269
2025-10-27,GOAI,118.9300,119.0600,118.1400,118.4400,12937
2025-10-28,GOAI,118.7600,119.3000,118.4400,118.9000,2190
2025-10-29,GOAI,119.7500,119.7500,118.4100,118.7100,4979
2025-10-30,GOAI,120.0000,120.3400,119.0200,119.6400,5066
2025-10-31,GOAI,119.7100,120.2900,119.2600,119.2600,7667
2025-11-03,GOAI,120.0300,120.8300,119.2100,119.5800,3468
2025-11-04,GOAI,118.3000,119.4900,118.0100,118.2100,8093
2025-11-05,GOAI,116.2600,117.6800,115.9500,117.6400,4821
2025-11-06,GOAI,116.7600,117.6400,114.9600,115.1400,6290
2025-11-07,GOAI,115.6300,115.6300,112.7900,112.7900,10263
2025-11-10,GOAI,116.0600,116.7300,116.0000,116.2300,10028
2025-11-11,GOAI,116.9800,116.9800,115.5700,115.7500,2020
2025-11-12,GOAI,117.1300,117.6400,116.3200,116.6800,2878
2025-11-13,GOAI,116.8200,116.8200,114.2800,114.4900,2298
2025-11-14,GOAI,113.0700,114.3100,110.9300,114.3100,23017
2025-11-17,GOAI,114.5700,114.9700,113.1000,113.4300,2735
2025-11-18,GOAI,111.2900,112.0100,109.8200,111.2000,8098
2025-11-19,GOAI,110.8700,113.2200,110.7900,112.0800,5798
2025-11-20,GOAI,114.3200,114.6600,112.3600,112.3600,6965
2025-11-21,GOAI,108.6300,109.6400,107.8400,108.9500,8546
2025-11-24,GOAI,110.3600,112.2200,109.9200,112.0800,12223
2025-11-25,GOAI,112.4200,112.4500,110.8500,112.0600,5806
2025-11-26,GOAI,113.4000,113.5700,112.5800,113.1100,3295
2025-11-27,GOAI,113.2000,113.3500,113.1000,113.2000,4599
2025-11-28,GOAI,113.3200,114.2300,113.3100,113.7700,1805
2025-12-01,GOAI,113.0100,113.3600,112.6400,113.3600,5063
2025-12-02,GOAI,113.1200,114.4400,113.0400,113.4800,2019
2025-12-03,GOAI,113.6700,113.7000,112.4300,113.5100,38161
2025-12-04,GOAI,114.3500,114.6200,114.0800,114.6200,6256
2025-12-05,GOAI,115.2900,116.4000,115.0200,115.8700,4297
2025-12-08,GOAI,116.2200,116.5900,116.1900,116.2600,1532
2025-12-09,GOAI,116.2800,116.5000,115.8800,116.5000,2069
2025-12-10,GOAI,116.4400,116.5000,115.9000,116.2600,1756
2025-12-11,GOAI,115.0600,115.5700,114.1700,114.3600,10113
2025-12-12,GOAI,115.3100,115.4900,112.4300,112.4300,6852
2025-12-15,GOAI,112.7800,113.1900,111.6000,111.9400,6363
2025-12-16,GOAI,110.4700,111.2500,110.3400,110.8800,2519
2025-12-17,GOAI,111.6900,112.0000,109.6200,109.7100,2608
2025-12-18,GOAI,109.7500,111.1500,109.7300,111.0500,4325
2025-12-19,GOAI,111.4300,112.2800,111.0000,112.2800,4749
2025-12-22,GOAI,113.1700,113.4500,112.4800,113.2100,6044
2025-12-23,GOAI,113.0500,113.1600,112.4300,112.7900,2705
2025-12-29,GOAI,113.6200,113.6200,112.6000,112.8700,2993
2025-12-30,GOAI,113.0200,113.3000,112.9700,113.2500,2697
2026-01-02,GOAI,113.0300,113.6400,111.4000,111.8500,4464
2026-01-05,GOAI,112.6300,113.7900,112.6300,113.4100,3781
2026-01-06,GOAI,112.8600,113.5000,112.4000,113.4000,2082
2026-01-07,GOAI,114.0500,114.6700,113.8500,114.6900,2394
2026-01-08,GOAI,114.4100,114.6600,112.9700,112.9700,1913
2026-01-09,GOAI,113.1000,114.2200,113.1000,114.1600,4683
2026-01-12,GOAI,113.1400,114.3600,112.7500,114.3600,4845
2026-01-13,GOAI,114.4000,115.3800,114.1000,115.1300,2273
2026-01-14,GOAI,114.8400,114.9300,112.7600,112.9700,3734
2026-01-15,GOAI,113.7500,115.1500,113.6800,114.9600,13363
2026-01-16,GOAI,114.4900,114.6100,113.4000,113.9800,4889
2026-01-19,GOAI,111.9500,112.2700,111.2900,111.4900,6777
2026-01-20,GOAI,110.7200,111.1000,109.3300,110.8500,14445
2026-01-21,GOAI,110.2500,111.2600,109.2300,111.0200,5932
2026-01-22,GOAI,111.7500,112.6100,111.6600,111.9600,2612
2026-01-23,GOAI,112.2500,112.3300,111.7300,111.9200,3698
2026-01-26,GOAI,110.7400,112.1900,110.1700,112.1900,5751
2026-01-27,GOAI,113.1000,113.1000,112.0800,112.0800,1090
2026-01-28,GOAI,112.7500,113.1000,112.4400,112.5400,2614
2026-01-29,GOAI,111.9600,112.2300,108.0600,108.5900,5037
2026-01-30,GOAI,109.2100,110.2800,108.8400,109.8400,28157
2026-02-02,GOAI,108.1600,111.4000,107.8800,111.3400,5191
2026-02-03,GOAI,111.7600,111.7900,108.6000,108.6000,2805
2026-02-04,GOAI,108.5200,108.7300,106.8300,107.0300,4880
2026-02-05,GOAI,107.5000,107.8100,105.0200,106.3400,12919
2026-02-06,GOAI,105.2100,107.3200,105.0500,107.3200,7924
2026-02-09,GOAI,107.9000,109.1900,106.9600,109.1900,5300
2026-02-10,GOAI,109.2000,110.2500,109.0800,109.9800,9013
2026-02-11,GOAI,109.5200,110.6700,108.7900,108.7900,6379
2026-02-12,GOAI,109.3800,109.5200,106.9600,106.9600,1999
2026-02-13,GOAI,107.1200,108.3100,106.6600,108.1800,17237
2026-02-16,GOAI,108.3000,108.4800,107.6100,107.7600,3662
2026-02-17,GOAI,107.6800,107.9900,106.5000,107.5200,6165
2026-02-18,GOAI,107.6500,109.1600,107.4900,109.1600,5819
2026-02-19,GOAI,108.9300,109.2400,108.3400,108.6600,3273
2026-02-20,GOAI,108.9000,109.7900,107.8600,109.4900,7579
2026-02-23,GOAI,107.3300,107.8700,105.5500,105.8700,2596
2026-02-24,GOAI,106.0500,107.5000,105.7800,106.8800,10637
2026-02-25,GOAI,107.0700,108.7600,106.9400,108.3100,54519
2026-02-26,GOAI,108.6000,108.9700,107.5100,108.0000,2964
2026-02-27,GOAI,107.7800,108.0600,106.1000,107.0800,6618
2026-03-02,GOAI,105.5500,107.8200,105.5500,107.3700,7719
2026-03-03,GOAI,106.8400,106.9900,105.6000,106.9900,11064
2026-03-04,GOAI,106.9900,108.6800,106.9900,108.6700,21765
2026-03-05,GOAI,108.9900,110.3800,108.3900,109.4300,9876
2026-03-09,GOAI,106.1500,108.1400,105.9200,108.1400,4445
2026-03-10,GOAI,109.5300,109.8000,109.0200,109.7100,8099
2026-03-11,GOAI,109.5200,110.1600,109.0600,109.4800,2374
2026-03-12,GOAI,109.4600,109.6600,108.6100,108.9200,2849
2026-03-13,GOAI,108.1100,109.7200,107.8500,108.1600,3186
2026-03-16,GOAI,108.5100,109.0700,108.1600,108.6500,7471
2026-03-17,GOAI,108.1000,109.5200,107.8000,108.9700,2143
2026-03-18,GOAI,109.9600,110.1700,109.0100,109.2200,3262
2026-03-19,GOAI,108.4500,108.6200,107.3500,107.7600,2440
2026-03-20,GOAI,108.3000,108.3000,106.3400,106.3400,3886
2026-03-23,GOAI,104.5600,108.0200,104.4400,106.7800,6426
2026-03-24,GOAI,107.0900,107.0900,104.8200,105.7400,2458
2026-03-25,GOAI,106.7100,107.2800,106.3100,106.6500,5366
2026-03-26,GOAI,106.1200,106.1200,105.2200,105.2200,1790
2026-03-27,GOAI,104.9000,104.9000,101.9000,102.3300,5487
2026-03-30,GOAI,102.0000,102.8900,102.0000,102.4800,3637
2026-03-31,GOAI,101.8600,102.6500,101.6200,102.1700,15467
2026-04-01,GOAI,105.2300,105.7900,104.5300,105.7800,5958
2026-04-02,GOAI,103.8700,106.3100,103.3200,106.0000,13637
2026-04-07,GOAI,106.0600,106.8600,105.5000,105.7400,4845
2026-04-08,GOAI,110.2000,110.9500,110.0000,110.1700,5428
2026-04-09,GOAI,109.9300,110.0400,108.2500,108.3800,7238
2026-04-10,GOAI,109.0500,109.3900,107.9500,108.1700,3371
2026-04-13,GOAI,107.2900,109.4600,107.2900,109.4600,2643
2026-04-14,GOAI,110.4400,111.1900,110.4400,111.0200,1604
2026-04-15,GOAI,111.5600,112.4400,111.4000,112.3800,5976
2026-04-16,GOAI,113.7300,114.7600,113.6600,114.7100,1843
2026-04-17,GOAI,115.2100,116.7300,115.2100,116.6600,6117
2026-04-20,GOAI,116.4800,117.4000,116.1000,116.6200,2428
2026-04-21,GOAI,117.6600,118.8800,117.5300,118.4900,3261
2026-04-22,GOAI,119.2500,119.8100,118.9800,119.6800,2980
2026-04-23,GOAI,119.5300,120.0100,119.2400,119.7100,23521
2026-04-24,GOAI,119.6000,120.3000,119.3600,120.2700,12694
2026-04-27,GOAI,121.0000,121.1600,120.4600,120.5400,3248
2026-04-28,GOAI,120.5000,120.5200,118.2800,118.2800,5167
2026-04-29,GOAI,119.4300,119.4400,118.6500,118.9300,12585
2026-04-30,GOAI,119.9300,121.2400,119.7000,120.6200,2932
2026-05-04,GOAI,122.9300,124.1500,122.4900,123.2800,7201
2026-05-05,GOAI,124.0200,125.6800,124.0200,125.5100,6179
2026-05-06,GOAI,125.9300,126.9600,125.2900,125.7900,7639
2026-05-07,GOAI,127.1100,128.2400,126.9500,127.9400,3249
2026-05-08,GOAI,127.7600,128.3700,127.4400,128.3200,4501
2026-05-11,GOAI,129.4700,129.6800,128.6600,129.5000,13954
2026-05-12,GOAI,128.7800,129.2000,127.6800,127.6800,2708
2026-05-13,GOAI,129.5000,130.2400,128.6100,129.8600,6181
2026-05-14,GOAI,131.9300,133.8700,131.7000,133.7700,10390
2026-05-15,GOAI,132.5900,132.9400,131.4200,132.9400,5465
2026-05-18,GOAI,132.1200,133.0000,131.7200,131.8500,14641
2026-05-19,GOAI,132.2000,132.9400,130.9200,131.0700,11837
2026-05-20,GOAI,131.8500,133.8200,131.7500,133.3200,16136
2026-05-21,GOAI,133.4500,134.2600,133.1400,133.9000,7629
2026-05-22,GOAI,135.7300,137.6600,135.6000,137.6000,4832
2026-05-25,GOAI,138.9200,139.3000,138.3700,138.3700,8645
2026-05-26,GOAI,138.6400,139.1600,137.6900,138.8300,7564
2026-05-27,GOAI,138.6500,138.8800,137.0000,137.1400,7764
2026-05-28,GOAI,137.4100,138.7800,136.9300,138.6300,4919
2026-05-29,GOAI,139.8000,141.2600,139.4500,140.7900,7257
2026-06-01,GOAI,143.6700,146.6100,143.3000,146.6100,8313
2026-06-02,GOAI,147.5800,147.7700,146.5200,147.7300,2180
2026-06-03,GOAI,148.0000,148.4300,145.6200,147.1000,4436
2026-06-04,GOAI,144.8100,145.3300,142.8200,145.3300,3671
2026-06-05,GOAI,144.1200,144.8100,141.1800,141.1800,9038
2026-06-08,GOAI,138.8300,141.0400,138.2900,140.0000,6186
2026-06-09,GOAI,140.2300,140.4700,135.2400,135.2400,5396
2026-06-10,GOAI,135.9900,136.8900,133.4900,134.6400,13297
2026-06-11,GOAI,134.0100,135.5900,133.2000,134.2200,4837
2026-06-12,GOAI,135.7100,137.7700,135.1900,137.7700,6577
2026-06-15,GOAI,140.2800,141.1300,139.9000,141.0400,4300
2026-06-16,GOAI,141.0800,142.1100,139.7300,139.8600,6235
2026-06-17,GOAI,139.7300,140.2700,139.3200,140.2000,3015
2026-06-18,GOAI,141.1500,141.9600,140.8000,141.3900,3822
2026-06-19,GOAI,141.7100,142.1500,141.4400,142.0100,1105
2026-06-22,GOAI,142.1800,143.6600,141.5700,141.5700,4503
2026-06-23,GOAI,139.1200,140.0100,138.0000,139.2800,3470
2026-06-24,GOAI,140.0200,140.1300,139.2600,139.7300,2268
2026-06-25,GOAI,140.2700,140.7600,137.1900,138.2800,3158
2026-06-26,GOAI,137.2500,137.4200,135.3900,136.3100,2573
2026-06-29,GOAI,137.4500,139.1500,137.1900,139.0300,3307
2026-06-30,GOAI,141.2100,142.4000,140.1500,142.2900,2593
2026-07-01,GOAI,142.7200,143.2400,141.7500,142.9500,1769
2026-07-02,GOAI,141.1600,142.2800,138.9400,139.4300,3440
2026-07-03,GOAI,139.3000,140.3500,139.3000,140.3500,984
2026-07-06,GOAI,140.0000,143.3300,139.5000,142.8600,2006
2026-07-07,GOAI,141.1100,141.1800,138.1100,138.7600,2059
2026-07-08,GOAI,138.3600,138.7200,136.1100,136.9400,2355
2026-07-09,GOAI,139.6900,141.9400,138.9500,141.8200,639
2026-07-10,GOAI,141.7800,142.3000,140.6100,141.1500,1306
2026-07-13,GOAI,139.9600,141.2100,139.6000,141.2100,1453
2026-07-14,GOAI,140.0000,141.5000,138.9600,141.5000,2377
2026-07-15,GOAI,141.8100,142.0000,139.0000,139.0100,2529
2026-07-16,GOAI,138.8800,138.8800,136.4500,137.2000,2149
2026-07-17,GOAI,133.7600,134.8500,133.0000,134.2500,3906
2026-07-20,GOAI,135.4300,136.6400,135.2000,136.5900,1190
2026-07-21,GOAI,136.7700,137.5900,136.5600,137.5900,7111
2026-07-22,GOAI,137.4400,137.8600,136.6400,137.2700,3348
2026-07-23,GOAI,136.4600,137.1400,134.2100,134.2100,1289
2026-07-24,GOAI,134.2200,135.4300,133.3000,134.5500,1297
2026-07-27,GOAI,135.4000,136.2700,133.7000,133.7000,4253
2026-07-28,GOAI,133.9500,134.1200,131.0000,133.6700,2795
2026-07-29,GOAI,134.3000,134.4500,132.7000,132.7000,5144
2026-07-30,GOAI,132.8200,135.2600,132.6000,134.6000,4889
2026-07-31,GOAI,136.8100,137.6500,135.9600,136.4200,2860
2026-08-03,GOAI,138.7000,139.9400,138.0100,139.7600,3582
2026-08-04,GOAI,142.0000,144.7800,141.5200,144.6400,2780
2026-08-05,GOAI,146.4500,146.8400,145.0700,145.1500,3598
2026-08-06,GOAI,143.3600,143.4800,140.5000,142.9200,1444
2026-08-07,GOAI,143.7700,145.0500,143.4600,144.0300,2296
2026-08-10,GOAI,144.7600,145.8100,143.9100,145.4100,4140
2026-08-11,GOAI,145.5900,146.0700,144.4600,145.1500,2128
2026-08-12,GOAI,145.8800,146.8000,145.6400,146.2700,940
2026-08-13,GOAI,147.1500,148.5600,146.6400,147.8900,1334
2026-08-14,GOAI,148.6200,148.8000,146.3700,146.3700,1101
2026-08-17,GOAI,147.3800,147.3800,145.6500,146.4100,1028
2026-08-18,GOAI,144.7000,144.7000,142.0700,142.5500,1730
2026-08-19,GOAI,141.9000,142.2500,138.8800,140.1200,1463
2026-08-20,GOAI,140.0100,140.0200,138.1900,138.4700,1979
2026-08-21,GOAI,138.1700,139.0600,137.6800,139.0600,2424
2026-08-24,GOAI,138.3500,138.6700,136.8100,137.4100,1724
2026-08-25,GOAI,138.3900,138.9100,137.8700,137.9600,643
2026-08-26,GOAI,137.7100,139.0800,136.9000,138.4700,2404
2026-08-27,GOAI,141.1200,143.7100,140.7500,143.4400,2793
2026-08-28,GOAI,144.2500,144.4000,143.3000,144.3500,627
2026-08-31,GOAI,143.0700,143.2600,142.1400,142.7000,1287
2026-09-01,GOAI,143.5200,143.5700,140.2600,140.2600,5701
2026-09-02,GOAI,140.1000,140.1000,138.0000,138.3100,669
2026-09-03,GOAI,138.3100,139.6300,138.2000,139.6300,465
2026-09-04,GOAI,140.4100,141.3000,139.6000,139.6000,2900
2026-09-07,GOAI,140.5100,140.8000,139.8100,140.2100,2032
2024-09-09,GOLD,89.4700,89.9700,88.6900,89.7600,1391
2024-09-10,GOLD,89.9900,90.6200,89.9900,90.6200,1545
2024-09-11,GOLD,90.7200,90.7800,90.4500,90.6800,538
2024-09-12,GOLD,90.7800,91.8800,90.5800,91.8800,4773
2024-09-13,GOLD,92.0900,92.3200,91.8500,92.3100,1258
2024-09-16,GOLD,92.4000,92.4000,91.9200,92.1100,4506
2024-09-17,GOLD,92.3200,92.3200,91.6900,91.6800,1633
2024-09-18,GOLD,91.7200,92.0000,91.6000,91.8500,671
2024-09-19,GOLD,92.3300,92.3300,91.8100,92.0900,2092
2024-09-20,GOLD,92.6400,93.1700,92.6200,93.1000,4813
2024-09-23,GOLD,93.4100,94.0100,93.3800,93.8400,4782
2024-09-24,GOLD,93.8800,94.2400,93.5900,94.1900,2676
2024-09-25,GOLD,94.1800,94.6200,94.0600,94.6000,7355
2024-09-26,GOLD,94.8100,95.5700,94.6700,94.8400,21771
2024-09-27,GOLD,95.0400,95.1200,94.0000,94.3700,9537
2024-09-30,GOLD,94.5300,94.6100,93.5100,93.7800,8124
2024-10-01,GOLD,94.2800,95.7700,94.2800,95.6100,7078
2024-10-02,GOLD,95.1900,95.5400,94.9900,95.2100,3360
2024-10-03,GOLD,95.5600,95.6200,95.0000,95.5900,7229
2024-10-04,GOLD,95.7600,96.5300,95.4700,96.3100,7577
2024-10-07,GOLD,95.6900,96.2000,95.4700,95.7000,3886
2024-10-08,GOLD,95.5600,95.9000,94.6700,94.5100,9289
2024-10-09,GOLD,94.5800,95.0400,94.4300,94.7100,2418
2024-10-10,GOLD,94.7900,95.4900,94.7900,95.3500,8129
2024-10-11,GOLD,96.0100,96.3500,95.6200,96.4100,9308
2024-10-14,GOLD,96.8800,96.8800,96.2100,96.2600,6830
2024-10-15,GOLD,96.5700,96.9200,96.3900,96.9700,4440
2024-10-16,GOLD,97.7200,97.8700,97.4000,97.6600,5053
2024-10-17,GOLD,98.1400,98.9000,97.9500,98.6900,8855
2024-10-18,GOLD,99.5200,99.5200,98.9000,99.3800,3571
2024-10-21,GOLD,99.9500,100.3000,99.6800,99.8000,6069
2024-10-22,GOLD,100.3600,100.8200,100.1400,100.6600,4229
2024-10-23,GOLD,101.3100,101.5100,99.8400,99.8900,10680
2024-10-24,GOLD,100.6800,100.8000,100.0800,100.4400,15926
2024-10-25,GOLD,100.2600,100.4500,99.6800,100.6000,18833
2024-10-28,GOLD,100.6800,100.7700,100.2000,100.7700,2910
2024-10-29,GOLD,101.0300,101.8600,100.9600,101.7400,5800
2024-10-30,GOLD,102.0000,102.2700,101.5000,101.8300,4188
2024-10-31,GOLD,101.7600,101.7600,99.8900,100.2600,17930
2024-11-01,GOLD,100.5200,100.7300,100.3900,100.4200,3805
2024-11-04,GOLD,99.7100,100.0100,99.6000,99.8200,31419
2024-11-05,GOLD,99.7600,100.0500,99.5300,99.5800,14999
2024-11-06,GOLD,100.6900,101.0000,98.4500,98.6800,44826
2024-11-07,GOLD,98.3500,99.1600,97.9600,99.0700,6268
2024-11-08,GOLD,99.0500,99.6200,98.9500,99.4200,2627
2024-11-11,GOLD,99.0600,99.4300,97.4500,97.5100,22090
2024-11-12,GOLD,97.2100,97.8100,96.8700,97.2600,13120
2024-11-13,GOLD,97.5500,97.7500,97.3000,97.3000,8681
2024-11-14,GOLD,96.1200,96.5900,95.8400,96.6800,14725
2024-11-15,GOLD,96.5600,97.0000,96.2000,96.5700,3010
2024-11-18,GOLD,97.3600,98.1900,97.3300,98.0800,3850
2024-11-19,GOLD,98.3200,99.2300,98.2900,98.4500,7340
2024-11-20,GOLD,98.4200,100.1000,98.4200,100.0900,8829
2024-11-21,GOLD,100.4000,100.9000,100.4000,100.9900,8682
2024-11-22,GOLD,102.0700,103.4000,101.9600,103.2300,5374
2024-11-25,GOLD,101.3800,101.8500,99.4100,99.6700,18157
2024-11-26,GOLD,99.0000,99.6000,98.9800,99.6000,10370
2024-11-27,GOLD,100.3600,100.3600,99.2000,99.2700,29168
2024-11-28,GOLD,99.4500,99.7700,99.2500,99.4300,14809
2024-11-29,GOLD,99.9700,100.1800,99.7600,100.1100,11933
2024-12-02,GOLD,99.3500,100.3900,99.3300,100.0100,30729
2024-12-03,GOLD,99.9000,100.1700,99.5400,99.9000,11282
2024-12-04,GOLD,99.7900,100.3600,99.7000,100.1000,19641
2024-12-05,GOLD,99.9000,99.9900,99.0000,99.0200,8471
2024-12-06,GOLD,99.1200,99.2600,98.6000,99.1200,876
2024-12-09,GOLD,99.6800,100.3600,99.5000,100.1600,4974
2024-12-10,GOLD,100.4000,101.6600,100.2000,101.5400,5641
2024-12-11,GOLD,101.8500,102.8900,101.5000,102.7600,8661
2024-12-12,GOLD,102.7000,102.7400,101.3400,101.3800,7636
2024-12-13,GOLD,101.8500,101.8900,100.4100,100.5900,3782
2024-12-16,GOLD,100.4000,100.8900,100.1700,100.2200,4498
2024-12-17,GOLD,100.4000,100.4000,99.5900,99.7500,5403
2024-12-18,GOLD,100.0600,100.3400,99.7500,99.9900,8205
2024-12-19,GOLD,99.9200,100.0200,98.9400,99.1200,3590
2024-12-20,GOLD,99.8400,100.4800,99.3800,99.9300,12604
2024-12-23,GOLD,100.3200,100.4200,99.6800,99.7700,4111
2024-12-27,GOLD,100.2500,100.3500,99.3900,99.7000,5120
2024-12-30,GOLD,99.7600,100.0000,99.2800,99.3300,1913
2025-01-02,GOLD,100.9200,102.9000,100.8100,102.9000,4939
2025-01-03,GOLD,102.4200,102.6500,101.9000,101.8200,6776
2025-01-06,GOLD,100.9500,101.0700,99.9800,100.7800,7857
2025-01-07,GOLD,100.8500,101.7100,100.5800,101.5100,6254
2025-01-08,GOLD,101.9800,102.8600,101.4600,102.7300,4681
2025-01-09,GOLD,102.7300,103.1000,102.5500,102.9100,1964
2025-01-10,GOLD,103.2600,104.5900,103.1000,104.3000,2475
2025-01-13,GOLD,104.4400,104.7400,103.6000,103.7500,4825
2025-01-14,GOLD,103.3100,103.3900,102.8600,103.0200,2260
2025-01-15,GOLD,103.4500,103.5700,103.0000,103.5200,3937
2025-01-16,GOLD,104.0300,105.0000,104.0300,104.7700,2149
2025-01-17,GOLD,104.7500,104.8000,104.1700,104.6400,5192
2025-01-20,GOLD,104.3000,104.7000,103.0200,103.9200,16266
2025-01-21,GOLD,104.3500,104.6500,104.1400,104.4600,15882
2025-01-22,GOLD,104.7900,105.1600,104.7200,105.1200,5574
2025-01-23,GOLD,105.1500,105.1800,104.3100,104.9200,7128
2025-01-24,GOLD,105.2000,105.5500,104.7700,104.8000,5699
2025-01-27,GOLD,104.4000,104.7200,103.5200,103.5700,4831
2025-01-28,GOLD,104.2100,104.9900,104.1300,104.9500,1415
2025-01-29,GOLD,105.1400,105.4500,104.8000,104.8500,15263
2025-01-30,GOLD,105.4800,106.5000,105.4700,106.2900,31578
2025-01-31,GOLD,106.7200,107.8300,106.6800,107.1700,20152
2025-02-03,GOLD,108.2800,109.7500,108.1500,108.7000,44030
2025-02-04,GOLD,108.3000,109.3900,108.0700,108.6800,29955
2025-02-05,GOLD,109.3000,109.7300,109.0600,109.3300,17524
2025-02-06,GOLD,109.2000,109.9700,108.4700,109.0800,19192
2025-02-07,GOLD,109.4500,110.8000,109.3400,110.2000,21295
2025-02-10,GOLD,111.4700,112.0700,111.2700,111.8300,12579
2025-02-11,GOLD,112.2400,112.2400,110.8500,111.5000,12147
2025-02-12,GOLD,110.6100,111.1200,110.0000,110.8600,20135
2025-02-13,GOLD,111.1100,111.5300,110.8800,110.9000,5572
2025-02-14,GOLD,111.2000,111.4400,109.2800,109.3200,22165
2025-02-17,GOLD,109.8900,110.0600,109.6600,109.7400,8462
2025-02-18,GOLD,110.3500,111.1600,110.2000,111.1500,12526
2025-02-19,GOLD,111.4700,112.2000,111.4000,111.5400,16148
2025-02-20,GOLD,112.2400,112.4600,111.1200,111.5900,10139
2025-02-21,GOLD,110.7800,111.4000,110.5400,111.4100,10312
2025-02-24,GOLD,111.3900,112.0700,111.1300,111.4900,4740
2025-02-25,GOLD,111.2500,111.5200,109.1700,109.4100,13557
2025-02-26,GOLD,110.1900,110.2900,109.4000,109.9900,4714
2025-02-27,GOLD,109.5300,110.0300,108.9700,109.5900,8397
2025-02-28,GOLD,109.0800,109.3100,107.9700,108.6600,6460
2025-03-03,GOLD,109.2500,109.5200,108.7800,109.2400,5842
2025-03-04,GOLD,109.6500,110.2100,109.4800,109.6400,8939
2025-03-05,GOLD,108.6800,108.6800,107.1900,107.2500,8302
2025-03-06,GOLD,106.8300,106.9600,106.3300,106.9000,4552
2025-03-07,GOLD,106.8900,107.1600,106.2000,106.7300,3877
2025-03-10,GOLD,106.7500,106.7500,105.8500,106.3400,3716
2025-03-11,GOLD,105.7500,106.2100,105.7300,105.9400,5478
2025-03-12,GOLD,106.0600,106.7000,105.8900,106.8200,3242
2025-03-13,GOLD,107.2100,108.8800,107.1800,108.8300,10819
2025-03-14,GOLD,109.2400,109.7400,108.6000,108.9800,7390
2025-03-17,GOLD,108.9900,109.2400,108.7300,108.8800,5855
2025-03-18,GOLD,109.4800,110.4700,109.4100,110.1800,6697
2025-03-19,GOLD,110.5100,110.7400,110.1400,110.7100,6756
2025-03-20,GOLD,110.9300,111.4800,110.6900,111.0500,5438
2025-03-21,GOLD,111.0500,111.1800,109.9500,110.6200,4541
2025-03-24,GOLD,110.8000,111.2600,110.4900,110.7000,3646
2025-03-25,GOLD,110.8000,111.2900,110.5900,111.0000,5457
2025-03-26,GOLD,111.1500,111.4400,110.8500,111.0400,4846
2025-03-27,GOLD,111.9500,112.5500,111.6100,112.2200,8804
2025-03-28,GOLD,113.2000,113.4800,112.5100,113.0100,9864
2025-03-31,GOLD,114.3300,114.8900,113.8200,114.5700,16822
2025-04-01,GOLD,115.1100,115.3500,114.6900,114.8900,7626
2025-04-02,GOLD,114.4900,115.1800,114.0600,114.2300,10618
2025-04-03,GOLD,112.9100,113.2600,109.1000,111.6100,23858
2025-04-04,GOLD,111.1900,112.5600,109.2000,109.2000,13055
2025-04-07,GOLD,109.0500,110.4300,108.2700,108.5400,25293
2025-04-08,GOLD,108.7500,109.8800,108.7500,109.3700,14415
2025-04-09,GOLD,109.0400,110.8600,109.0000,110.7200,18069
2025-04-10,GOLD,112.9300,112.9800,111.1300,112.4500,11781
2025-04-11,GOLD,112.6000,113.5000,111.5000,113.4500,13927
2025-04-14,GOLD,112.3300,112.5600,111.7900,111.9300,9579
2025-04-15,GOLD,113.0700,113.2600,112.5900,113.0400,4799
2025-04-16,GOLD,115.1200,115.8000,114.7600,115.7500,9053
2025-04-17,GOLD,116.2400,117.2600,114.6300,115.0600,7513
2025-04-22,GOLD,119.9500,120.0200,117.9400,118.2300,13713
2025-04-23,GOLD,115.2700,116.2500,113.9200,114.2700,24856
2025-04-24,GOLD,116.3600,116.7000,115.3200,116.1000,15973
2025-04-25,GOLD,115.6400,115.6500,114.1100,114.2500,7710
2025-04-28,GOLD,115.0000,116.2100,114.4900,116.0400,5041
2025-04-29,GOLD,115.5800,115.6900,114.8900,115.2900,5471
2025-04-30,GOLD,115.2100,115.7500,114.0600,115.7900,6596
2025-05-02,GOLD,113.9400,114.3400,113.2400,113.4500,5368
2025-05-05,GOLD,114.2900,116.3300,114.2000,115.9500,6197
2025-05-06,GOLD,117.8600,118.8300,117.8600,118.7600,7264
2025-05-07,GOLD,118.3400,118.5500,117.7100,118.4500,2954
2025-05-08,GOLD,117.1700,118.2000,117.0900,117.7800,6330
2025-05-09,GOLD,117.4500,117.6700,116.9500,117.6200,2489
2025-05-12,GOLD,115.6100,115.8100,114.7300,115.5500,12791
2025-05-13,GOLD,116.4500,116.4600,115.0000,115.3600,4875
2025-05-14,GOLD,114.4600,114.6200,112.3800,112.7500,7244
2025-05-15,GOLD,111.3300,114.1100,110.8700,114.1300,10635
2025-05-16,GOLD,113.7800,113.8000,111.8800,113.2600,11936
2025-05-19,GOLD,114.2100,114.4100,113.5600,114.0300,9640
2025-05-20,GOLD,113.1600,115.6600,113.0000,115.4900,12316
2025-05-21,GOLD,116.1500,116.1700,115.2600,115.8700,4096
2025-05-22,GOLD,116.5800,117.4900,115.3900,115.7800,10308
2025-05-23,GOLD,116.6800,117.7300,116.0100,117.5400,33171
2025-05-26,GOLD,116.1200,116.4200,115.8600,116.4100,6328
2025-05-27,GOLD,115.4200,115.6800,114.9200,115.3400,11290
2025-05-28,GOLD,116.0000,116.4000,115.6700,115.7400,10249
2025-05-29,GOLD,115.2600,116.2500,115.2600,115.7900,3975
2025-05-30,GOLD,115.3200,115.5700,114.6000,114.9100,9291
2025-06-02,GOLD,116.3800,117.2200,116.1900,117.0600,10532
2025-06-03,GOLD,116.5800,117.2000,116.1400,116.7800,17127
2025-06-04,GOLD,117.0700,117.4100,116.5000,117.1700,7275
2025-06-05,GOLD,117.0900,118.1600,116.3300,116.3300,17641
2025-06-06,GOLD,116.5900,117.0000,115.5000,115.9700,18000
2025-06-09,GOLD,115.4000,115.7100,115.1000,115.6800,5737
2025-06-10,GOLD,115.8300,116.0800,115.5000,115.6000,2449
2025-06-11,GOLD,116.0500,116.1500,115.1500,115.3400,14549
2025-06-12,GOLD,116.2200,116.2600,115.1000,116.1300,30526
2025-06-13,GOLD,117.2200,118.7200,117.1000,117.4400,20697
2025-06-16,GOLD,117.2200,117.2300,115.7300,116.5400,14411
2025-06-17,GOLD,116.2600,116.5600,115.9500,116.4300,8390
2025-06-18,GOLD,116.5100,117.1800,116.3900,116.5500,13510
2025-06-19,GOLD,116.2100,116.7900,115.9700,116.5200,3706
2025-06-20,GOLD,115.3100,116.2100,115.1600,115.9700,7553
2025-06-23,GOLD,115.7400,116.9900,115.6600,116.4000,6635
2025-06-24,GOLD,113.5800,114.0200,112.6100,113.0300,10577
2025-06-25,GOLD,113.9000,114.0300,113.2600,113.4000,11764
2025-06-26,GOLD,113.3600,113.5300,112.1800,112.6600,11219
2025-06-27,GOLD,111.4500,111.5100,110.1500,110.8000,13721
2025-06-30,GOLD,111.3600,111.5300,110.7700,111.0300,10273
2025-07-01,GOLD,112.3100,112.8200,112.1600,112.5800,13860
2025-07-02,GOLD,112.1800,113.0000,112.1000,112.5400,4751
2025-07-03,GOLD,112.9900,112.9900,112.0000,112.2700,11451
2025-07-04,GOLD,112.5500,112.6500,112.2300,112.2000,4848
2025-07-07,GOLD,111.6400,112.2400,111.4700,112.1600,4437
2025-07-08,GOLD,112.6600,112.8000,111.5000,111.6600,5459
2025-07-09,GOLD,111.3700,112.1000,111.1700,112.1300,39513
2025-07-10,GOLD,112.4900,112.8000,112.3000,112.8000,4475
2025-07-11,GOLD,113.1700,114.2000,113.0800,114.0500,21599
2025-07-14,GOLD,114.6200,114.6400,113.4000,113.6100,15435
2025-07-15,GOLD,114.1300,114.4100,113.5500,113.9200,13920
2025-07-16,GOLD,113.9200,114.6000,113.8600,114.1500,22560
2025-07-17,GOLD,114.2400,114.2900,113.3000,114.1700,10883
2025-07-18,GOLD,114.0400,114.4000,114.0400,114.1300,4590
2025-07-21,GOLD,114.7700,115.4400,114.6000,115.1600,13724
2025-07-22,GOLD,114.8300,116.1500,114.7300,115.8000,8431
2025-07-23,GOLD,115.7500,116.1000,115.3400,115.4000,5119
2025-07-24,GOLD,113.9200,113.9200,113.1900,113.6300,12837
2025-07-25,GOLD,113.3400,113.3700,112.6000,112.5500,1363
2025-07-28,GOLD,113.0700,113.6800,112.6400,113.1000,3628
2025-07-29,GOLD,114.0100,114.6100,113.8400,114.3400,2457
2025-07-30,GOLD,114.2400,114.7600,113.7100,113.7800,18489
2025-07-31,GOLD,114.2500,115.0700,114.0900,114.3100,33184
2025-08-01,GOLD,114.2000,115.1700,114.1600,115.1500,11635
2025-08-04,GOLD,115.2000,115.9900,115.0800,115.6600,4080
2025-08-05,GOLD,115.6400,116.2500,115.1500,115.9100,5043
2025-08-06,GOLD,115.5900,115.6500,114.9300,115.0500,5721
2025-08-07,GOLD,115.0700,115.7500,114.5900,115.4500,27529
2025-08-08,GOLD,115.6500,116.0300,115.1100,115.3900,28282
2025-08-11,GOLD,114.4800,114.8200,114.1800,114.5000,15325
2025-08-12,GOLD,114.3100,114.4500,113.4100,113.8700,4523
2025-08-13,GOLD,113.8100,114.2000,113.5300,113.6100,3252
2025-08-14,GOLD,114.1900,114.2100,113.5400,113.6900,5900
2025-08-18,GOLD,113.6500,113.8000,113.3200,113.3500,2322
2025-08-19,GOLD,113.3500,113.4600,112.9000,112.9800,1561
2025-08-20,GOLD,113.2200,113.8400,113.1600,113.6400,2748
2025-08-21,GOLD,113.7900,114.2100,113.2300,114.1100,2081
2025-08-22,GOLD,113.9600,114.3500,113.4700,114.2200,2897
2025-08-25,GOLD,114.0300,114.5900,113.9900,114.5400,4906
2025-08-26,GOLD,115.2100,115.3900,114.1100,115.1500,4364
2025-08-27,GOLD,115.2800,115.8800,115.2600,115.7500,4014
2025-08-28,GOLD,115.6300,115.9900,115.4000,115.8200,5683
2025-08-29,GOLD,116.0000,116.8600,115.7700,116.7800,8103
2025-09-01,GOLD,117.6500,117.8900,117.3500,117.7600,8214
2025-09-02,GOLD,118.1200,119.5700,118.1200,119.4900,20945
2025-09-03,GOLD,120.4900,121.1400,120.2300,121.0500,11113
2025-09-04,GOLD,120.2800,121.0600,120.2800,120.7500,6666
2025-09-05,GOLD,120.7600,121.4000,120.4000,121.2100,10291
2025-09-08,GOLD,121.7500,123.0700,121.7100,122.7800,8210
2025-09-09,GOLD,122.9600,124.4400,122.7500,123.1400,7339
2025-09-10,GOLD,123.6300,123.9600,123.2000,123.3500,6429
2025-09-11,GOLD,123.1200,123.2500,122.4700,122.8800,6206
2025-09-12,GOLD,123.2200,123.7100,123.1300,123.3300,5716
2025-09-15,GOLD,122.9400,123.6300,122.6000,123.6200,6275
2025-09-16,GOLD,124.1700,124.2800,123.2500,123.3300,6372
2025-09-17,GOLD,122.9700,123.3800,122.6000,123.3400,6660
2025-09-18,GOLD,122.3300,123.2600,122.2800,122.5400,5365
2025-09-19,GOLD,122.9400,124.0000,122.9400,123.9500,3055
2025-09-22,GOLD,125.3800,125.6700,125.0100,125.7000,10031
2025-09-23,GOLD,126.2200,127.4000,126.1400,127.1500,11117
2025-09-24,GOLD,126.9800,127.4600,126.5800,126.5800,10660
2025-09-25,GOLD,126.3400,127.0500,126.2700,126.8300,13317
2025-09-26,GOLD,127.0300,128.3800,126.9900,128.1200,11359
2025-09-29,GOLD,129.1000,129.5800,128.6200,129.4400,15623
2025-09-30,GOLD,130.2800,130.3500,128.1000,129.6900,21344
2025-10-01,GOLD,130.0400,131.5600,130.0400,130.5300,26323
2025-10-02,GOLD,130.5900,131.6200,129.6000,129.8300,20414
2025-10-03,GOLD,130.5900,131.3100,130.2700,131.2600,24038
2025-10-06,GOLD,133.4000,134.3400,133.1600,133.7700,17983
2025-10-07,GOLD,134.2500,135.5900,133.8600,135.4200,13426
2025-10-08,GOLD,137.6800,138.3300,137.2300,138.0500,34414
2025-10-09,GOLD,137.5600,138.5700,137.1000,137.6400,23668
2025-10-10,GOLD,135.7900,137.1900,135.4500,136.9900,22984
2025-10-13,GOLD,138.9500,140.6900,138.9100,140.3900,9671
2025-10-14,GOLD,140.7700,142.2500,140.6000,141.5800,16750
2025-10-15,GOLD,143.0900,143.7500,142.0700,142.8300,18942
2025-10-16,GOLD,143.7500,145.1400,143.7000,145.1400,26845
2025-10-17,GOLD,147.5600,147.6600,143.3800,144.6900,38860
2025-10-20,GOLD,144.1400,148.1000,144.1000,147.9300,18558
2025-10-21,GOLD,147.8700,147.8700,139.5000,140.9800,72729
2025-10-22,GOLD,141.6500,141.6500,137.0200,137.5900,43994
2025-10-23,GOLD,140.8800,141.8900,140.0000,141.5400,11929
2025-10-27,GOLD,138.7800,138.8500,135.3900,135.9200,31629
2025-10-28,GOLD,133.6900,134.8900,132.1900,134.7000,63023
2025-10-29,GOLD,136.5700,137.2700,135.6900,135.9900,27055
2025-10-30,GOLD,135.2500,137.4000,135.2500,137.0100,27019
2025-10-31,GOLD,137.9500,138.4800,136.6100,136.9600,12054
2025-11-03,GOLD,138.4500,138.7300,137.5000,137.5200,17076
2025-11-04,GOLD,137.4400,137.9700,135.8100,137.0200,26091
2025-11-05,GOLD,137.2300,137.6300,136.6500,137.5100,6687
2025-11-06,GOLD,138.0600,138.3500,136.7000,136.9200,18649
2025-11-07,GOLD,137.7400,137.8400,136.4900,137.5200,10306
2025-11-10,GOLD,139.7500,140.6400,139.6700,140.4800,14072
2025-11-11,GOLD,141.7800,142.1900,140.2400,140.5200,11423
2025-11-12,GOLD,140.9900,143.4500,140.8500,143.4500,22057
2025-11-13,GOLD,144.2800,144.7500,142.7000,143.2900,27339
2025-11-14,GOLD,142.4900,142.6800,137.5200,140.0100,45277
2025-11-17,GOLD,139.7100,139.7800,138.6000,139.2300,20215
2025-11-18,GOLD,137.2900,139.5000,137.2900,139.1300,27235
2025-11-19,GOLD,139.8200,141.7800,139.7100,140.0500,24750
2025-11-20,GOLD,139.4700,141.0000,139.1300,139.7400,34884
2025-11-21,GOLD,138.4700,140.5400,138.4700,140.3100,21343
2025-11-24,GOLD,139.8200,140.9600,139.6200,140.9600,23068
2025-11-25,GOLD,142.2600,142.5000,140.9300,141.9400,37793
2025-11-26,GOLD,142.4500,143.0000,141.6500,142.2600,39916
2025-11-27,GOLD,142.2600,142.5000,142.0000,142.0000,4846
2025-11-28,GOLD,142.5000,144.0700,142.0400,143.9300,19443
2025-12-01,GOLD,145.1400,145.3000,143.8000,144.3800,45393
2025-12-02,GOLD,143.8200,144.2000,142.3700,142.6900,20778
2025-12-03,GOLD,143.2300,144.1500,142.8000,143.4200,19094
2025-12-04,GOLD,142.5500,143.4000,142.2100,143.4000,12942
2025-12-05,GOLD,143.6900,144.8000,143.1800,143.6000,29964
2025-12-08,GOLD,143.1200,143.4500,142.3900,143.1400,16459
2025-12-09,GOLD,142.5400,143.7800,142.5400,143.6100,15108
2025-12-10,GOLD,143.1900,143.2200,142.7000,142.9900,12684
2025-12-11,GOLD,142.8700,143.7000,142.4000,143.6800,41582
2025-12-12,GOLD,144.9100,146.9800,144.3500,144.9200,74989
2025-12-15,GOLD,146.7600,146.9300,144.7100,144.7800,59203
2025-12-16,GOLD,144.6400,145.7200,144.1500,144.9300,36940
2025-12-17,GOLD,146.2100,146.8000,145.7700,146.0100,64524
2025-12-18,GOLD,146.3100,147.6100,145.6700,147.6100,53870
2025-12-19,GOLD,146.3400,147.3900,146.0300,147.0900,14780
2025-12-22,GOLD,149.1200,149.6800,148.8000,149.5600,26990
2025-12-23,GOLD,151.0300,151.1700,149.2500,150.2000,29244
2025-12-29,GOLD,150.5900,151.0500,144.8200,146.1600,79975
2025-12-30,GOLD,147.1000,148.4700,146.6900,147.1900,39841
2026-01-02,GOLD,148.1200,148.7800,145.6700,145.7200,33350
2026-01-05,GOLD,150.0200,151.0000,149.4600,150.4200,47253
2026-01-06,GOLD,150.7400,152.1200,150.4200,152.0900,49134
2026-01-07,GOLD,151.5100,151.8700,150.1500,151.4300,42416
2026-01-08,GOLD,150.3900,151.7700,149.7200,151.7700,34683
2026-01-09,GOLD,152.1000,153.9100,151.9500,153.5300,70871
2026-01-12,GOLD,155.6600,157.2100,155.3600,156.9200,50153
2026-01-13,GOLD,155.7900,157.5000,155.5800,156.6100,30606
2026-01-14,GOLD,157.7400,157.9200,156.5000,157.0900,31478
2026-01-15,GOLD,156.8200,157.9600,156.5000,157.4900,29317
2026-01-16,GOLD,157.3900,157.5000,155.1100,157.0100,28331
2026-01-19,GOLD,159.2300,159.5000,158.8800,159.0500,27946
2026-01-20,GOLD,160.0800,160.5800,159.2500,160.3200,52014
2026-01-21,GOLD,164.4900,165.0600,163.0500,163.9400,91363
2026-01-22,GOLD,163.9300,164.6600,162.8500,164.6200,54042
2026-01-23,GOLD,167.0200,168.0800,165.5000,167.9000,65006
2026-01-26,GOLD,170.5800,170.6800,169.1800,169.3500,71200
2026-01-27,GOLD,170.0000,170.1600,167.3900,168.5500,75826
2026-01-28,GOLD,175.0600,175.7500,173.4300,175.5100,158253
2026-01-29,GOLD,183.5000,183.8500,170.0000,175.1700,241589
2026-01-30,GOLD,171.4400,171.7600,164.5800,166.3700,235312
2026-02-02,GOLD,152.9900,160.8700,152.8600,156.4700,215376
2026-02-03,GOLD,164.7800,167.1300,164.0500,166.9200,105704
2026-02-04,GOLD,170.3100,170.4700,164.0700,165.3600,35506
2026-02-05,GOLD,165.4200,165.9200,161.3300,163.0900,42058
2026-02-06,GOLD,162.6800,166.5000,162.6200,165.4700,11708
2026-02-09,GOLD,167.6200,169.1300,166.5000,169.0100,25806
2026-02-10,GOLD,167.6900,168.8700,166.4100,167.1600,15596
2026-02-11,GOLD,168.3300,170.3500,167.9100,169.5100,34908
2026-02-12,GOLD,169.1100,169.5500,163.0200,164.8700,52509
2026-02-13,GOLD,166.3800,167.9400,165.0000,167.9100,13260
2026-02-16,GOLD,167.4500,167.5600,166.3300,166.7500,4433
2026-02-17,GOLD,164.9700,165.6400,162.3200,163.5000,22325
2026-02-18,GOLD,165.1500,167.8900,164.2800,167.6700,9320
2026-02-19,GOLD,168.1500,169.1100,167.5400,168.4600,7857
2026-02-20,GOLD,169.2100,170.4700,168.2500,170.4700,7269
2026-02-23,GOLD,172.1300,175.2700,171.8500,175.0500,13125
2026-02-24,GOLD,174.1700,174.2300,171.8300,172.9300,13317
2026-02-25,GOLD,174.2800,174.8000,173.5900,174.7300,10491
2026-02-26,GOLD,174.0500,174.4800,172.9000,174.1700,7928
2026-02-27,GOLD,173.8000,176.3000,173.6500,175.5700,12938
2026-03-02,GOLD,182.8600,183.4700,178.5900,179.7200,61389
2026-03-03,GOLD,181.5500,181.7000,171.7000,175.0900,94922
2026-03-04,GOLD,176.2300,177.1200,174.9800,175.5600,10740
2026-03-05,GOLD,176.3200,176.6400,172.8800,173.4500,19387
2026-03-09,GOLD,175.2200,175.9600,173.6200,174.5100,15387
2026-03-10,GOLD,176.0400,178.0900,175.7600,178.0600,20052
2026-03-11,GOLD,177.2200,177.6500,176.3200,176.9800,10043
2026-03-12,GOLD,177.8000,178.1000,176.0000,176.5300,9523
2026-03-13,GOLD,175.5500,176.7200,173.8400,174.8700,15469
2026-03-16,GOLD,173.2100,173.7500,171.7200,171.7200,11376
2026-03-17,GOLD,173.2200,173.3300,171.1900,171.9800,13757
2026-03-18,GOLD,171.6900,171.7400,166.7100,167.9100,37159
2026-03-19,GOLD,163.9100,164.0000,155.0700,157.7900,36185
2026-03-20,GOLD,161.1000,162.0900,155.9700,157.2100,25112
2026-03-23,GOLD,145.2900,153.7300,144.6600,149.0700,31989
2026-03-24,GOLD,150.5000,151.6500,149.0400,151.1100,27098
2026-03-25,GOLD,155.4400,156.6500,154.6100,155.9500,27497
2026-03-26,GOLD,152.9200,153.5500,150.9000,151.0900,24550
2026-03-27,GOLD,152.9000,156.3600,151.8300,155.7700,10034
2026-03-30,GOLD,156.0000,158.0300,155.6900,157.1700,11575
2026-03-31,GOLD,157.5600,159.0000,156.6900,158.5500,7140
2026-04-01,GOLD,161.6100,163.1100,161.2000,163.1100,12569
2026-04-02,GOLD,158.2700,161.0900,157.6200,160.3100,9878
2026-04-07,GOLD,159.8100,160.7500,158.0000,159.0800,7638
2026-04-08,GOLD,163.2000,163.4000,160.4700,161.0800,9361
2026-04-09,GOLD,160.1700,162.1300,159.9400,161.9700,7545
2026-04-10,GOLD,160.9900,161.9000,160.6000,161.3400,9816
2026-04-13,GOLD,160.6100,160.6100,159.2900,159.2500,5084
2026-04-14,GOLD,160.8900,161.7100,159.8700,161.3300,9309
2026-04-15,GOLD,161.7900,162.3600,161.0600,161.0900,12301
2026-04-16,GOLD,162.1300,162.3000,160.8500,161.6300,7360
2026-04-17,GOLD,161.0900,163.6800,160.7100,163.3700,16040
2026-04-20,GOLD,161.6700,162.4700,161.1700,161.6900,4637
2026-04-21,GOLD,160.7400,161.5400,159.1500,159.9900,7348
2026-04-22,GOLD,160.7900,160.8600,159.8400,160.0900,3271
2026-04-23,GOLD,159.5700,160.7200,158.9500,160.1800,3438
2026-04-24,GOLD,158.6100,160.0600,158.4000,159.8300,4489
2026-04-27,GOLD,159.3100,159.3600,157.7100,158.0000,3183
2026-04-28,GOLD,157.1400,157.2700,154.4700,154.7300,8610
2026-04-29,GOLD,155.3600,155.4400,152.9600,154.0200,4505
2026-04-30,GOLD,155.7000,157.3500,155.7000,156.2400,3111
2026-05-04,GOLD,155.1400,155.2400,152.9900,153.6500,5619
2026-05-05,GOLD,154.4000,155.2300,153.9600,155.0100,7865
2026-05-06,GOLD,157.6700,159.1100,157.3000,158.2500,9386
2026-05-07,GOLD,159.6000,160.2700,159.1500,159.6600,4858
2026-05-08,GOLD,159.4300,159.7700,158.5200,158.6600,3885
2026-05-11,GOLD,157.6400,159.4500,156.7100,159.1800,14676
2026-05-12,GOLD,158.3300,158.9100,156.9000,157.3700,4639
2026-05-13,GOLD,158.9500,159.4000,158.2400,158.7300,3546
2026-05-14,GOLD,158.9400,159.4000,158.5000,159.0400,5141
2026-05-15,GOLD,155.6700,156.1300,153.8500,154.9300,15389
2026-05-18,GOLD,154.8100,155.7100,154.4400,154.3700,21365
2026-05-19,GOLD,154.8700,155.2900,152.6000,153.8200,23841
2026-05-20,GOLD,153.0500,154.9500,152.9900,154.4000,5718
2026-05-21,GOLD,154.2600,154.6300,153.6500,154.0200,4631
2026-05-22,GOLD,154.5300,154.8400,153.4800,154.3400,6630
2026-05-25,GOLD,155.3500,155.7000,154.9600,155.5200,5966
2026-05-26,GOLD,154.3800,154.5800,153.4100,153.6300,3931
2026-05-27,GOLD,152.7400,153.0800,149.8200,151.1600,12644
2026-05-28,GOLD,149.7200,152.4200,149.3400,152.3800,11513
2026-05-29,GOLD,153.7300,155.8600,153.5700,155.4200,7845
2026-06-01,GOLD,153.2300,153.5600,151.8100,152.3600,5798
2026-06-02,GOLD,154.2800,154.4100,152.9800,153.4000,4714
2026-06-03,GOLD,152.3700,152.5200,151.2000,151.7500,11197
2026-06-04,GOLD,152.5300,153.5900,152.0000,152.4100,2641
2026-06-05,GOLD,151.8900,152.1900,149.1000,149.2700,12273
2026-06-08,GOLD,148.0000,149.0300,147.2600,148.6800,10870
2026-06-09,GOLD,148.7100,149.1900,146.6300,146.6800,20044
2026-06-10,GOLD,144.1000,144.2700,141.1500,141.5600,29227
2026-06-11,GOLD,140.6600,141.1200,139.4800,140.3800,12444
2026-06-12,GOLD,143.0400,144.5800,143.0400,144.3800,10514
2026-06-15,GOLD,147.0500,149.0000,147.0400,148.6900,7543
2026-06-16,GOLD,147.9600,148.7400,147.5000,147.7100,5962
2026-06-17,GOLD,147.8600,149.0800,147.4600,148.8400,8322
2026-06-18,GOLD,148.0200,148.2800,146.2700,146.2300,9751
2026-06-19,GOLD,143.7000,144.4800,143.2100,143.4800,5168
2026-06-22,GOLD,145.2400,145.6800,145.0000,145.0800,6601
2026-06-23,GOLD,142.7600,144.3000,142.0000,143.6700,17673
2026-06-24,GOLD,142.6300,142.6800,138.7400,140.0500,22422
2026-06-25,GOLD,138.7700,140.7800,138.6500,140.0000,6473
2026-06-26,GOLD,140.3600,142.0200,140.0800,141.8900,3513
2026-06-29,GOLD,141.0600,141.3100,139.0000,139.5900,4160
2026-06-30,GOLD,139.8600,140.8400,139.4800,139.7600,4458
2026-07-01,GOLD,137.9100,142.8300,137.6600,142.0500,14437
2026-07-02,GOLD,141.5300,143.2800,141.0000,142.7700,11169
2026-07-03,GOLD,144.4100,144.7900,144.0000,144.3400,2754
2026-07-06,GOLD,144.0700,144.4400,143.4900,144.0400,4430
2026-07-07,GOLD,143.0700,144.7100,142.9000,143.6200,4245
2026-07-08,GOLD,143.0100,143.0100,139.9500,139.9500,3802
2026-07-09,GOLD,142.2600,143.1600,142.2000,143.0400,3372
2026-07-10,GOLD,142.4600,142.5700,141.9000,142.1900,6907
2026-07-13,GOLD,140.9100,141.2800,139.0600,139.6400,7193
2026-07-14,GOLD,140.0100,141.8100,139.5600,141.4400,13726
2026-07-15,GOLD,139.8600,141.1600,139.4900,140.2700,6195
2026-07-16,GOLD,139.1900,139.6600,137.5700,138.9300,6765
2026-07-17,GOLD,138.4900,138.9400,137.4900,138.9500,15893
2026-07-20,GOLD,138.7500,139.5400,138.7000,139.4500,3987
2026-07-21,GOLD,141.3600,141.5900,140.5400,141.5700,5037
2026-07-22,GOLD,142.8200,144.4500,142.8000,144.3000,9473
2026-07-23,GOLD,142.7500,142.7500,140.8500,141.0100,6874
2026-07-24,GOLD,140.5200,141.8400,140.5200,141.8100,6587
2026-07-27,GOLD,142.4100,142.7300,141.6800,141.9800,4384
2026-07-28,GOLD,141.0800,141.1800,139.7800,140.2900,6200
2026-07-29,GOLD,140.5700,140.6900,139.0500,139.6200,5451
2026-07-30,GOLD,140.0500,141.5300,139.8700,140.9200,5525
2026-07-31,GOLD,140.2500,140.3400,138.9800,139.1700,3220
2026-08-03,GOLD,139.5900,139.6700,138.2200,138.9100,6116
2026-08-04,GOLD,139.9400,140.6900,139.3400,140.2800,5782
2026-08-05,GOLD,143.2000,146.2100,142.5800,146.0700,10775
2026-08-06,GOLD,146.0800,147.0000,145.3100,146.2600,7329
2026-08-07,GOLD,147.6800,149.5200,147.3000,149.1600,10636
2026-08-10,GOLD,149.3600,149.4200,148.3900,149.2500,4860
2026-08-11,GOLD,149.9300,151.0400,149.6500,150.5900,6264
2026-08-12,GOLD,151.2100,152.0900,150.5900,151.7900,6320
2026-08-13,GOLD,150.7000,151.3000,149.6400,149.8900,5899
2026-08-14,GOLD,148.7800,150.3700,148.6000,149.9800,3376
2026-08-17,GOLD,150.4600,151.2800,149.6700,151.3400,4489
2026-08-18,GOLD,150.6400,150.6800,148.9700,149.0100,7869
2026-08-19,GOLD,148.6400,152.5700,148.6100,152.3400,8875
2026-08-20,GOLD,152.2500,153.9900,150.9100,153.6800,18634
2026-08-21,GOLD,154.5400,156.3200,154.4600,156.3200,9513
2026-08-24,GOLD,157.7600,158.8400,157.3600,158.7200,7468
2026-08-25,GOLD,157.7000,157.8100,156.3800,157.7400,6615
2026-08-26,GOLD,157.5000,157.5000,155.9400,156.2200,15219
2026-08-27,GOLD,156.4100,156.5600,155.3900,156.1800,21934
2026-08-28,GOLD,156.7600,157.0900,154.9500,155.8900,4705
2026-08-31,GOLD,151.8200,152.3700,150.8000,151.0600,11691
2026-09-01,GOLD,151.3500,151.3600,147.9200,149.1200,8025
2026-09-02,GOLD,148.0000,150.2100,147.3000,149.3900,4368
2026-09-03,GOLD,151.0000,153.5500,150.9000,153.5700,9900
2026-09-04,GOLD,152.1700,152.9500,149.2000,151.3800,46247
2026-09-07,GOLD,150.0300,150.5900,149.4500,150.3100,2189
2026-09-08,GOLD,150.2400,150.4100,149.5900,149.8500,6484
2024-09-09,KOR,58.8400,58.8400,58.5700,58.7500,907
2024-09-10,KOR,58.3000,58.6500,58.3000,58.4600,682
2024-09-11,KOR,57.9500,58.1900,57.7300,57.7200,485
2024-09-12,KOR,59.6800,59.6800,59.2200,59.1700,66
2024-09-13,KOR,59.6300,60.1700,59.6300,60.0200,142
2024-09-16,KOR,60.0800,60.3000,59.7100,59.7400,589
2024-09-17,KOR,60.2500,60.2500,60.0300,60.0300,143
2024-09-18,KOR,59.9000,59.9000,59.6100,59.5400,521
2024-09-19,KOR,59.6100,59.7800,59.5300,59.8000,1341
2024-09-20,KOR,59.3000,59.3000,59.0600,58.9200,383
2024-09-23,KOR,59.5500,59.9100,59.4800,59.8700,694
2024-09-24,KOR,60.6700,60.7100,60.3600,60.6700,22581
2024-09-25,KOR,59.5900,59.8100,59.5100,59.8800,1454
2024-09-26,KOR,61.8000,62.9800,61.7200,62.4800,3219
2024-09-27,KOR,62.2400,62.2800,62.1900,62.4300,140
2024-09-30,KOR,60.6700,60.6700,60.2800,60.4000,2937
2024-10-01,KOR,60.6700,60.8000,60.6500,59.8500,765
2024-10-02,KOR,60.1000,60.5100,60.1000,60.5100,201
2024-10-03,KOR,59.6400,59.6500,59.4800,59.5900,193
2024-10-04,KOR,59.8300,59.8400,59.5500,59.5100,4014
2024-10-07,KOR,60.6800,60.6800,60.2200,60.4200,1187
2024-10-08,KOR,60.0200,60.3800,60.0200,60.4000,313
2024-10-09,KOR,60.4700,60.4700,60.3000,60.7800,339
2024-10-10,KOR,60.3900,60.3900,59.7300,60.3600,2381
2024-10-11,KOR,60.1900,60.3700,59.7900,60.2600,476
2024-10-14,KOR,60.3400,60.4100,60.2200,60.5300,709
2024-10-15,KOR,60.6500,60.6600,60.4400,59.9400,1510
2024-10-16,KOR,60.0600,60.6600,60.0600,60.6600,1118
2024-10-17,KOR,60.1100,60.2900,59.8700,60.1900,312
2024-10-18,KOR,59.7900,59.7900,59.5900,59.6600,396
2024-10-21,KOR,59.3700,59.4400,59.1900,59.0500,1155
2024-10-22,KOR,58.4600,58.5100,58.3500,58.5300,664
2024-10-23,KOR,59.7300,59.7300,59.1200,59.2300,176
2024-10-24,KOR,59.0700,59.1000,58.8300,58.7300,733
2024-10-25,KOR,58.4000,58.5800,58.4000,58.7000,96
2024-10-28,KOR,59.4900,59.5300,59.0800,59.2400,794
2024-10-29,KOR,59.2700,59.7800,59.1300,59.7800,2002
2024-10-30,KOR,58.8400,58.9700,58.4700,58.4300,737
2024-10-31,KOR,57.7200,57.7200,57.1500,57.2700,1626
2024-11-01,KOR,57.4300,58.0500,57.4300,58.0500,242
2024-11-04,KOR,58.5000,58.5000,58.2300,58.5000,2599
2024-11-05,KOR,57.9500,58.2500,57.9500,58.2600,373
2024-11-06,KOR,57.7100,57.7100,57.2700,57.2700,664
2024-11-07,KOR,57.8700,58.3200,57.6900,58.2200,546
2024-11-08,KOR,57.9300,58.0200,57.4500,57.4100,1609
2024-11-11,KOR,57.3400,57.3400,57.1000,57.0300,774
2024-11-12,KOR,55.6900,55.8500,55.5000,55.5900,533
2024-11-13,KOR,54.7900,55.1600,54.6200,54.8700,6915
2024-11-14,KOR,54.9000,55.1700,54.8000,55.0100,492
2024-11-15,KOR,55.7700,55.8600,55.4600,55.6700,2428
2024-11-18,KOR,56.7500,56.7800,56.5400,56.9700,3122
2024-11-19,KOR,57.1600,57.1600,56.4500,56.7500,1496
2024-11-20,KOR,56.7000,56.8400,56.7000,56.4300,623
2024-11-21,KOR,56.9000,57.5000,56.9000,57.1900,703
2024-11-22,KOR,57.7900,57.7900,57.7100,58.0000,709
2024-11-25,KOR,58.5700,58.6300,58.3400,58.3400,774
2024-11-26,KOR,58.2900,58.6500,58.2500,58.5000,1163
2024-11-27,KOR,57.9000,57.9000,57.7100,57.3400,439
2024-11-28,KOR,57.2500,57.3100,57.1400,57.2500,722
2024-11-29,KOR,56.1900,56.1900,55.9100,56.4100,328
2024-12-02,KOR,56.1200,56.3100,56.1200,56.2700,237
2024-12-03,KOR,56.8700,56.8700,52.9100,54.9700,5727
2024-12-04,KOR,55.7600,55.7600,55.1900,55.4500,2687
2024-12-05,KOR,55.1700,55.1700,54.6800,54.8400,13184
2024-12-06,KOR,54.4600,54.4900,54.1700,54.2700,263
2024-12-09,KOR,52.9900,53.2800,52.6400,53.2800,1105
2024-12-10,KOR,53.8900,53.9700,53.7000,53.7000,628
2024-12-11,KOR,54.5600,55.0300,54.4100,55.0400,4185
2024-12-12,KOR,55.4400,55.5000,55.1800,55.4000,16331
2024-12-13,KOR,55.8000,55.8000,55.2900,55.4000,50243
2024-12-16,KOR,55.1600,55.3300,55.0400,55.3300,1987
2024-12-17,KOR,54.5000,54.5000,54.1700,54.3200,376
2024-12-18,KOR,55.3100,55.3100,55.1600,55.1600,73
2024-12-19,KOR,54.3600,54.3600,53.8800,54.1700,728
2024-12-20,KOR,53.5200,53.5300,52.9900,53.5800,626
2024-12-23,KOR,53.6600,53.9900,53.6100,53.9900,70
2024-12-27,KOR,52.4700,52.5200,52.3000,52.4600,1065
2024-12-30,KOR,52.4600,52.4900,52.2200,52.4600,226
2025-01-02,KOR,53.1000,53.1700,53.0900,53.3100,89
2025-01-03,KOR,54.5400,54.5800,54.3200,54.5100,1057
2025-01-06,KOR,54.5100,54.5100,54.5100,54.5100,0
2025-01-07,KOR,55.9700,56.0900,55.8800,55.8800,1609
2025-01-08,KOR,56.2300,56.5200,56.0700,56.5200,1455
2025-01-09,KOR,56.3800,56.5600,56.3500,56.4700,276
2025-01-10,KOR,56.1900,56.1900,55.4300,55.6600,1278
2025-01-13,KOR,55.6000,55.6600,55.5200,55.5200,377
2025-01-14,KOR,56.1100,56.1100,56.0800,55.6200,88
2025-01-15,KOR,55.5800,56.7500,55.5800,56.7500,5292
2025-01-16,KOR,57.0000,57.0000,56.6900,56.6200,2533
2025-01-17,KOR,56.5100,56.5600,56.4700,56.8200,192
2025-01-20,KOR,56.4900,56.5400,56.4900,56.4400,279
2025-01-21,KOR,56.7300,56.8500,56.3800,56.5700,2170
2025-01-22,KOR,57.4600,57.4900,57.1800,57.3700,562
2025-01-23,KOR,56.3600,57.0600,56.3600,57.0600,881
2025-01-24,KOR,56.9200,56.9300,56.7600,56.7500,389
2025-01-27,KOR,55.8000,55.8000,55.0900,55.4800,6401
2025-01-28,KOR,55.3100,55.6900,55.1600,55.1200,1459
2025-01-29,KOR,55.7600,55.8400,55.6300,55.7500,4427
2025-01-30,KOR,56.0200,56.0600,55.6900,56.2600,698
2025-01-31,KOR,56.0600,56.0600,55.9100,55.8100,91
2025-02-03,KOR,54.9000,55.2300,54.6500,55.2300,113
2025-02-04,KOR,55.2000,55.8700,55.1400,55.8200,1782
2025-02-05,KOR,55.8000,56.0700,55.7500,56.0400,230
2025-02-06,KOR,56.5400,56.5700,56.3700,56.6300,250
2025-02-07,KOR,56.4700,56.5300,56.2200,55.9900,2298
2025-02-10,KOR,56.6200,57.1800,56.5500,57.1800,587
2025-02-11,KOR,56.7700,56.8400,56.5600,56.8400,441
2025-02-12,KOR,56.7400,56.8300,56.0100,56.4200,2288
2025-02-13,KOR,56.6100,57.0800,56.5900,57.1300,1906
2025-02-14,KOR,57.5400,57.5400,57.3000,57.3500,203
2025-02-17,KOR,57.8100,57.9900,57.5800,57.9900,2277
2025-02-18,KOR,58.1100,58.6900,58.1100,58.6500,8174
2025-02-19,KOR,59.7300,59.8200,59.5500,59.7000,2388
2025-02-20,KOR,59.2700,59.7600,59.2600,59.3200,1152
2025-02-21,KOR,59.3300,59.5000,59.3300,59.3400,215
2025-02-24,KOR,59.1400,59.1800,58.9700,58.9700,362
2025-02-25,KOR,58.8500,58.8500,58.0600,58.1300,341
2025-02-26,KOR,58.8000,58.8500,58.6900,58.9600,2197
2025-02-27,KOR,58.0300,58.3100,58.0300,57.9500,380
2025-02-28,KOR,55.6800,55.8300,55.6800,55.7900,48
2025-03-03,KOR,56.2600,56.5100,55.9500,56.5100,778
2025-03-04,KOR,55.1300,55.1300,54.6800,54.6400,25
2025-03-05,KOR,55.3400,55.3400,54.8000,54.7800,776
2025-03-06,KOR,54.8000,54.8000,54.4100,54.7400,176
2025-03-07,KOR,54.6400,54.8100,54.4200,54.2300,1131
2025-03-10,KOR,54.5900,54.5900,53.6000,53.9000,1840
2025-03-11,KOR,53.5900,53.8100,53.1000,53.2200,627
2025-03-12,KOR,54.6100,54.8000,54.6100,54.6300,182
2025-03-13,KOR,54.5300,54.5300,54.1200,54.3500,267
2025-03-14,KOR,54.5500,54.8500,54.5300,54.9100,105
2025-03-17,KOR,56.1600,56.6000,56.1600,56.6000,242
2025-03-18,KOR,55.8900,55.8900,55.5700,55.7600,1896
2025-03-19,KOR,56.3500,56.3500,55.8600,56.1100,63
2025-03-20,KOR,56.4300,56.4300,55.9400,55.9400,4386
2025-03-21,KOR,56.5400,56.7200,56.2600,56.4500,69
2025-03-24,KOR,56.6500,56.8500,56.6500,56.8800,16
2025-03-25,KOR,56.3900,56.6700,56.3900,56.6500,97
2025-03-26,KOR,56.9200,57.0000,56.7100,56.7200,569
2025-03-27,KOR,56.4600,56.4600,56.3200,56.2800,13
2025-03-28,KOR,55.4700,55.4700,54.3300,54.2800,275
2025-03-31,KOR,53.1000,53.1000,52.8000,53.1000,1042
2025-04-01,KOR,54.2500,54.2600,53.7500,54.3600,2868
2025-04-02,KOR,54.2100,54.2100,53.8300,53.9300,260
2025-04-03,KOR,51.8000,51.9300,51.7700,51.8800,1266
2025-04-04,KOR,52.5100,52.5100,49.8750,50.2900,316
2025-04-07,KOR,47.9950,49.4400,47.9950,49.4400,2062
2025-04-08,KOR,48.9150,49.8000,48.3900,49.7800,1551
2025-04-09,KOR,48.0400,48.0400,48.0400,47.5300,126
2025-04-10,KOR,49.9450,49.9450,49.9450,49.8300,12
2025-04-11,KOR,49.7000,50.3000,49.4900,50.3900,3278
2025-04-14,KOR,51.2300,51.3500,51.1200,51.0600,1120
2025-04-15,KOR,51.4500,51.7300,51.4500,51.7100,572
2025-04-16,KOR,50.4700,51.1000,50.4700,51.2900,1974
2025-04-17,KOR,51.5000,51.6500,51.1300,51.2500,942
2025-04-22,KOR,51.1100,51.1100,50.7900,51.0500,133
2025-04-23,KOR,52.2500,52.7800,52.2500,52.7800,19
2025-04-24,KOR,51.6000,52.1700,51.6000,52.1200,105
2025-04-25,KOR,52.2500,52.2500,52.2500,51.8600,100
2025-04-28,KOR,52.0800,52.1300,51.9800,51.9900,317
2025-04-29,KOR,52.5400,52.5400,52.2700,52.3900,51
2025-04-30,KOR,52.9100,52.9100,52.2700,52.5100,230
2025-05-02,KOR,53.9200,54.6300,53.8600,54.4200,858
2025-05-05,KOR,54.6000,54.7600,54.6000,55.0200,17
2025-05-06,KOR,54.5000,54.5000,54.3700,54.6400,1340
2025-05-07,KOR,54.1600,54.4500,54.1600,54.2200,46
2025-05-08,KOR,54.5400,54.5400,54.2700,54.5000,20
2025-05-09,KOR,54.2800,54.5200,54.2500,54.2800,68
2025-05-12,KOR,56.3300,56.3300,55.6900,55.5100,70
2025-05-13,KOR,54.8300,55.2200,54.8200,55.1500,681
2025-05-14,KOR,56.2400,56.4300,55.9500,56.4300,376
2025-05-15,KOR,55.9700,56.1600,55.8600,56.1600,101
2025-05-16,KOR,55.9000,56.1200,55.9000,56.0500,336
2025-05-19,KOR,55.5500,55.6200,54.9300,55.5800,644
2025-05-20,KOR,55.4500,55.4600,55.1100,55.2500,269
2025-05-21,KOR,55.8800,55.8800,55.8800,56.2200,6
2025-05-22,KOR,55.0000,55.0600,54.8100,55.0300,154
2025-05-23,KOR,55.2800,55.3300,54.8800,55.2300,107
2025-05-26,KOR,55.8700,55.8700,55.8700,55.9000,42
2025-05-27,KOR,55.8400,55.8400,55.8400,56.0900,16
2025-05-28,KOR,57.0900,57.2900,57.0800,57.0800,17
2025-05-29,KOR,58.1300,58.6100,57.9100,57.6400,1772
2025-05-30,KOR,57.2800,57.2800,57.0200,56.9800,2219
2025-06-02,KOR,57.0900,57.3500,57.0900,57.3500,24
2025-06-03,KOR,57.5500,57.8000,57.5500,57.9400,22
2025-06-04,KOR,59.3400,59.4300,59.0800,59.2300,2081
2025-06-05,KOR,60.2700,60.6500,60.2700,60.9000,660
2025-06-06,KOR,60.8900,61.2200,60.8900,61.0400,188
2025-06-09,KOR,61.9200,62.1200,61.6600,62.1200,2022
2025-06-10,KOR,61.2800,61.4100,61.2100,61.2700,1276
2025-06-11,KOR,61.9200,62.2500,61.9200,62.0300,3320
2025-06-12,KOR,61.8300,61.8300,61.5600,61.8800,100
2025-06-13,KOR,60.8500,61.0800,60.6900,61.0800,5093
2025-06-16,KOR,62.0300,62.6300,61.9400,62.6200,457
2025-06-17,KOR,62.0100,62.0400,61.7400,61.8900,2301
2025-06-18,KOR,62.6200,62.8700,62.3900,62.6500,7890
2025-06-19,KOR,62.3200,62.3600,62.2500,62.3000,514
2025-06-20,KOR,63.6800,64.1000,63.6800,63.0300,305
2025-06-23,KOR,62.8200,63.0100,62.7400,63.0100,411
2025-06-24,KOR,65.3900,65.9700,65.3900,65.9700,1823
2025-06-25,KOR,65.7400,65.8900,65.5200,65.5200,1386
2025-06-26,KOR,64.9200,64.9700,64.7600,64.9700,206
2025-06-27,KOR,64.1400,64.3400,64.1100,64.2800,645
2025-06-30,KOR,64.9400,64.9500,64.6300,64.5800,594
2025-07-01,KOR,64.6900,64.8100,64.2300,64.3000,4900
2025-07-02,KOR,64.3200,64.3600,64.1100,64.3700,511
2025-07-03,KOR,65.1300,65.1300,65.0700,65.5700,165
2025-07-04,KOR,63.8200,63.9400,63.7700,63.8700,183
2025-07-07,KOR,64.1100,64.2100,64.1000,64.1600,896
2025-07-08,KOR,65.0300,65.2500,65.0300,65.0400,3732
2025-07-09,KOR,64.9300,65.1700,64.9300,65.0000,668
2025-07-10,KOR,65.8300,66.1000,65.8300,66.1000,828
2025-07-11,KOR,66.1000,66.1000,65.9000,65.8700,664
2025-07-14,KOR,66.3700,66.5000,66.1500,66.1500,773
2025-07-15,KOR,66.8900,67.1800,66.7700,66.7700,300
2025-07-16,KOR,66.4100,66.4100,66.2700,66.1700,902
2025-07-17,KOR,66.5300,66.8300,66.3600,66.8300,1115
2025-07-18,KOR,66.3200,66.3200,66.3100,66.3300,90
2025-07-21,KOR,67.2500,67.2800,67.0200,67.3600,349
2025-07-22,KOR,65.8900,65.8900,65.7000,65.9200,108
2025-07-23,KOR,66.2000,66.5900,66.2000,66.5600,4353
2025-07-24,KOR,66.4400,66.4400,66.2700,66.3100,837
2025-07-25,KOR,66.1900,66.2900,66.1400,66.1400,1080
2025-07-28,KOR,66.9100,66.9600,66.8000,66.9200,1081
2025-07-29,KOR,67.8600,68.2000,67.7700,68.0300,2081
2025-07-30,KOR,68.9500,69.0200,68.7500,68.7900,603
2025-07-31,KOR,68.8400,68.8900,68.2900,68.0300,192
2025-08-01,KOR,65.4800,65.7000,65.3800,65.3800,397
2025-08-04,KOR,66.5000,66.8800,66.4700,66.6800,365
2025-08-05,KOR,67.2700,67.3500,67.0100,67.0700,1881
2025-08-06,KOR,67.0100,67.0100,66.8300,66.9200,8126
2025-08-07,KOR,67.7400,67.7800,67.4700,67.4700,8320
2025-08-08,KOR,67.2800,67.4700,67.2800,67.4700,159
2025-08-11,KOR,67.4800,67.5200,67.4500,67.5000,767
2025-08-12,KOR,67.5000,67.7000,67.3900,67.7000,2331
2025-08-13,KOR,68.4000,68.4600,68.2500,68.2900,3284
2025-08-14,KOR,67.8900,67.8900,67.5800,67.6200,217
2025-08-18,KOR,66.7200,66.7700,66.7000,66.7700,851
2025-08-19,KOR,66.2500,66.2500,65.9200,65.9200,2564
2025-08-20,KOR,65.7100,65.7100,65.3900,65.4500,5250
2025-08-21,KOR,65.6500,65.6500,65.4400,65.5800,1898
2025-08-22,KOR,66.7600,66.9600,66.7600,67.3400,468
2025-08-25,KOR,67.0000,67.1000,66.9400,67.0400,341
2025-08-26,KOR,66.3200,66.6600,66.3200,66.6600,86
2025-08-27,KOR,66.5600,66.7500,66.5400,66.6700,1640
2025-08-28,KOR,67.2600,67.2600,67.1000,67.2200,2746
2025-08-29,KOR,66.3300,66.3400,65.9800,65.9800,716
2025-09-01,KOR,65.1200,65.2900,65.0200,65.2900,1826
2025-09-02,KOR,66.2200,66.2200,65.5800,65.7500,626
2025-09-03,KOR,66.9000,67.0000,66.8900,66.7600,4086
2025-09-04,KOR,66.8800,66.8800,66.6900,66.8200,270
2025-09-05,KOR,67.0700,67.1000,66.9100,66.6800,790
2025-09-08,KOR,67.0800,67.3200,67.0800,67.3200,1652
2025-09-09,KOR,67.8500,68.2300,67.8000,68.1700,2376
2025-09-10,KOR,69.6800,69.9200,69.3800,69.8800,16291
2025-09-11,KOR,70.2400,71.3100,70.0000,71.2800,6861
2025-09-12,KOR,71.4600,71.6800,71.4100,71.5700,4227
2025-09-15,KOR,72.0600,72.0600,71.7400,72.0300,3870
2025-09-16,KOR,73.3600,73.4600,72.5800,72.5800,3311
2025-09-17,KOR,72.0500,72.3900,72.0400,72.3000,5273
2025-09-18,KOR,73.3000,73.3700,73.0100,73.2500,9021
2025-09-19,KOR,72.7900,72.9100,72.7300,72.8000,1340
2025-09-22,KOR,74.1200,74.1200,73.5800,73.7400,1070
2025-09-23,KOR,74.2400,74.3900,74.0800,74.4200,3054
2025-09-24,KOR,73.7600,74.0000,73.4000,73.4800,1341
2025-09-25,KOR,73.7700,73.9500,73.1900,73.5500,3869
2025-09-26,KOR,71.8000,72.1800,71.6600,72.0900,14614
2025-09-29,KOR,73.6100,73.6100,73.2900,73.5200,2147
2025-09-30,KOR,72.9800,73.0900,72.8500,73.0300,1134
2025-10-01,KOR,73.4800,74.8900,73.4800,74.8900,5072
2025-10-02,KOR,76.4000,76.7600,76.3400,76.5200,9796
2025-10-03,KOR,76.9900,77.1300,76.9000,77.1400,1859
2025-10-06,KOR,77.3300,78.1400,77.3300,78.0600,1973
2025-10-07,KOR,78.0200,78.3900,77.5300,77.6300,3475
2025-10-08,KOR,76.7000,78.3600,76.7000,78.3600,1893
2025-10-09,KOR,78.3400,78.4900,77.9500,78.1400,2140
2025-10-10,KOR,78.6700,78.8300,76.7400,76.5300,812
2025-10-13,KOR,77.2600,78.1300,77.2600,78.1100,2931
2025-10-14,KOR,76.8900,76.8900,76.1000,76.7700,5994
2025-10-15,KOR,78.9100,79.0200,78.8400,78.8600,1486
2025-10-16,KOR,81.2300,81.7500,80.9700,81.7000,6429
2025-10-17,KOR,80.9400,81.6000,78.0100,81.2000,18680
2025-10-20,KOR,82.8500,83.5100,82.7300,83.6600,5363
2025-10-21,KOR,82.9600,83.1600,82.5000,82.7900,1287
2025-10-22,KOR,83.9500,84.1700,83.2600,83.1600,9550
2025-10-23,KOR,82.5300,83.4300,82.3600,83.2600,8461
2025-10-27,KOR,87.4900,87.7400,86.9300,87.2400,5559
2025-10-28,KOR,86.1300,86.8000,85.7900,86.7200,1973
2025-10-29,KOR,88.3300,89.8900,88.3300,89.9500,4869
2025-10-30,KOR,89.6200,89.6300,88.8200,89.1900,9136
2025-10-31,KOR,91.0000,91.1200,90.4700,90.5400,997
2025-11-03,KOR,94.1200,94.8900,93.6000,94.3000,4029
2025-11-04,KOR,90.8700,91.2700,90.1700,90.9800,3136
2025-11-05,KOR,87.4500,90.0200,87.4500,90.0200,3254
2025-11-06,KOR,87.8200,88.3800,86.6000,86.8100,9219
2025-11-07,KOR,85.8100,85.8200,83.7400,83.8800,1842
2025-11-10,KOR,88.3500,88.5700,88.1100,88.1100,1311
2025-11-11,KOR,88.8600,88.8600,88.1100,88.3100,3932
2025-11-12,KOR,89.2200,89.4500,88.6500,88.7700,4199
2025-11-13,KOR,89.5400,89.5400,88.4200,88.0700,10669
2025-11-14,KOR,85.0800,87.5500,84.6200,87.5000,4674
2025-11-17,KOR,87.8000,87.9300,86.9900,87.5500,2150
2025-11-18,KOR,84.5300,85.1100,84.2900,85.1100,902
2025-11-19,KOR,83.6100,85.0000,83.6000,84.1500,6381
2025-11-20,KOR,86.0700,86.1200,84.5600,84.4400,4198
2025-11-21,KOR,81.4900,82.3000,80.6800,82.0800,3645
2025-11-24,KOR,81.5000,83.5400,81.3900,83.4100,1049
2025-11-25,KOR,82.8300,82.9000,82.3400,82.6400,3145
2025-11-26,KOR,84.1900,84.7100,84.1700,84.9000,1394
2025-11-27,KOR,85.6500,85.8500,85.5200,85.4900,1207
2025-11-28,KOR,84.0500,84.5000,83.7000,84.3000,1184
2025-12-01,KOR,83.6500,84.1300,83.3600,84.0800,2671
2025-12-02,KOR,85.5000,86.0200,85.3000,85.4200,906
2025-12-03,KOR,86.0100,86.0800,85.4800,85.4800,1199
2025-12-04,KOR,85.5600,85.5600,85.0500,85.2500,1353
2025-12-05,KOR,87.1900,88.0100,87.0300,87.5000,2221
2025-12-08,KOR,88.8600,89.1800,88.3900,88.5300,1958
2025-12-09,KOR,88.5600,88.7800,88.3400,88.6400,4155
2025-12-10,KOR,88.4500,88.6000,88.3000,88.4400,3802
2025-12-11,KOR,87.1200,87.5500,86.9500,87.1800,3304
2025-12-12,KOR,87.5100,87.6400,86.0000,85.8300,3224
2025-12-15,KOR,85.8600,86.5600,85.8600,86.2400,4750
2025-12-16,KOR,83.6600,84.3500,83.5600,83.9700,5445
2025-12-17,KOR,85.2700,85.9200,84.2300,84.2300,7110
2025-12-18,KOR,84.4100,86.1500,84.4100,86.0600,1227
2025-12-19,KOR,85.0700,86.2300,85.0700,86.2300,4930
2025-12-22,KOR,86.8800,86.9200,86.6400,86.6100,245
2025-12-23,KOR,86.7600,87.0900,86.4800,87.0300,838
2025-12-29,KOR,92.1500,93.0000,92.1500,92.8000,1650
2025-12-30,KOR,92.9400,93.6100,92.5500,93.5400,1011
2026-01-02,KOR,95.0100,96.7700,95.0100,96.7700,1031
2026-01-05,KOR,100.7600,101.7500,100.2700,100.7500,4389
2026-01-06,KOR,101.3800,102.2700,101.0800,102.0600,4163
2026-01-07,KOR,103.1400,103.6200,102.9300,103.2000,5975
2026-01-08,KOR,103.4000,103.8100,101.9300,102.3200,4988
2026-01-09,KOR,103.4000,104.5400,103.4000,104.6000,6720
2026-01-12,KOR,103.2200,104.1900,102.6500,104.1500,2169
2026-01-13,KOR,103.8800,104.4800,103.2400,103.9200,7625
2026-01-14,KOR,104.5300,104.9300,103.7400,104.8200,2508
2026-01-15,KOR,106.5500,108.3700,106.3300,108.2000,5507
2026-01-16,KOR,108.5600,108.5600,107.8100,107.9800,7138
2026-01-19,KOR,109.3100,109.3100,108.6700,108.8700,2331
2026-01-20,KOR,107.0900,107.0900,104.5700,107.0200,9569
2026-01-21,KOR,108.5300,111.1600,108.3200,111.2700,2552
2026-01-22,KOR,110.6700,111.1300,110.1300,110.8700,8231
2026-01-23,KOR,110.5600,111.1500,109.8600,111.0500,10309
2026-01-26,KOR,110.8800,111.2500,110.3900,111.0400,1784
2026-01-27,KOR,114.2800,114.4800,113.6200,113.9900,7323
2026-01-28,KOR,118.0300,118.0700,116.4100,116.7000,7106
2026-01-29,KOR,117.8200,117.9100,114.4800,115.0300,14624
2026-01-30,KOR,117.0400,118.9900,116.8300,117.4300,4593
2026-02-02,KOR,110.8100,114.5900,110.3600,114.1700,9649
2026-02-03,KOR,120.0600,120.5100,118.1900,118.8200,7879
2026-02-04,KOR,120.8500,120.8500,116.6400,117.2900,9966
2026-02-05,KOR,115.6600,115.6600,112.7100,114.9500,3898
2026-02-06,KOR,113.0000,116.9400,112.6900,116.8300,18954
2026-02-09,KOR,117.6200,119.0500,116.3800,119.0500,7890
2026-02-10,KOR,117.6400,118.1900,117.1000,117.6400,3024
2026-02-11,KOR,119.2300,121.2500,118.5300,120.8600,3992
2026-02-12,KOR,125.1400,126.6900,123.2400,123.6100,6865
2026-02-13,KOR,124.9900,125.3800,122.4200,125.2300,5956
2026-02-16,KOR,127.6700,128.2500,126.7500,127.2500,4032
2026-02-17,KOR,127.4400,127.5700,124.0000,125.7200,8604
2026-02-18,KOR,125.5700,127.5800,124.5100,127.3300,5975
2026-02-19,KOR,128.8000,129.4000,128.3700,128.9800,6686
2026-02-20,KOR,132.4000,134.8500,131.6000,134.5000,5947
2026-02-23,KOR,133.9500,134.5200,132.6600,133.6000,18004
2026-02-24,KOR,136.5000,138.8800,136.1500,138.8800,10991
2026-02-25,KOR,141.3100,142.8800,140.4900,141.8800,13782
2026-02-26,KOR,148.5000,148.9500,140.6400,143.6000,15318
2026-02-27,KOR,144.2700,144.8000,141.4400,143.4600,9432
2026-03-02,KOR,138.6900,140.8600,137.5900,139.2700,15585
2026-03-03,KOR,131.4900,131.8300,121.4500,127.3400,26408
2026-03-04,KOR,117.6500,130.5700,116.8400,130.5700,37682
2026-03-05,KOR,128.8900,129.5500,121.4500,122.0100,26807
2026-03-09,KOR,118.0000,124.1200,117.5000,123.9600,18205
2026-03-10,KOR,129.1000,131.0700,126.4400,130.3700,11550
2026-03-11,KOR,127.6100,129.5200,125.9500,127.4400,11723
2026-03-12,KOR,128.3400,128.3400,120.5100,122.5300,11392
2026-03-13,KOR,122.5800,126.5300,121.8500,124.4600,6360
2026-03-16,KOR,126.0700,130.5200,125.8700,127.4900,6633
2026-03-17,KOR,129.5500,132.8400,128.7200,131.8500,4764
2026-03-18,KOR,136.2300,136.4700,131.3400,131.5500,12327
2026-03-19,KOR,131.0000,131.3200,125.9400,129.6900,19109
2026-03-20,KOR,130.8500,130.8500,125.4800,125.4800,7359
2026-03-23,KOR,119.8700,130.9000,119.3700,127.2300,19742
2026-03-24,KOR,127.1600,127.1600,123.8100,125.9500,18819
2026-03-25,KOR,127.2000,127.8200,123.7600,126.1400,7429
2026-03-26,KOR,122.7600,122.7600,118.6400,118.7300,18533
2026-03-27,KOR,120.4800,120.8300,117.6900,118.3700,3327
2026-03-30,KOR,117.1100,118.7600,114.8000,115.7500,9255
2026-03-31,KOR,111.1600,114.2000,110.3400,113.7400,6584
2026-04-01,KOR,123.1000,123.8500,119.7400,123.8500,6423
2026-04-02,KOR,116.2000,120.8000,114.0000,119.5300,4715
2026-04-07,KOR,123.4000,125.0100,119.7500,121.0100,6718
2026-04-08,KOR,134.1100,136.1500,132.1900,133.5000,15903
2026-04-09,KOR,131.4500,132.2400,130.0300,131.8500,3477
2026-04-10,KOR,132.0600,133.7700,132.0600,133.2500,3771
2026-04-13,KOR,131.1700,132.3000,130.1400,131.6900,3258
2026-04-14,KOR,135.3500,137.5100,134.9600,137.1300,4306
2026-04-15,KOR,137.9700,138.4000,136.8500,138.1600,4689
2026-04-16,KOR,140.7900,141.5500,139.5800,141.3800,3590
2026-04-17,KOR,139.9700,147.3700,139.6400,146.3400,7873
2026-04-20,KOR,142.0300,144.0800,141.0100,143.4900,6259
2026-04-21,KOR,145.7700,146.7100,143.1500,143.6800,9004
2026-04-22,KOR,145.9000,147.9100,144.7700,147.8900,5190
2026-04-23,KOR,147.8000,148.9500,146.3800,148.9100,6857
2026-04-24,KOR,146.2300,148.7800,146.1700,148.5000,5442
2026-04-27,KOR,150.8700,151.6100,150.0400,150.4900,7139
2026-04-28,KOR,151.5600,151.9500,147.2100,147.5500,6819
2026-04-29,KOR,152.2500,152.5300,149.5800,149.5800,4214
2026-04-30,KOR,150.9100,152.4500,150.3800,151.4500,3152
2026-05-04,KOR,158.5000,161.3900,156.5500,158.7600,12817
2026-05-05,KOR,159.2800,167.1500,158.7700,166.8800,12032
2026-05-06,KOR,172.8300,177.2400,170.8800,174.7300,17400
2026-05-07,KOR,176.3200,177.5300,171.9300,173.4300,13560
2026-05-08,KOR,173.9500,180.2400,173.1600,180.1600,7651
2026-05-11,KOR,181.4700,184.5600,180.4400,184.5100,14299
2026-05-12,KOR,174.9900,176.5900,168.5400,168.5400,23087
2026-05-13,KOR,179.7400,180.8000,175.9900,179.5900,20561
2026-05-14,KOR,182.9400,183.0000,180.1000,182.9900,8364
2026-05-15,KOR,175.5300,175.5300,170.0000,174.0200,13862
2026-05-18,KOR,172.4400,176.3100,170.0500,170.6300,16643
2026-05-19,KOR,166.5600,167.3200,162.0000,165.8800,12809
2026-05-20,KOR,165.8800,172.9000,165.3400,172.1200,5581
2026-05-21,KOR,178.5900,179.7900,176.1700,177.1600,9677
2026-05-22,KOR,179.3500,180.0100,178.0000,179.3700,7000
2026-05-25,KOR,181.5200,181.8500,178.4400,181.7600,26845
2026-05-26,KOR,185.4900,191.5400,184.1000,190.1400,17639
2026-05-27,KOR,190.1400,194.3900,186.5200,186.9100,29055
2026-05-28,KOR,187.3000,193.4100,186.2800,193.4100,18008
2026-05-29,KOR,194.7000,197.6800,194.2900,195.6800,21584
2026-06-01,KOR,204.8500,206.0900,201.1900,205.3600,13743
2026-06-02,KOR,203.0200,206.3700,201.9000,206.0000,10728
2026-06-03,KOR,205.8900,207.2300,201.8200,204.5900,10464
2026-06-04,KOR,198.0500,198.0500,189.0000,194.3500,24664
2026-06-05,KOR,185.7000,187.9400,179.9200,179.9200,30843
2026-06-08,KOR,172.3900,181.7100,172.0000,179.8600,26079
2026-06-09,KOR,187.5100,189.0000,176.2100,176.2100,31491
2026-06-10,KOR,177.8000,180.7600,170.9900,175.6200,32478
2026-06-11,KOR,177.2100,182.3800,176.5800,181.9500,25501
2026-06-12,KOR,185.9500,192.6700,185.5200,192.0700,28812
2026-06-15,KOR,198.0000,202.0000,197.3300,202.0000,15320
2026-06-16,KOR,202.1600,205.5900,199.0500,199.5300,37835
2026-06-17,KOR,203.8600,204.3900,200.6200,203.2800,6113
2026-06-18,KOR,207.8600,214.0400,207.0100,213.0600,9516
2026-06-19,KOR,210.1100,210.1100,207.9800,208.5400,7651
2026-06-22,KOR,208.7400,214.7900,208.3500,211.6600,4917
2026-06-23,KOR,188.7500,195.9300,188.2500,191.8600,36506
2026-06-24,KOR,194.8100,197.5000,191.9000,193.2800,14219
2026-06-25,KOR,203.7200,205.9300,196.3400,199.6400,15665
2026-06-26,KOR,194.4600,195.2100,188.5000,194.3500,24760
2026-06-29,KOR,192.1500,193.0000,184.0900,188.0500,11622
2026-06-30,KOR,192.5900,196.3300,191.5700,196.1500,11571
2026-07-01,KOR,188.5700,190.0800,184.5000,186.4300,13331
2026-07-02,KOR,177.9700,183.8900,175.2800,176.7300,52731
2026-07-03,KOR,187.0600,188.7000,186.6400,188.6000,6967
2026-07-06,KOR,186.6600,188.2000,185.5800,187.2200,14704
2026-07-07,KOR,179.6700,180.0000,173.3600,173.6100,14595
2026-07-08,KOR,171.4200,173.7900,164.0100,171.2400,27677
2026-07-09,KOR,170.7700,179.3000,170.7700,179.3000,12026
2026-07-10,KOR,177.3100,179.4900,174.8300,179.2200,17849
2026-07-13,KOR,162.4200,168.3100,162.4200,167.8500,32480
2026-07-14,KOR,163.9300,171.5300,163.6600,171.0200,46267
2026-07-15,KOR,173.6900,173.6900,164.0000,165.3100,28009
2026-07-16,KOR,164.0000,164.0000,159.6000,161.9100,18607
2026-07-17,KOR,154.4900,159.5600,150.1300,159.1500,23959
2026-07-20,KOR,157.0000,162.5700,156.7000,160.9100,20220
2026-07-21,KOR,164.4100,168.9800,163.5800,168.6900,13303
2026-07-22,KOR,165.7900,168.6900,162.8600,168.2300,21643
2026-07-23,KOR,172.8700,173.6100,167.4000,167.4000,25524
2026-07-24,KOR,164.7300,167.2500,160.3200,163.2700,11510
2026-07-27,KOR,164.8100,164.9500,154.1700,155.2500,14616
2026-07-28,KOR,149.2100,150.3800,145.1400,150.3800,29016
2026-07-29,KOR,142.7500,146.3500,141.0800,142.2600,24020
2026-07-30,KOR,139.7600,152.3100,138.5200,151.2700,40598
2026-07-31,KOR,161.9700,162.6600,152.6000,153.2500,21946
2026-08-03,KOR,156.8700,157.0900,147.8100,152.5700,27012
2026-08-04,KOR,158.8700,165.1600,156.8800,165.1600,11790
2026-08-05,KOR,165.5700,166.4300,162.5600,165.5200,12184
2026-08-06,KOR,158.7800,163.1600,156.1300,162.0300,17656
2026-08-07,KOR,159.4500,164.5500,158.0000,160.3800,10495
2026-08-10,KOR,160.3800,160.6600,157.7700,158.7800,5855
2026-08-11,KOR,160.3700,164.6500,160.3700,163.5100,2636
2026-08-12,KOR,167.2300,171.7800,166.8800,170.9700,4326
2026-08-13,KOR,172.0200,176.7100,170.1800,175.9800,15033
2026-08-14,KOR,176.2800,178.5500,175.3300,175.6500,5054
2026-08-17,KOR,179.7600,184.9900,178.7300,184.1500,5668
2026-08-18,KOR,173.6800,173.9000,166.3200,167.0700,16809
2026-08-19,KOR,168.2900,171.8900,167.0100,168.0700,21135
2026-08-20,KOR,172.9000,173.0000,168.2200,171.6300,11675
2026-08-21,KOR,175.9800,175.9800,171.7300,172.7000,19373
2026-08-24,KOR,170.1100,171.9100,165.4200,167.5200,10794
2026-08-25,KOR,171.5100,173.5000,171.0000,173.1200,13033
2026-08-26,KOR,172.8200,174.0700,172.3300,173.5600,6313
2026-08-27,KOR,175.8000,177.1800,173.6000,175.1100,5057
2026-08-28,KOR,175.1500,177.2000,174.1800,176.6700,1396
2026-08-31,KOR,176.8400,177.0100,174.0700,174.3800,5111
2026-09-01,KOR,175.6700,176.3700,171.9600,172.9900,8960
2026-09-02,KOR,169.9300,172.6400,168.7300,172.4100,11689
2026-09-03,KOR,170.7500,173.0300,169.7300,173.0300,3237
2026-09-04,KOR,174.2400,179.5500,174.0500,179.5500,13035
2026-09-07,KOR,184.0600,184.8600,183.4400,184.7300,1969
2026-09-08,KOR,183.9300,186.0600,181.7400,186.0600,2671
2024-09-09,NRJC,12.5740,12.6160,12.5080,12.5220,305
2024-09-10,NRJC,12.4880,12.4880,12.4880,12.4540,61
2024-09-11,NRJC,12.6660,12.7720,12.6660,12.7840,12
2024-09-12,NRJC,13.1120,13.1120,12.8820,12.9500,1755
2024-09-13,NRJC,12.9680,13.1160,12.9680,13.0840,390
2024-09-16,NRJC,13.0980,13.1480,13.0700,13.1480,436
2024-09-17,NRJC,13.2060,13.3180,13.1180,13.3180,3068
2024-09-18,NRJC,13.3180,13.3180,13.3180,13.3180,0
2024-09-19,NRJC,13.5100,13.5100,13.3440,13.3080,75
2024-09-20,NRJC,13.2380,13.2380,13.2380,13.1660,10
2024-09-23,NRJC,13.2340,13.4020,13.2340,13.3600,3112
2024-09-24,NRJC,13.5280,13.5280,13.5280,13.5080,87
2024-09-25,NRJC,13.4940,13.4940,13.4940,13.4320,555
2024-09-26,NRJC,13.6720,13.6740,13.6720,13.5800,744
2024-09-27,NRJC,13.6060,13.6060,13.6060,13.7100,15
2024-09-30,NRJC,13.8480,13.8480,13.7000,13.6360,2147
2024-10-01,NRJC,13.6740,13.7000,13.6660,13.6520,226
2024-10-02,NRJC,13.7320,13.7320,13.6460,13.6460,153
2024-10-03,NRJC,13.6460,13.6460,13.6460,13.6460,0
2024-10-04,NRJC,13.5460,13.5460,13.5460,13.5680,2000
2024-10-07,NRJC,13.6380,13.8020,13.6380,13.8020,2864
2024-10-08,NRJC,13.6480,13.6480,13.6480,13.6240,6
2024-10-09,NRJC,13.5480,13.7200,13.5480,13.7200,1309
2024-10-10,NRJC,13.6200,13.6200,13.6200,13.4120,200
2024-10-11,NRJC,13.3740,13.3780,13.2980,13.4880,482
2024-10-14,NRJC,13.5060,13.5080,13.5060,13.5040,80
2024-10-15,NRJC,13.4500,13.4500,13.3780,13.3780,1133
2024-10-16,NRJC,13.2200,13.2200,13.2200,13.3500,80
2024-10-17,NRJC,13.3800,13.5340,13.3720,13.3720,2376
2024-10-18,NRJC,13.3820,13.3820,13.3800,13.3800,8
2024-10-21,NRJC,13.3800,13.3800,13.3800,13.3100,40
2024-10-22,NRJC,13.4580,13.4580,13.4580,13.4580,179
2024-10-23,NRJC,13.2740,13.2740,13.2740,13.2160,8
2024-10-24,NRJC,13.2880,13.2880,13.2880,13.2780,7
2024-10-25,NRJC,13.3080,13.4480,13.3080,13.3980,111
2024-10-28,NRJC,13.4340,13.5040,13.4340,13.5300,36
2024-10-29,NRJC,13.3480,13.3960,13.3480,13.3440,507
2024-10-30,NRJC,13.2180,13.2180,13.1800,13.1960,1200
2024-10-31,NRJC,13.0740,13.0800,13.0740,13.1440,392
2024-11-01,NRJC,13.1640,13.3660,13.1460,13.3660,303
2024-11-04,NRJC,13.2220,13.2220,13.2220,13.4300,5
2024-11-05,NRJC,13.3100,13.3100,13.2920,13.3020,30
2024-11-06,NRJC,13.0200,13.0200,12.6960,12.7380,148
2024-11-07,NRJC,12.8000,12.9540,12.7880,12.9180,1391
2024-11-08,NRJC,12.7840,12.8500,12.7840,12.7980,204
2024-11-11,NRJC,12.8440,13.0760,12.8440,13.0440,1133
2024-11-12,NRJC,12.8520,13.0720,12.8520,12.7700,245
2024-11-13,NRJC,12.9280,12.9280,12.9280,13.0100,1
2024-11-14,NRJC,13.0000,13.0000,12.9620,13.0180,403
2024-11-15,NRJC,13.1000,13.1980,13.0400,13.1980,317
2024-11-18,NRJC,13.1780,13.1820,13.0580,13.1820,2524
2024-11-19,NRJC,13.0720,13.0880,13.0720,13.0880,236
2024-11-20,NRJC,13.0760,13.2000,13.0760,13.2000,97
2024-11-21,NRJC,13.2000,13.2000,13.2000,13.2600,2
2024-11-22,NRJC,13.3000,13.3500,13.3000,13.3980,967
2024-11-25,NRJC,13.3880,13.4240,13.3880,13.4460,253
2024-11-26,NRJC,13.4120,13.4420,13.4120,13.4420,9
2024-11-27,NRJC,13.4420,13.4420,13.4420,13.4420,0
2024-11-28,NRJC,13.4420,13.4420,13.4420,13.4420,0
2024-11-29,NRJC,13.3640,13.4280,13.3640,13.4280,2448
2024-12-02,NRJC,13.4780,13.5320,13.4380,13.5320,2183
2024-12-03,NRJC,13.5040,13.5040,13.4020,13.4240,241
2024-12-04,NRJC,13.3740,13.3740,13.3120,13.2360,151
2024-12-05,NRJC,13.2000,13.2000,13.2000,13.2000,12
2024-12-06,NRJC,13.2660,13.2660,13.1800,13.1800,2265
2024-12-09,NRJC,13.1800,13.1800,13.1800,13.1800,0
2024-12-10,NRJC,13.1800,13.1800,13.1800,13.1800,0
2024-12-11,NRJC,12.9080,13.1000,12.9080,13.0760,1090
2024-12-12,NRJC,13.0460,13.0460,13.0460,12.9940,283
2024-12-13,NRJC,12.9240,12.9740,12.8680,12.9140,1330
2024-12-16,NRJC,12.9160,13.0000,12.9160,13.0000,3405
2024-12-17,NRJC,12.7820,12.8500,12.7820,12.8500,639
2024-12-18,NRJC,12.9140,12.9140,12.9140,12.8780,10
2024-12-19,NRJC,12.5660,12.8320,12.5640,12.8320,1199
2024-12-20,NRJC,12.6880,12.6880,12.6880,12.6880,272
2024-12-23,NRJC,12.7500,12.8560,12.7500,12.8560,130
2024-12-27,NRJC,12.7320,12.7800,12.6620,12.7240,931
2024-12-30,NRJC,12.6500,12.6600,12.6400,12.6600,2258
2025-01-02,NRJC,12.7180,12.9600,12.7180,12.9600,1079
2025-01-03,NRJC,13.1240,13.1240,13.1240,13.0800,380
2025-01-06,NRJC,13.1660,13.1800,13.1000,13.1000,372
2025-01-07,NRJC,13.2160,13.2900,13.2160,13.2660,14
2025-01-08,NRJC,13.2280,13.2280,12.9720,12.9720,865
2025-01-09,NRJC,12.9460,12.9460,12.9460,12.9960,10
2025-01-10,NRJC,12.9200,12.9200,12.7560,12.7560,1979
2025-01-13,NRJC,12.5500,12.5760,12.4300,12.3820,502
2025-01-14,NRJC,12.5020,12.5700,12.5020,12.5540,95
2025-01-15,NRJC,12.6180,12.9320,12.6180,12.9320,370
2025-01-16,NRJC,12.8480,12.9620,12.7760,12.9620,2535
2025-01-17,NRJC,12.9320,12.9900,12.9320,13.0100,4722
2025-01-20,NRJC,12.9080,12.9800,12.8120,12.8120,1076
2025-01-21,NRJC,12.8520,12.8980,12.8500,12.8360,929
2025-01-22,NRJC,13.0180,13.0180,12.9900,12.8540,366
2025-01-23,NRJC,12.8540,12.8540,12.8540,12.8540,0
2025-01-24,NRJC,12.8540,12.8540,12.8540,12.8540,0
2025-01-27,NRJC,12.7360,12.7360,12.1100,12.0920,735
2025-01-28,NRJC,12.2740,12.3140,12.2040,12.2040,320
2025-01-29,NRJC,12.2520,12.3620,12.2160,12.3440,11943
2025-01-30,NRJC,12.5660,12.5660,12.4520,12.5340,614
2025-01-31,NRJC,12.6500,12.6500,12.5760,12.5920,14907
2025-02-03,NRJC,12.3960,12.4320,12.3000,12.4320,2528
2025-02-04,NRJC,12.2680,12.3300,12.2000,12.2000,458
2025-02-05,NRJC,12.3580,12.3580,12.3580,12.3620,10
2025-02-06,NRJC,12.5060,12.5060,12.3640,12.4680,234
2025-02-07,NRJC,12.3980,12.5700,12.3980,12.5700,811
2025-02-10,NRJC,12.4720,12.5300,12.4720,12.5300,196
2025-02-11,NRJC,12.4820,12.4820,12.4140,12.3960,108
2025-02-12,NRJC,12.3960,12.3960,12.3960,12.3500,110
2025-02-13,NRJC,12.4380,12.5100,12.4380,12.4360,339
2025-02-14,NRJC,12.3840,12.4000,12.3480,12.3480,1176
2025-02-17,NRJC,12.4020,12.5020,12.4020,12.5020,436
2025-02-18,NRJC,12.4760,12.5000,12.4760,12.5260,121
2025-02-19,NRJC,12.5260,12.5260,12.5260,12.5260,0
2025-02-20,NRJC,12.6560,12.6560,12.6020,12.5440,500
2025-02-21,NRJC,12.6380,12.6600,12.5860,12.4520,1688
2025-02-24,NRJC,12.3780,12.3780,12.3780,12.2700,1
2025-02-25,NRJC,12.2000,12.2000,12.0240,12.1220,237
2025-02-26,NRJC,12.1220,12.1220,12.1220,12.1220,0
2025-02-27,NRJC,12.4000,12.4000,12.4000,12.2920,412
2025-02-28,NRJC,12.0580,12.0800,12.0580,12.1360,2805
2025-03-03,NRJC,12.2040,12.2040,12.1460,12.1460,318
2025-03-04,NRJC,11.9240,11.9240,11.6300,11.6300,798
2025-03-05,NRJC,11.8800,11.8960,11.8080,11.7380,695
2025-03-06,NRJC,11.7040,11.7040,11.6420,11.7200,1405
2025-03-07,NRJC,11.6400,11.6400,11.6400,11.7080,2
2025-03-10,NRJC,11.6700,11.6840,11.5180,11.5180,709
2025-03-11,NRJC,11.6720,11.6720,11.6720,11.6460,10
2025-03-12,NRJC,11.6460,11.6460,11.6460,11.6460,0
2025-03-13,NRJC,11.7960,11.7960,11.6860,11.6860,1950
2025-03-14,NRJC,11.7700,11.9680,11.7700,11.9020,537
2025-03-17,NRJC,11.9600,12.1600,11.9600,12.1600,378
2025-03-18,NRJC,11.9000,11.9000,11.9000,11.9000,3
2025-03-19,NRJC,11.9000,11.9000,11.9000,11.9000,0
2025-03-20,NRJC,12.1760,12.2460,12.1760,12.2340,229
2025-03-21,NRJC,12.2340,12.2340,12.2340,12.2340,0
2025-03-24,NRJC,12.1660,12.1660,12.1660,12.1660,249
2025-03-25,NRJC,12.1080,12.1880,12.1080,12.1220,1430
2025-03-26,NRJC,12.2360,12.2380,12.2360,12.0660,4825
2025-03-27,NRJC,11.9360,11.9940,11.9340,11.9660,4470
2025-03-28,NRJC,11.8860,11.8860,11.8000,11.8260,2184
2025-03-31,NRJC,11.7320,11.7320,11.7320,11.6480,20
2025-04-01,NRJC,11.7780,11.8720,11.7720,11.8720,432
2025-04-02,NRJC,11.7840,11.9240,11.7840,11.9240,3516
2025-04-03,NRJC,11.6480,11.6480,11.6480,11.5420,2
2025-04-04,NRJC,11.0580,11.0840,11.0580,11.0840,413
2025-04-07,NRJC,10.0460,10.8180,10.0460,10.6180,907
2025-04-08,NRJC,10.9000,10.9860,10.8520,10.8120,194
2025-04-09,NRJC,10.5640,10.5640,10.2360,10.4360,523
2025-04-10,NRJC,10.4360,10.4360,10.4360,10.4360,0
2025-04-11,NRJC,10.7320,10.8000,10.7320,10.8080,790
2025-04-14,NRJC,11.1420,11.1420,11.1420,11.1420,1401
2025-04-15,NRJC,11.3100,11.3900,11.3100,11.3900,148
2025-04-16,NRJC,11.1600,11.2820,11.1600,11.2820,48
2025-04-17,NRJC,11.3560,11.3560,11.3560,11.3460,175
2025-04-22,NRJC,11.2080,11.2080,11.1360,11.1360,693
2025-04-23,NRJC,11.5160,11.5360,11.5160,11.4880,221
2025-04-24,NRJC,11.3900,11.6020,11.3900,11.6020,122
2025-04-25,NRJC,11.6920,11.6920,11.6920,11.6820,181
2025-04-28,NRJC,11.7800,11.7800,11.7800,11.7260,13
2025-04-29,NRJC,11.7260,11.7260,11.7260,11.7260,0
2025-04-30,NRJC,11.7260,11.7260,11.7260,11.7260,0
2025-05-02,NRJC,11.8240,11.9440,11.8240,11.9440,257
2025-05-05,NRJC,11.9240,11.9240,11.8520,11.9220,117
2025-05-06,NRJC,11.9340,11.9340,11.8720,11.9700,80291
2025-05-07,NRJC,11.9700,11.9700,11.9700,11.9700,0
2025-05-08,NRJC,11.9700,11.9700,11.9700,11.9700,0
2025-05-09,NRJC,12.0720,12.1700,12.0720,12.1700,143
2025-05-12,NRJC,12.3280,12.3280,12.3280,12.4240,110
2025-05-13,NRJC,12.5480,12.6000,12.5480,12.7200,57
2025-05-14,NRJC,12.6880,12.6880,12.5940,12.6320,5991
2025-05-15,NRJC,12.6700,12.8280,12.6700,12.8280,291
2025-05-16,NRJC,12.7580,12.8040,12.7520,12.8040,2267
2025-05-19,NRJC,12.7620,12.7640,12.6320,12.7420,7048
2025-05-20,NRJC,12.7420,12.7420,12.7420,12.7420,0
2025-05-21,NRJC,12.8300,12.8300,12.8000,12.8500,10625
2025-05-22,NRJC,12.8500,12.8500,12.8500,12.8500,0
2025-05-23,NRJC,12.6780,12.7360,12.5700,12.6820,881
2025-05-26,NRJC,12.6820,12.6820,12.6820,12.6820,0
2025-05-27,NRJC,12.7380,12.8160,12.7380,12.7640,205
2025-05-28,NRJC,12.7640,12.7640,12.7640,12.7640,0
2025-05-29,NRJC,12.7500,12.7500,12.7500,12.7740,69
2025-05-30,NRJC,12.8100,12.8200,12.7480,12.7820,1082
2025-06-02,NRJC,12.6660,12.7720,12.6360,12.7720,4308
2025-06-03,NRJC,12.7460,12.8300,12.7460,12.8760,43
2025-06-04,NRJC,12.9140,12.9140,12.9140,12.9040,39
2025-06-05,NRJC,12.8600,12.8600,12.7860,12.8600,6126
2025-06-06,NRJC,12.9100,12.9120,12.9100,12.9360,1668
2025-06-09,NRJC,12.9360,12.9360,12.9360,12.9360,0
2025-06-10,NRJC,12.8120,12.8340,12.8120,12.8080,782
2025-06-11,NRJC,12.8740,12.8740,12.8740,12.8740,960
2025-06-12,NRJC,12.8660,12.8660,12.8660,12.8040,80
2025-06-13,NRJC,12.8040,12.8040,12.8040,12.8040,0
2025-06-16,NRJC,12.7040,12.9240,12.7040,12.9240,2293
2025-06-17,NRJC,12.6840,12.6840,12.6840,12.6760,2
2025-06-18,NRJC,12.7160,12.7160,12.7160,12.6420,3
2025-06-19,NRJC,12.6420,12.6420,12.6420,12.6420,0
2025-06-20,NRJC,12.5900,12.5900,12.5900,12.6320,2
2025-06-23,NRJC,12.3600,12.6140,12.3600,12.6140,897
2025-06-24,NRJC,12.6140,12.6140,12.6140,12.6140,0
2025-06-25,NRJC,12.8940,12.8940,12.8220,12.7400,360
2025-06-26,NRJC,12.7400,12.7400,12.7400,12.7400,0
2025-06-27,NRJC,12.9300,12.9300,12.9260,12.9500,173
2025-06-30,NRJC,12.9140,12.9160,12.9140,12.8840,1300
2025-07-01,NRJC,12.9300,12.9300,12.8380,12.8380,945
2025-07-02,NRJC,12.9740,12.9820,12.9200,12.9820,594
2025-07-03,NRJC,13.0000,13.1620,13.0000,13.2140,557
2025-07-04,NRJC,13.2140,13.2140,13.2140,13.2140,0
2025-07-07,NRJC,13.0800,13.0920,13.0800,13.1140,7027
2025-07-08,NRJC,13.0860,13.0860,13.0540,13.0540,235
2025-07-09,NRJC,13.0540,13.0540,13.0540,13.0540,0
2025-07-10,NRJC,13.1300,13.1640,13.1300,13.1640,17
2025-07-11,NRJC,13.1500,13.1500,13.1060,13.1060,5755
2025-07-14,NRJC,13.1060,13.1060,13.1060,13.1060,0
2025-07-15,NRJC,13.2600,13.3300,13.2600,13.3300,812
2025-07-16,NRJC,13.1720,13.1720,13.1720,13.1720,54
2025-07-17,NRJC,13.3080,13.3080,13.3080,13.4340,3
2025-07-18,NRJC,13.4340,13.4340,13.4340,13.4340,0
2025-07-21,NRJC,13.6180,13.6180,13.5520,13.5560,1054
2025-07-22,NRJC,13.5560,13.5560,13.5560,13.5560,0
2025-07-23,NRJC,13.6600,13.7760,13.6540,13.7760,1918
2025-07-24,NRJC,13.8360,13.8660,13.8360,13.8660,24
2025-07-25,NRJC,13.7880,13.7880,13.7880,13.8560,148
2025-07-28,NRJC,13.9260,14.0000,13.9160,13.8620,184
2025-07-29,NRJC,14.0000,14.0000,13.9460,13.9320,474
2025-07-30,NRJC,13.9320,13.9320,13.9320,14.0160,110
2025-07-31,NRJC,14.1000,14.1000,13.9580,13.9620,1996
2025-08-01,NRJC,13.8840,13.8840,13.6140,13.7360,324
2025-08-04,NRJC,13.7500,13.9420,13.7500,13.8960,169
2025-08-05,NRJC,13.9900,13.9920,13.9700,13.9700,1088
2025-08-06,NRJC,13.9100,13.9100,13.9100,13.8920,1546
2025-08-07,NRJC,14.0300,14.0300,13.9580,13.8940,80
2025-08-08,NRJC,13.9300,13.9300,13.8880,13.8920,658
2025-08-11,NRJC,13.9060,14.1380,13.8940,14.1380,830
2025-08-12,NRJC,13.8380,13.8380,13.8380,13.8380,253
2025-08-13,NRJC,14.0280,14.0700,13.8900,13.9100,2011
2025-08-14,NRJC,13.9100,13.9720,13.8800,13.9180,12017
2025-08-18,NRJC,14.1280,14.2760,14.1280,14.2760,615
2025-08-19,NRJC,14.2260,14.2460,14.1500,14.2460,634
2025-08-20,NRJC,14.1760,14.1760,14.1320,14.0720,2071
2025-08-21,NRJC,14.0880,14.1480,14.0660,14.0860,1093
2025-08-22,NRJC,14.0260,14.2600,14.0260,14.2600,2035
2025-08-25,NRJC,14.1840,14.1840,14.1480,14.0920,336
2025-08-26,NRJC,14.1920,14.1940,14.1920,14.1620,109
2025-08-27,NRJC,14.2220,14.2220,14.1340,14.1220,5154
2025-08-28,NRJC,14.0900,14.3000,14.0900,14.3000,467
2025-08-29,NRJC,14.1080,14.1080,14.0360,14.0160,269
2025-09-01,NRJC,13.9520,13.9900,13.9320,13.9900,1999
2025-09-02,NRJC,13.9520,13.9520,13.6760,13.6760,1669
2025-09-03,NRJC,13.8500,13.8500,13.7980,13.8260,403
2025-09-04,NRJC,13.8260,13.8260,13.8260,13.9160,21
2025-09-05,NRJC,13.9000,13.9000,13.9000,13.8640,650
2025-09-08,NRJC,14.0120,14.0300,14.0040,14.0040,2003
2025-09-09,NRJC,13.8880,13.9900,13.8880,13.9900,1409
2025-09-10,NRJC,14.0000,14.1600,14.0000,14.1400,1932
2025-09-11,NRJC,14.2240,14.2240,14.0140,14.0140,466
2025-09-12,NRJC,14.2060,14.2060,14.1520,14.1520,870
2025-09-15,NRJC,14.2700,14.3460,14.2700,14.3460,680
2025-09-16,NRJC,14.2680,14.3400,14.2580,14.3400,1146
2025-09-17,NRJC,14.3400,14.3400,14.3400,14.3400,0
2025-09-18,NRJC,14.3560,14.3560,14.1280,14.1280,848
2025-09-19,NRJC,14.3000,14.3160,14.3000,14.3100,350
2025-09-22,NRJC,14.3760,14.4900,14.3760,14.4900,476
2025-09-23,NRJC,14.4900,14.4900,14.4900,14.4900,0
2025-09-24,NRJC,14.5360,14.7940,14.5360,14.7940,9647
2025-09-25,NRJC,14.6440,14.6440,14.4540,14.5700,1426
2025-09-26,NRJC,14.5700,14.5700,14.5700,14.5700,0
2025-09-29,NRJC,14.7820,14.7900,14.7560,14.7420,957
2025-09-30,NRJC,14.7780,14.7900,14.7780,14.7340,37
2025-10-01,NRJC,14.7940,15.1500,14.7940,15.1500,766
2025-10-02,NRJC,15.3020,15.3220,15.3000,15.2680,299
2025-10-03,NRJC,15.2520,15.3780,15.2520,15.3840,2274
2025-10-06,NRJC,15.3820,15.5000,15.3500,15.4680,1446
2025-10-07,NRJC,15.4960,15.6360,15.4120,15.6360,544
2025-10-08,NRJC,15.6040,15.6620,15.6040,15.6660,667
2025-10-09,NRJC,15.7760,15.9040,15.7520,15.9040,859
2025-10-10,NRJC,15.7800,15.7800,15.6580,15.6680,1218
2025-10-13,NRJC,15.5720,15.5720,15.4920,15.8080,4020
2025-10-14,NRJC,15.6260,15.8020,15.6260,15.8020,5853
2025-10-15,NRJC,15.9360,16.2240,15.9360,16.2240,1669
2025-10-16,NRJC,16.0360,16.0400,15.9680,15.9680,2591
2025-10-17,NRJC,15.8640,15.8640,15.8640,15.7420,1
2025-10-20,NRJC,15.8800,16.0000,15.8800,15.9760,3084
2025-10-21,NRJC,15.9260,15.9260,15.8700,15.8700,1329
2025-10-22,NRJC,15.9360,15.9600,15.7240,15.7240,937
2025-10-23,NRJC,15.8460,16.0000,15.8460,16.0000,671
2025-10-24,NRJC,16.2109,16.2109,16.2109,16.2109,0
2025-10-27,NRJC,16.3380,16.4280,16.2680,16.2300,7870
2025-10-28,NRJC,16.2680,16.5340,16.2680,16.5340,256
2025-10-29,NRJC,16.3120,16.3120,16.3120,16.3120,229
2025-10-30,NRJC,16.6060,16.6060,16.3840,16.4800,1149
2025-10-31,NRJC,16.5060,16.5580,16.3860,16.4500,2159
2025-11-03,NRJC,16.6020,16.7600,16.6020,16.6140,2828
2025-11-04,NRJC,16.4540,16.4900,16.4160,16.5180,804
2025-11-05,NRJC,16.7040,16.7240,16.7040,16.7240,1026
2025-11-06,NRJC,16.6180,16.6180,16.4600,16.4600,5621
2025-11-07,NRJC,16.3960,16.3960,16.0620,16.0800,5818
2025-11-10,NRJC,16.5360,16.5360,16.5100,16.5100,1363
2025-11-11,NRJC,16.5700,16.5700,16.5100,16.4100,764
2025-11-12,NRJC,16.5100,16.5200,16.2820,16.2820,568
2025-11-13,NRJC,16.6180,16.6180,16.6100,16.1980,650
2025-11-14,NRJC,16.1340,16.6240,16.0240,16.6240,1570
2025-11-17,NRJC,16.4280,16.5100,16.3720,16.4340,414
2025-11-18,NRJC,16.1980,16.1980,16.0300,16.0840,382
2025-11-19,NRJC,16.0400,16.2160,16.0400,16.1820,3600
2025-11-20,NRJC,16.3060,16.3820,16.3060,16.2680,1111
2025-11-21,NRJC,15.7100,15.8780,15.5500,15.6000,1489
2025-11-24,NRJC,15.6760,15.9140,15.6760,15.9140,723
2025-11-25,NRJC,15.9140,15.9140,15.7800,15.7800,940
2025-11-26,NRJC,15.8940,16.1480,15.8940,16.1800,115
2025-11-27,NRJC,16.3260,16.3320,16.2700,16.3320,3927
2025-11-28,NRJC,16.4080,16.4200,16.3060,16.3060,1177
2025-12-01,NRJC,16.3860,16.3860,16.2360,16.2500,1255
2025-12-02,NRJC,16.2640,16.4820,16.2400,16.4820,745
2025-12-03,NRJC,16.2880,16.2880,16.1800,16.1780,4437
2025-12-04,NRJC,16.5340,16.5340,16.5340,16.5340,936
2025-12-05,NRJC,16.5000,16.5180,16.5000,16.4900,518
2025-12-08,NRJC,16.6000,16.6000,16.3720,16.4640,1098
2025-12-09,NRJC,16.4340,16.4340,16.3100,16.4080,3317
2025-12-10,NRJC,16.4940,16.6060,16.4940,16.5620,902
2025-12-11,NRJC,16.5620,16.5620,16.4940,16.5300,1245
2025-12-12,NRJC,16.6220,16.6600,16.3400,16.3280,721
2025-12-15,NRJC,16.4700,16.4980,16.3700,16.4980,3108
2025-12-16,NRJC,16.2920,16.2940,16.2340,16.1940,271
2025-12-17,NRJC,16.4220,16.4220,16.1800,16.2820,713
2025-12-18,NRJC,16.0000,16.2020,15.9260,16.1780,3408
2025-12-19,NRJC,16.2640,16.4020,16.1660,16.1660,24728
2025-12-22,NRJC,16.4560,16.5900,16.4300,16.5900,1631
2025-12-23,NRJC,16.5540,16.5540,16.5540,16.5540,210
2025-12-29,NRJC,16.4280,16.4700,16.3520,16.4700,2393
2025-12-30,NRJC,16.4260,16.4880,16.3980,16.4480,1097
2026-01-02,NRJC,16.4300,16.7220,16.4300,16.7220,517
2026-01-05,NRJC,16.7900,17.0720,16.7900,17.0640,5428
2026-01-06,NRJC,16.9600,17.2480,16.9600,17.2480,1875
2026-01-07,NRJC,17.1360,17.3000,17.0900,17.3000,4033
2026-01-08,NRJC,16.9120,16.9260,16.8320,16.8460,2617
2026-01-09,NRJC,16.8940,17.0500,16.8900,16.9840,7473
2026-01-12,NRJC,16.9840,17.1200,16.9320,17.1140,8380
2026-01-13,NRJC,17.1840,17.3700,17.1840,17.3700,872
2026-01-14,NRJC,17.3160,17.3240,17.2480,17.2460,700
2026-01-15,NRJC,17.3600,17.5020,17.3600,17.5020,19842
2026-01-16,NRJC,17.4380,17.7000,17.4380,17.7000,203
2026-01-19,NRJC,17.5460,17.5460,17.2380,17.2380,3191
2026-01-20,NRJC,17.1900,17.4000,17.0280,17.4000,5658
2026-01-21,NRJC,17.4440,17.5000,17.3880,17.5000,1063
2026-01-22,NRJC,17.6480,17.7240,17.6020,17.6420,2921
2026-01-23,NRJC,17.6840,17.8780,17.6660,17.8780,1408
2026-01-26,NRJC,17.6840,17.8380,17.6740,17.7840,3620
2026-01-27,NRJC,17.7680,17.9000,17.7220,17.9000,3748
2026-01-28,NRJC,17.9000,18.0540,17.9000,18.0100,2928
2026-01-29,NRJC,18.1940,18.2540,18.1780,17.8760,406
2026-01-30,NRJC,17.8560,18.0580,17.8220,18.0580,1824
2026-02-02,NRJC,17.6020,17.9360,17.6020,17.9780,196
2026-02-03,NRJC,18.1980,18.4660,18.1980,18.4660,3079
2026-02-04,NRJC,18.5420,18.6680,18.2620,18.3020,1356
2026-02-05,NRJC,18.2300,18.2300,17.9100,18.1600,5060
2026-02-06,NRJC,18.0080,18.3400,18.0080,18.3400,1004
2026-02-09,NRJC,18.3240,18.6840,18.2300,18.6840,6001
2026-02-10,NRJC,18.4220,18.6880,18.4220,18.6880,1527
2026-02-11,NRJC,18.6300,18.8440,18.6040,18.8280,2806
2026-02-12,NRJC,18.9940,19.0660,18.9020,18.9440,3190
2026-02-13,NRJC,18.7200,18.9160,18.6000,18.9160,7845
2026-02-16,NRJC,19.0020,19.0180,18.9400,18.9940,2317
2026-02-17,NRJC,19.1100,19.1580,18.8720,19.1580,2109
2026-02-18,NRJC,19.2020,19.3400,19.2020,19.2960,1470
2026-02-19,NRJC,19.3220,19.3320,19.1800,19.2940,1113
2026-02-20,NRJC,19.3140,19.5000,19.2520,19.5000,5743
2026-02-23,NRJC,19.3000,19.4800,19.2180,19.4280,10913
2026-02-24,NRJC,19.6540,19.9900,19.6540,19.9900,14308
2026-02-25,NRJC,20.0250,20.3700,20.0250,20.3700,1728
2026-02-26,NRJC,20.1250,20.1500,19.7100,19.9880,4145
2026-02-27,NRJC,20.0450,20.1000,19.8900,20.0550,3149
2026-03-02,NRJC,19.7560,19.9820,19.6320,19.9820,7381
2026-03-03,NRJC,19.4340,19.4340,18.8300,19.2440,12793
2026-03-04,NRJC,18.9460,19.4740,18.9460,19.3760,2078
2026-03-05,NRJC,19.3540,19.4320,18.7260,18.7260,4946
2026-03-06,NRJC,19.0220,19.0220,18.6280,18.7520,3223
2026-03-09,NRJC,18.2460,18.7040,18.2460,18.7040,1494
2026-03-10,NRJC,19.1100,19.2880,18.9940,19.2880,4469
2026-03-11,NRJC,19.2380,19.4300,19.1420,19.3220,618
2026-03-12,NRJC,19.1240,19.2560,19.0880,19.2540,1419
2026-03-13,NRJC,19.0720,19.4060,19.0280,19.1020,1193
2026-03-16,NRJC,19.0640,19.3560,19.0640,19.2480,1041
2026-03-17,NRJC,19.1760,19.4040,19.1760,19.3900,2991
2026-03-18,NRJC,19.5320,19.5940,19.3220,19.4000,24152
2026-03-19,NRJC,18.9960,19.1300,18.7220,19.1300,2477
2026-03-20,NRJC,19.2260,19.2260,18.7560,18.9080,3131
2026-03-23,NRJC,18.3380,19.1440,17.8960,18.7920,3134
2026-03-24,NRJC,18.6940,18.9580,18.5520,18.9580,5991
2026-03-25,NRJC,19.2980,19.4600,19.2980,19.4600,759
2026-03-26,NRJC,19.3060,19.3060,19.0480,19.0480,4474
2026-03-27,NRJC,18.9080,18.9080,18.7340,18.7760,1144
2026-03-30,NRJC,18.9980,19.0040,18.7760,18.9080,3103
2026-03-31,NRJC,18.7600,18.9820,18.6400,18.8600,2244
2026-04-01,NRJC,19.7460,19.7460,19.2300,19.4480,2916
2026-04-02,NRJC,19.0400,19.3700,19.0160,19.3560,3065
2026-04-07,NRJC,19.3780,19.4320,19.1360,19.2520,1275
2026-04-08,NRJC,20.0250,20.1300,19.9360,20.0300,11468
2026-04-09,NRJC,20.0250,20.3950,20.0250,20.3950,618
2026-04-10,NRJC,20.3000,20.4950,20.2650,20.4950,6255
2026-04-13,NRJC,20.3350,20.4350,20.2450,20.3300,5966
2026-04-14,NRJC,20.4500,20.7250,20.4500,20.7250,14715
2026-04-15,NRJC,20.6150,20.6550,20.5950,20.6100,2437
2026-04-16,NRJC,20.7200,20.7250,20.5750,20.5650,4680
2026-04-17,NRJC,20.5650,20.7200,20.5200,20.7200,2261
2026-04-20,NRJC,20.6800,20.8200,20.6200,20.8200,1230
2026-04-21,NRJC,20.9600,21.0050,20.8200,20.8950,3011
2026-04-22,NRJC,21.1250,21.5650,20.9800,21.4750,2300
2026-04-23,NRJC,21.3350,21.7300,21.2900,21.7300,14969
2026-04-24,NRJC,21.8450,21.9000,21.5900,21.7150,4968
2026-04-27,NRJC,21.7000,21.7250,21.4300,21.4500,3832
2026-04-28,NRJC,21.5750,21.6050,21.2000,21.2650,3337
2026-04-29,NRJC,21.5000,21.7300,21.4800,21.5000,7888
2026-04-30,NRJC,21.5650,21.8750,21.5650,21.8750,1433
2026-05-04,NRJC,21.9700,22.0250,21.7050,21.7050,2817
2026-05-05,NRJC,21.8000,22.1750,21.7950,22.1750,7931
2026-05-06,NRJC,22.1900,22.4650,22.1250,22.3100,17842
2026-05-07,NRJC,22.4350,22.5350,22.1000,22.1300,11672
2026-05-08,NRJC,22.0500,22.2300,21.9250,21.9400,4141
2026-05-11,NRJC,21.9900,22.5400,21.8600,22.5400,8551
2026-05-12,NRJC,22.1500,22.2750,21.9000,21.9350,6927
2026-05-13,NRJC,22.3750,22.4400,22.1900,22.4400,10371
2026-05-14,NRJC,22.4800,22.5600,22.3750,22.4250,7458
2026-05-15,NRJC,22.1750,22.2750,21.8750,22.0000,36132
2026-05-18,NRJC,21.8400,22.0750,21.5150,21.6000,12977
2026-05-19,NRJC,21.4700,21.5250,21.0700,21.3150,13404
2026-05-20,NRJC,21.4500,21.8000,21.4500,21.7200,23326
2026-05-21,NRJC,21.9250,22.1600,21.7950,22.1550,10415
2026-05-22,NRJC,22.5000,22.7350,22.3600,22.7350,3846
2026-05-25,NRJC,23.2050,23.2050,22.7700,23.1450,14732
2026-05-26,NRJC,23.0500,23.1950,22.9000,23.1300,16167
2026-05-27,NRJC,22.8250,22.9600,22.4750,22.6800,10595
2026-05-28,NRJC,22.8250,22.8950,22.7050,22.8500,8048
2026-05-29,NRJC,22.8950,23.1750,22.8950,23.1750,27166
2026-06-01,NRJC,23.2650,23.3050,22.7850,23.0000,39643
2026-06-02,NRJC,22.8100,23.0800,22.7850,23.0800,7629
2026-06-03,NRJC,23.1150,23.1550,23.0200,23.0550,3180
2026-06-04,NRJC,22.8150,22.8150,22.4900,22.5650,24451
2026-06-05,NRJC,22.4200,22.5250,22.2350,22.4800,11792
2026-06-08,NRJC,21.7300,22.2400,21.7250,22.2400,38101
2026-06-09,NRJC,21.9800,21.9950,21.4500,21.4500,11460
2026-06-10,NRJC,21.2050,21.2600,20.8750,21.0000,9828
2026-06-11,NRJC,21.0900,21.6900,21.0900,21.6900,6902
2026-06-12,NRJC,21.7000,21.9600,21.7000,21.9600,3944
2026-06-15,NRJC,22.6200,22.6200,22.3850,22.4650,9271
2026-06-16,NRJC,22.6000,22.8000,22.6000,22.8000,7450
2026-06-17,NRJC,22.6700,22.9750,22.5550,22.9750,76989
2026-06-18,NRJC,23.0500,23.3950,23.0500,23.3550,25115
2026-06-19,NRJC,23.3600,23.3900,23.2850,23.3650,8012
2026-06-22,NRJC,23.4850,23.7900,23.4850,23.6950,20728
2026-06-23,NRJC,22.9100,22.9100,22.5850,22.8100,13202
2026-06-24,NRJC,22.7800,23.1300,22.6850,23.1300,3929
2026-06-25,NRJC,23.0100,23.1150,22.7200,22.7200,21937
2026-06-26,NRJC,22.4900,22.4900,22.2700,22.4250,12773
2026-06-29,NRJC,22.4600,22.5500,22.4000,22.5200,9907
2026-06-30,NRJC,22.7950,23.0350,22.7950,23.0350,2438
2026-07-01,NRJC,23.0350,23.1200,22.6950,22.9750,3404
2026-07-02,NRJC,22.3400,22.7250,22.3050,22.5400,8398
2026-07-03,NRJC,22.6450,22.7750,22.5800,22.7750,4920
2026-07-06,NRJC,22.4450,22.7600,22.2550,22.7600,25481
2026-07-07,NRJC,21.9900,21.9900,21.4100,21.7300,11878
2026-07-08,NRJC,21.4050,21.4100,20.9450,21.2050,12825
2026-07-09,NRJC,21.4850,21.6450,21.4100,21.5950,2781
2026-07-10,NRJC,21.5150,21.7750,21.4400,21.7750,15630
2026-07-13,NRJC,21.2500,21.3900,21.2450,21.3900,4973
2026-07-14,NRJC,21.2050,21.6400,21.1800,21.5550,7598
2026-07-15,NRJC,21.5850,21.5850,21.2300,21.2300,28782
2026-07-16,NRJC,21.1900,21.1900,20.8150,21.1300,23920
2026-07-17,NRJC,20.5000,20.6600,20.4000,20.6100,3752
2026-07-20,NRJC,20.6050,20.9300,20.6050,20.8400,15335
2026-07-21,NRJC,21.0400,21.3300,20.9500,21.3300,5751
2026-07-22,NRJC,20.9650,21.1250,20.8500,21.0700,1677
2026-07-23,NRJC,21.0850,21.2050,21.0550,21.2050,6046
2026-07-24,NRJC,20.9500,21.0900,20.8300,21.0300,7895
2026-07-27,NRJC,21.0000,21.0900,20.5900,20.6150,17965
2026-07-28,NRJC,20.4000,20.4000,19.9840,20.1050,12997
2026-07-29,NRJC,19.7940,19.8400,19.5500,19.5960,39131
2026-07-30,NRJC,19.5760,20.1900,19.5020,20.1900,22670
2026-07-31,NRJC,20.4750,20.7050,20.3200,20.4200,18029
2026-08-03,NRJC,20.4950,20.6550,20.0050,20.6550,3399
2026-08-04,NRJC,20.6750,21.0850,20.6100,21.0850,1964
2026-08-05,NRJC,21.3150,21.3150,20.6700,20.6700,23209
2026-08-06,NRJC,20.7900,20.9500,20.7850,20.9750,2047
2026-08-07,NRJC,20.9600,21.2150,20.7600,21.2150,1660
2026-08-10,NRJC,21.1250,21.1350,20.9300,21.0200,1147
2026-08-11,NRJC,20.9600,21.1950,20.9400,21.0750,9954
2026-08-12,NRJC,21.4200,21.6100,21.3950,21.5400,3727
2026-08-13,NRJC,21.5500,21.6100,21.5500,21.6100,936
2026-08-14,NRJC,21.4850,21.5650,21.4450,21.5150,1049
2026-08-17,NRJC,21.6350,21.7250,21.5950,21.7200,6977
2026-08-18,NRJC,21.2900,21.2900,20.9300,20.9300,3610
2026-08-19,NRJC,20.8800,20.9200,20.7050,20.7750,6456
2026-08-20,NRJC,20.7400,20.8500,20.5350,20.8500,3505
2026-08-21,NRJC,20.5800,20.7650,20.5700,20.6050,2925
2026-08-24,NRJC,20.5600,20.6600,20.4000,20.4950,3876
2026-08-25,NRJC,20.5400,20.7050,20.5350,20.5600,681
2026-08-26,NRJC,20.6450,20.8700,20.5850,20.8700,2985
2026-08-27,NRJC,20.8950,20.9600,20.6500,20.9600,1729
2026-08-28,NRJC,20.8750,20.9400,20.7950,20.7950,989
2026-08-31,NRJC,20.5700,20.5700,20.2900,20.2900,2978
2026-09-01,NRJC,20.3400,20.3400,20.0200,20.2350,1853
2026-09-02,NRJC,19.9820,19.9820,19.8220,19.9440,12006
2026-09-03,NRJC,20.0450,20.2450,19.9480,20.2450,1230
2026-09-04,NRJC,20.2250,20.3850,20.2050,20.3150,2490
2026-09-07,NRJC,20.4950,20.4950,20.3450,20.4400,23724
2026-09-08,NRJC,20.1850,20.5100,20.1650,20.4450,1745
2024-09-09,SWDA,92.4100,92.9700,92.3400,92.8200,74910
2024-09-10,SWDA,92.7500,93.2700,92.7200,93.0000,42451
2024-09-11,SWDA,93.0000,93.4700,92.1300,92.5600,92105
2024-09-12,SWDA,94.5700,94.6000,93.9000,94.2900,50177
2024-09-13,SWDA,94.5900,95.0000,94.4500,94.9900,37747
2024-09-16,SWDA,94.6800,94.9300,94.3400,94.5800,89645
2024-09-17,SWDA,94.8600,95.3100,94.8500,95.1300,55165
2024-09-18,SWDA,94.9700,94.9700,94.5500,94.6800,55679
2024-09-19,SWDA,95.5100,96.2000,95.3600,95.9600,51856
2024-09-20,SWDA,95.6700,95.8100,95.2000,95.4100,56696
2024-09-23,SWDA,95.6000,96.1200,95.5600,96.0000,61409
2024-09-24,SWDA,96.3600,96.3800,95.6900,96.0400,56119
2024-09-25,SWDA,95.6200,96.0900,95.5700,96.0500,52858
2024-09-26,SWDA,96.8100,97.1200,96.3000,96.3300,80605
2024-09-27,SWDA,96.7000,96.7900,96.4500,96.6300,59084
2024-09-30,SWDA,96.4100,96.5500,95.8500,96.3900,66418
2024-10-01,SWDA,96.9000,97.3400,96.1800,96.5800,113952
2024-10-02,SWDA,96.5500,96.8900,96.2100,96.8900,84673
2024-10-03,SWDA,96.7000,96.8200,96.2600,96.7000,65416
2024-10-04,SWDA,96.5900,97.8900,96.5400,97.3100,105249
2024-10-07,SWDA,97.7200,97.7800,97.2800,97.5700,56632
2024-10-08,SWDA,96.7500,97.6000,96.6800,97.5400,55613
2024-10-09,SWDA,97.5100,98.2700,97.4100,98.2700,49112
2024-10-10,SWDA,98.5000,98.5300,98.0500,98.4700,53290
2024-10-11,SWDA,98.3100,98.9400,98.0900,98.8200,46808
2024-10-14,SWDA,99.0100,99.7600,98.9400,99.5900,87332
2024-10-15,SWDA,99.9700,100.0300,99.2600,99.4100,137097
2024-10-16,SWDA,99.2200,99.4700,99.0300,99.3600,66234
2024-10-17,SWDA,99.8800,100.7500,99.7900,100.2400,81687
2024-10-18,SWDA,100.0600,100.2800,99.8800,100.1000,58067
2024-10-21,SWDA,100.1800,100.2700,99.7000,99.7400,76713
2024-10-22,SWDA,99.9000,99.9600,99.4500,99.8400,61286
2024-10-23,SWDA,100.0700,100.2200,99.4600,99.5100,53622
2024-10-24,SWDA,99.7200,99.9400,99.3800,99.4200,62556
2024-10-25,SWDA,99.3800,99.9500,99.2700,99.7500,596897
2024-10-28,SWDA,99.8600,99.9300,99.4500,99.6800,48053
2024-10-29,SWDA,99.8200,99.9100,99.5600,99.7800,44811
2024-10-30,SWDA,99.7900,99.8000,99.1000,99.2800,56550
2024-10-31,SWDA,98.3100,98.5000,97.3700,97.5500,68852
2024-11-01,SWDA,97.4600,98.4400,97.4500,98.3000,88217
2024-11-04,SWDA,97.6600,97.8000,97.2500,97.4600,75197
2024-11-05,SWDA,97.5300,98.0000,97.3300,97.9300,62341
2024-11-06,SWDA,101.0600,101.8900,100.6300,101.0200,159759
2024-11-07,SWDA,101.4300,101.7200,101.2900,101.6700,81863
2024-11-08,SWDA,102.0600,102.3600,101.4700,102.3600,53510
2024-11-11,SWDA,103.0500,103.6600,103.0100,103.4700,80352
2024-11-12,SWDA,103.3200,103.5000,103.0400,103.1000,98827
2024-11-13,SWDA,102.8100,103.4800,102.5000,103.4800,54613
2024-11-14,SWDA,103.5200,104.1500,103.2200,103.4300,56234
2024-11-15,SWDA,102.6200,102.7100,102.0800,102.1500,100110
2024-11-18,SWDA,102.1100,102.3800,101.7600,102.3800,59071
2024-11-19,SWDA,102.4300,102.4600,101.1300,102.2700,58208
2024-11-20,SWDA,102.7300,102.9200,102.0800,102.3700,59046
2024-11-21,SWDA,102.7100,103.7300,102.4300,103.7200,100898
2024-11-22,SWDA,103.9700,105.1000,103.9100,104.8900,92756
2024-11-25,SWDA,105.0800,105.1700,104.4600,104.6800,139358
2024-11-26,SWDA,104.4900,104.8600,104.1500,104.8000,49128
2024-11-27,SWDA,104.7200,104.7700,103.8500,103.9400,75749
2024-11-28,SWDA,104.4900,104.5400,104.2500,104.4100,49469
2024-11-29,SWDA,104.2800,104.8500,104.2200,104.8400,119858
2024-12-02,SWDA,105.1400,105.8000,105.0400,105.7100,116212
2024-12-03,SWDA,105.7600,105.7700,105.4400,105.6500,62526
2024-12-04,SWDA,105.8700,106.4000,105.7600,105.9400,105225
2024-12-05,SWDA,106.0400,106.2500,105.7000,105.8400,92468
2024-12-06,SWDA,105.5600,106.1700,105.3800,105.9000,72595
2024-12-09,SWDA,106.1200,106.1500,105.2300,105.5500,58082
2024-12-10,SWDA,105.4700,105.9300,105.4100,105.7400,43386
2024-12-11,SWDA,105.5900,106.4000,105.5000,106.3700,55383
2024-12-12,SWDA,106.1700,106.4300,105.8900,106.1500,80962
2024-12-13,SWDA,106.1900,106.2500,105.3400,105.6000,48594
2024-12-16,SWDA,105.5200,105.9500,105.3900,105.8000,91970
2024-12-17,SWDA,105.5200,105.7600,105.1500,105.4800,76006
2024-12-18,SWDA,105.5900,105.9000,105.3400,105.7000,59685
2024-12-19,SWDA,103.7200,104.3000,103.5000,103.9900,132405
2024-12-20,SWDA,103.0300,104.2000,101.9300,104.2000,138467
2024-12-23,SWDA,104.2800,104.3800,103.7000,104.0100,79229
2024-12-27,SWDA,105.1700,105.3300,104.2000,104.5000,69023
2024-12-30,SWDA,104.2900,104.5200,103.2500,103.9300,90177
2025-01-02,SWDA,104.4600,105.3000,104.2600,105.3000,155642
2025-01-03,SWDA,104.7800,105.1500,104.4800,105.1200,79281
2025-01-06,SWDA,105.2900,105.8400,105.0000,105.7900,57293
2025-01-07,SWDA,105.0100,105.6200,104.8000,105.0200,90442
2025-01-08,SWDA,105.0500,105.3900,104.6000,105.0800,100941
2025-01-09,SWDA,104.8400,105.1600,104.7700,105.1500,39134
2025-01-10,SWDA,105.0200,105.1700,103.9500,104.1200,88611
2025-01-13,SWDA,103.9900,104.3000,103.4600,103.9900,79553
2025-01-14,SWDA,104.5900,104.8000,103.6700,103.8300,61408
2025-01-15,SWDA,103.9100,105.6000,103.8600,105.4500,100362
2025-01-16,SWDA,106.1300,106.2400,105.6000,105.7700,81968
2025-01-17,SWDA,105.9900,106.8600,105.8900,106.7100,95353
2025-01-20,SWDA,106.6100,106.7000,105.9900,106.1600,85180
2025-01-21,SWDA,106.1800,106.7300,106.1100,106.2600,64032
2025-01-22,SWDA,106.8400,107.1800,106.6300,107.1800,91972
2025-01-23,SWDA,107.0600,107.8800,106.8600,107.3300,73457
2025-01-24,SWDA,107.2000,107.2200,106.6800,106.8500,97965
2025-01-27,SWDA,105.5000,105.6700,103.9800,105.1200,158142
2025-01-28,SWDA,106.1900,106.7800,105.9200,106.4800,81858
2025-01-29,SWDA,107.2200,107.4200,106.7700,106.7900,136617
2025-01-30,SWDA,107.2000,107.5000,106.8200,107.0800,67736
2025-01-31,SWDA,107.9500,108.4500,107.8900,108.1900,128805
2025-02-03,SWDA,106.8000,107.2800,106.3700,107.2500,255619
2025-02-04,SWDA,106.9300,107.2200,106.4000,107.2200,80791
2025-02-05,SWDA,106.6000,106.9000,106.3500,106.9000,78616
2025-02-06,SWDA,107.8700,108.2800,107.8600,108.1400,95652
2025-02-07,SWDA,108.0400,108.3900,107.7000,107.9300,91418
2025-02-10,SWDA,108.1900,108.6600,108.0700,108.5200,105062
2025-02-11,SWDA,108.3500,108.4400,108.0600,108.2700,119381
2025-02-12,SWDA,108.0900,108.3900,107.3300,107.5600,132278
2025-02-13,SWDA,107.6800,108.2300,107.3700,108.1100,109392
2025-02-14,SWDA,108.3300,108.3300,107.8000,107.8800,70564
2025-02-17,SWDA,108.2500,108.4900,108.2200,108.4000,59165
2025-02-18,SWDA,108.6800,108.9300,108.4000,108.4800,115418
2025-02-19,SWDA,108.8000,108.9500,108.3600,108.8300,106319
2025-02-20,SWDA,108.6100,108.8200,107.6400,107.7600,94443
2025-02-21,SWDA,107.9400,108.3700,107.6500,107.8500,84104
2025-02-24,SWDA,106.8700,107.2300,106.0600,106.6400,147102
2025-02-25,SWDA,106.2200,106.4000,104.8800,105.0300,99555
2025-02-26,SWDA,106.0500,106.6300,105.8600,106.3900,83562
2025-02-27,SWDA,106.3300,106.7900,105.7100,106.6000,137874
2025-02-28,SWDA,105.1800,105.7300,104.7500,105.4300,97200
2025-03-03,SWDA,106.7400,106.8000,105.6200,105.7400,234628
2025-03-04,SWDA,104.3500,104.4200,102.0200,102.2500,314796
2025-03-05,SWDA,102.4100,102.5500,100.7400,100.7400,157773
2025-03-06,SWDA,101.5700,101.6600,100.2300,101.0600,128675
2025-03-07,SWDA,100.2200,100.3000,99.0600,99.1700,178782
2025-03-10,SWDA,100.0000,100.0500,98.1300,98.4700,227772
2025-03-11,SWDA,97.7100,97.8700,96.0700,96.4100,270363
2025-03-12,SWDA,96.9500,97.9900,96.3200,97.4000,417517
2025-03-13,SWDA,97.0700,97.7500,96.6000,96.7400,121944
2025-03-14,SWDA,97.0000,98.1100,96.8000,97.8000,117281
2025-03-17,SWDA,97.8000,98.6600,97.6800,98.2400,172069
2025-03-18,SWDA,98.3900,98.7300,97.5400,97.8700,168644
2025-03-19,SWDA,97.9600,99.0100,97.9500,98.8600,61568
2025-03-20,SWDA,99.4300,99.9400,98.6000,99.1900,113139
2025-03-21,SWDA,99.0400,99.1400,98.2700,98.9700,93154
2025-03-24,SWDA,99.9300,100.8000,99.8100,100.7000,128563
2025-03-25,SWDA,100.7900,101.0800,100.6500,100.8300,92146
2025-03-26,SWDA,101.0500,101.2600,100.2700,100.3400,116954
2025-03-27,SWDA,100.1300,100.3400,99.3700,99.9700,100593
2025-03-28,SWDA,99.3300,99.7200,97.7500,97.8300,129506
2025-03-31,SWDA,96.8100,97.1500,96.1500,97.1100,164032
2025-04-01,SWDA,98.0300,98.8400,97.2000,98.4400,281429
2025-04-02,SWDA,98.3100,98.3500,97.2000,98.3400,131083
2025-04-03,SWDA,94.8300,95.3600,92.6500,93.5200,362168
2025-04-04,SWDA,92.2600,92.4600,88.2500,89.0500,498953
2025-04-07,SWDA,83.1700,88.5300,82.7000,86.5800,835213
2025-04-08,SWDA,88.4900,91.0000,88.2200,89.5200,351316
2025-04-09,SWDA,85.9600,86.5600,83.5800,85.2900,243784
2025-04-10,SWDA,93.5300,93.7000,88.6800,88.6800,594212
2025-04-11,SWDA,88.9200,88.9700,86.5000,87.7900,169647
2025-04-14,SWDA,89.9900,91.2900,89.8100,90.3400,203050
2025-04-15,SWDA,90.6800,91.6400,90.2800,91.1700,174989
2025-04-16,SWDA,89.5800,90.4900,89.0900,90.1300,97253
2025-04-17,SWDA,89.6100,89.9500,88.7200,89.2600,95517
2025-04-22,SWDA,87.5800,88.6300,87.2800,88.5200,147761
2025-04-23,SWDA,90.6600,92.3500,90.5400,91.2500,123434
2025-04-24,SWDA,90.6600,92.1000,90.1200,91.9200,123036
2025-04-25,SWDA,93.0300,93.0500,92.0500,92.4100,42506
2025-04-28,SWDA,93.0900,93.4900,92.5400,92.5800,93321
2025-04-29,SWDA,93.1100,93.4000,92.5400,93.0600,112061
2025-04-30,SWDA,93.5100,93.7400,91.8900,93.3400,174313
2025-05-02,SWDA,95.1200,95.7900,94.7700,95.6200,147855
2025-05-05,SWDA,95.4800,95.8600,95.1300,95.7400,101705
2025-05-06,SWDA,95.4400,95.4800,94.5300,95.3000,88016
2025-05-07,SWDA,95.0600,95.2600,94.5900,94.8200,96138
2025-05-08,SWDA,96.1100,96.5300,95.5000,96.3700,122311
2025-05-09,SWDA,96.5000,96.9600,95.9000,96.3100,86253
2025-05-12,SWDA,98.7400,100.1000,98.4900,99.4700,108292
2025-05-13,SWDA,99.5600,100.3800,99.4700,100.1000,87957
2025-05-14,SWDA,99.9900,100.1100,99.2700,99.8200,92906
2025-05-15,SWDA,99.4700,100.2200,99.2300,100.2200,111431
2025-05-16,SWDA,100.2900,100.9500,100.2500,100.9500,105882
2025-05-19,SWDA,99.9600,100.4200,99.2300,100.3300,68899
2025-05-20,SWDA,100.4100,100.9300,100.2700,100.6000,53483
2025-05-21,SWDA,99.6900,99.8900,99.0200,99.8100,62853
2025-05-22,SWDA,98.9800,99.1200,98.3000,99.0000,83208
2025-05-23,SWDA,98.8700,98.9900,97.0200,97.9500,87162
2025-05-26,SWDA,98.6700,99.0400,98.6200,98.8900,50947
2025-05-27,SWDA,99.0300,99.6500,98.8300,99.6500,71687
2025-05-28,SWDA,99.9100,100.2000,99.4800,99.7700,69577
2025-05-29,SWDA,100.9700,101.2900,99.2000,99.3100,86439
2025-05-30,SWDA,99.4700,99.7600,98.9600,99.2700,78058
2025-06-02,SWDA,98.7700,99.1000,98.2000,98.8000,68210
2025-06-03,SWDA,99.2100,100.0600,98.8400,100.0600,63962
2025-06-04,SWDA,100.2400,100.4400,99.8000,100.0500,57050
2025-06-05,SWDA,100.0400,100.4400,99.2200,100.1700,64743
2025-06-06,SWDA,99.9200,100.9000,99.8100,100.4900,59430
2025-06-09,SWDA,100.4400,100.7500,100.3100,100.4500,52762
2025-06-10,SWDA,100.6200,100.7700,100.3500,100.5100,38927
2025-06-11,SWDA,100.7200,100.9000,100.4300,100.4300,72515
2025-06-12,SWDA,99.7600,99.8000,98.6600,99.5900,352989
2025-06-13,SWDA,98.7200,99.6100,98.5900,99.2200,210000
2025-06-16,SWDA,99.1500,99.7000,99.0100,99.6000,66074
2025-06-17,SWDA,99.1800,99.5900,98.8800,99.3800,244907
2025-06-18,SWDA,99.3400,99.6800,99.1500,99.3300,65445
2025-06-19,SWDA,99.1700,99.1700,98.4500,98.5700,64761
2025-06-20,SWDA,98.7600,99.4200,98.5700,98.8300,42474
2025-06-23,SWDA,98.4800,99.1900,98.4400,98.6500,98680
2025-06-24,SWDA,99.7700,99.8100,99.3100,99.5700,57530
2025-06-25,SWDA,99.8900,99.9800,99.4600,99.4600,37322
2025-06-26,SWDA,99.3600,99.6700,99.1300,99.5200,76538
2025-06-27,SWDA,99.9900,100.3700,99.7500,100.3700,51939
2025-06-30,SWDA,100.4500,100.5400,100.0700,100.1500,85940
2025-07-01,SWDA,100.1900,100.2100,99.5300,100.0000,103283
2025-07-02,SWDA,100.4100,100.4100,99.9000,100.2300,97888
2025-07-03,SWDA,100.4500,101.2900,100.3100,101.2300,79621
2025-07-04,SWDA,100.7800,100.7800,100.4000,100.5700,70790
2025-07-07,SWDA,100.7500,101.2600,100.6900,100.8800,97118
2025-07-08,SWDA,100.7200,101.1200,100.6400,100.8800,64601
2025-07-09,SWDA,100.8100,101.5900,100.7200,101.2200,101526
2025-07-10,SWDA,101.2100,101.9600,101.1600,101.9600,68715
2025-07-11,SWDA,101.6900,101.6900,101.0400,101.3200,70255
2025-07-14,SWDA,101.0800,101.4900,100.9200,101.4600,59296
2025-07-15,SWDA,101.9200,102.1800,101.8000,102.0600,133104
2025-07-16,SWDA,101.3300,102.1500,100.5900,100.5900,78955
2025-07-17,SWDA,102.3300,102.5700,102.0700,102.5200,71146
2025-07-18,SWDA,102.7100,102.7100,102.1300,102.2200,69195
2025-07-21,SWDA,102.4900,102.5800,102.1800,102.3300,42488
2025-07-22,SWDA,102.0200,102.1700,101.5600,101.6300,49050
2025-07-23,SWDA,102.3000,102.6400,102.2200,102.5200,84947
2025-07-24,SWDA,102.8000,102.9900,102.5200,102.7400,52697
2025-07-25,SWDA,102.7300,103.0200,102.5900,102.9500,72231
2025-07-28,SWDA,103.6700,103.9200,103.5700,103.8200,102679
2025-07-29,SWDA,104.5200,104.8200,104.2000,104.2500,78653
2025-07-30,SWDA,104.2200,104.9500,104.0700,104.7100,84412
2025-07-31,SWDA,105.5400,105.8500,104.7100,104.9300,162115
2025-08-01,SWDA,104.0100,104.0100,101.2600,101.8500,176773
2025-08-04,SWDA,102.1300,103.0700,102.1200,103.0100,121579
2025-08-05,SWDA,103.7000,103.8200,102.7800,102.7800,50999
2025-08-06,SWDA,103.3100,103.4100,102.5200,103.0400,60229
2025-08-07,SWDA,103.0900,103.9000,103.0600,103.2600,65568
2025-08-08,SWDA,103.4000,103.8400,103.3500,103.5700,99756
2025-08-11,SWDA,104.0300,104.2700,103.8000,104.1800,71929
2025-08-12,SWDA,104.1300,104.4100,103.7900,104.2000,57425
2025-08-13,SWDA,104.4600,104.7700,104.3000,104.3400,44682
2025-08-14,SWDA,104.6300,105.0300,104.4000,104.8400,55136
2025-08-18,SWDA,104.6400,104.9600,104.4500,104.7500,89223
2025-08-19,SWDA,104.7200,105.0300,104.5400,104.7300,35614
2025-08-20,SWDA,104.4700,104.6000,103.6400,104.1500,39029
2025-08-21,SWDA,104.5800,104.6100,103.9700,104.5500,44506
2025-08-22,SWDA,104.4400,105.2300,104.3900,105.1000,78927
2025-08-25,SWDA,104.8400,105.0600,104.7600,105.0400,39047
2025-08-26,SWDA,104.9200,104.9800,104.6600,104.8100,45357
2025-08-27,SWDA,105.5200,105.7700,105.4200,105.5900,55693
2025-08-28,SWDA,105.6800,105.8200,105.1600,105.3600,84839
2025-08-29,SWDA,105.5100,105.5100,104.5000,104.6000,53947
2025-09-01,SWDA,104.6200,104.8600,104.5100,104.8600,65652
2025-09-02,SWDA,104.6900,104.7700,103.7000,103.7100,119566
2025-09-03,SWDA,104.5500,104.7800,104.3700,104.4000,37988
2025-09-04,SWDA,104.8700,105.3400,104.8100,105.2600,59471
2025-09-05,SWDA,105.7200,105.7300,104.1600,104.5500,73694
2025-09-08,SWDA,105.1400,105.2600,104.8900,105.1900,138943
2025-09-09,SWDA,105.0900,105.3200,104.9700,105.2200,60739
2025-09-10,SWDA,106.0200,106.2000,105.7500,105.7900,82067
2025-09-11,SWDA,106.1300,106.4700,105.8600,106.4700,55796
2025-09-12,SWDA,106.3900,106.6800,106.2000,106.5100,57553
2025-09-15,SWDA,106.6200,106.7700,106.3500,106.6300,82923
2025-09-16,SWDA,106.5700,106.6900,105.7000,105.7600,78094
2025-09-17,SWDA,105.7800,105.8900,105.6000,105.6800,63831
2025-09-18,SWDA,106.4200,107.0200,106.2500,106.8700,97188
2025-09-19,SWDA,106.6100,107.1800,106.5200,106.9300,83676
2025-09-22,SWDA,107.1700,107.2600,106.7000,107.1900,70188
2025-09-23,SWDA,107.3400,107.5400,107.2500,107.2800,105200
2025-09-24,SWDA,106.9900,107.4200,106.8000,107.0800,62509
2025-09-25,SWDA,106.8200,107.0500,106.3500,106.9700,80808
2025-09-26,SWDA,107.0000,107.4800,106.8000,107.0800,52570
2025-09-29,SWDA,107.5000,107.7600,107.2300,107.3700,201018
2025-09-30,SWDA,107.2200,107.4200,106.9800,107.2300,67841
2025-10-01,SWDA,106.8000,108.7400,106.6900,108.0400,118330
2025-10-02,SWDA,108.3800,108.6200,108.2300,108.4100,172426
2025-10-03,SWDA,108.8800,108.9800,108.5100,108.8700,86999
2025-10-06,SWDA,109.2100,109.6100,108.9700,109.2400,123754
2025-10-07,SWDA,109.2100,109.7000,109.0000,109.0700,132281
2025-10-08,SWDA,109.5100,110.0500,109.4400,110.0100,89717
2025-10-09,SWDA,110.1200,110.2400,109.8900,110.0700,103782
2025-10-10,SWDA,110.0200,110.3400,107.9200,107.9200,119872
2025-10-13,SWDA,108.2300,108.7600,108.0100,108.7600,382749
2025-10-14,SWDA,107.9200,108.3300,107.2600,108.2200,231956
2025-10-15,SWDA,108.7400,109.5000,108.6500,108.9200,188398
2025-10-16,SWDA,108.8800,109.1300,108.6300,108.8300,81895
2025-10-17,SWDA,106.7300,108.4000,106.1400,107.6900,284242
2025-10-20,SWDA,108.9200,109.6300,108.6800,109.5100,101113
2025-10-21,SWDA,109.6400,110.0900,109.6100,109.9400,158026
2025-10-22,SWDA,109.9200,110.1900,109.3000,109.3100,105713
2025-10-23,SWDA,109.7200,109.8700,109.3000,109.7800,127366
2025-10-27,SWDA,111.4000,111.4000,111.1400,111.3600,146296
2025-10-28,SWDA,111.3400,111.8500,111.2300,111.5600,208845
2025-10-29,SWDA,112.0700,112.1400,111.6000,111.7700,98325
2025-10-30,SWDA,111.8700,112.0700,111.3800,111.9300,298165
2025-10-31,SWDA,112.0900,112.2400,111.6500,111.8200,308212
2025-11-03,SWDA,111.9200,112.5500,111.7300,111.9500,282260
2025-11-04,SWDA,110.9900,111.8500,110.6500,111.5400,210792
2025-11-05,SWDA,110.8200,111.7500,110.7300,111.7500,240184
2025-11-06,SWDA,111.1700,111.5600,110.1400,110.2200,173685
2025-11-07,SWDA,110.4700,110.5200,108.6300,108.7300,210173
2025-11-10,SWDA,110.7400,111.3300,110.5800,110.9300,275798
2025-11-11,SWDA,111.5400,111.6400,111.1500,111.3400,205231
2025-11-12,SWDA,112.1500,112.4600,111.7400,111.9600,131857
2025-11-13,SWDA,111.9900,112.0600,110.3800,110.5200,181853
2025-11-14,SWDA,109.6800,110.3500,108.5200,110.2300,296037
2025-11-17,SWDA,110.4400,110.6000,109.3500,109.7700,515276
2025-11-18,SWDA,108.3400,108.7500,107.4600,108.2900,341382
2025-11-19,SWDA,108.1400,109.3200,108.0400,108.5800,139062
2025-11-20,SWDA,110.0800,110.6600,109.2600,109.2600,179256
2025-11-21,SWDA,107.2900,108.1400,106.9600,108.1300,320304
2025-11-24,SWDA,108.8700,109.6800,108.3300,109.5500,153454
2025-11-25,SWDA,109.6700,109.7900,108.7900,109.7900,147315
2025-11-26,SWDA,110.6900,111.1300,110.4300,111.0900,93145
2025-11-27,SWDA,111.0300,111.1900,110.9600,111.0100,58231
2025-11-28,SWDA,111.4700,111.6300,111.2300,111.4300,48028
2025-12-01,SWDA,110.7900,111.0600,110.3400,111.0000,161358
2025-12-02,SWDA,110.8100,111.5200,110.7700,111.0400,127896
2025-12-03,SWDA,111.1300,111.1900,110.4700,111.0300,128578
2025-12-04,SWDA,111.3100,111.5100,111.0500,111.3100,65949
2025-12-05,SWDA,111.6000,112.0400,111.3900,111.7000,67506
2025-12-08,SWDA,111.6900,111.8100,111.3900,111.5100,92216
2025-12-09,SWDA,111.6400,111.7300,111.2500,111.6200,167619
2025-12-10,SWDA,111.2900,111.4700,111.0900,111.3700,80490
2025-12-11,SWDA,110.7200,111.2300,110.5800,110.9600,230422
2025-12-12,SWDA,111.6100,111.7900,110.2000,110.3400,189376
2025-12-15,SWDA,110.9100,111.1700,110.1400,110.4800,158465
2025-12-16,SWDA,109.8400,110.2100,109.4300,109.7400,275153
2025-12-17,SWDA,110.3700,110.6600,109.2200,109.2500,127232
2025-12-18,SWDA,109.3100,110.5000,109.2600,110.4300,156816
2025-12-19,SWDA,110.3600,110.9800,110.0500,110.9500,165589
2025-12-22,SWDA,111.1100,111.2200,110.8400,111.1800,71595
2025-12-23,SWDA,111.1500,111.4700,110.9300,111.4000,64077
2025-12-29,SWDA,111.6800,111.8000,111.2900,111.5400,91453
2025-12-30,SWDA,111.5400,111.8800,111.5200,111.8100,104314
2026-01-02,SWDA,111.6900,112.0800,111.0800,111.3500,128356
2026-01-05,SWDA,112.2200,112.8500,112.1500,112.7100,177222
2026-01-06,SWDA,112.6900,113.3400,112.4500,113.1200,208362
2026-01-07,SWDA,113.4600,113.5500,113.2100,113.4600,120803
2026-01-08,SWDA,112.9900,113.3300,112.8800,113.2800,144971
2026-01-09,SWDA,113.4500,114.3500,113.4000,114.2000,94951
2026-01-12,SWDA,113.5300,114.2000,113.2600,114.1800,92820
2026-01-13,SWDA,114.2800,114.5800,113.9800,114.3200,100384
2026-01-14,SWDA,114.2600,114.3400,113.4000,113.6800,173454
2026-01-15,SWDA,114.2600,115.0800,114.2600,114.9500,122331
2026-01-16,SWDA,114.9200,114.9700,114.3500,114.7800,117265
2026-01-19,SWDA,113.4000,113.6400,112.9900,113.1200,109564
2026-01-20,SWDA,112.2600,112.2800,111.3100,112.1600,193448
2026-01-21,SWDA,111.7200,112.5800,111.0000,112.2700,116831
2026-01-22,SWDA,113.1600,113.4900,112.7800,113.0200,125010
2026-01-23,SWDA,113.0100,113.1000,112.5500,112.7600,100962
2026-01-26,SWDA,112.2000,112.5700,111.7000,112.3400,201683
2026-01-27,SWDA,112.8700,112.9000,112.1000,112.2000,115623
2026-01-28,SWDA,112.4500,112.5500,112.1300,112.3100,270405
2026-01-29,SWDA,112.3400,112.7700,110.9500,111.4100,104967
2026-01-30,SWDA,111.4200,112.5000,111.3400,112.1900,307563
2026-02-02,SWDA,111.3600,113.5000,111.3200,113.4400,200717
2026-02-03,SWDA,113.8700,114.0300,112.8700,112.9500,96014
2026-02-04,SWDA,112.8300,113.2600,112.5300,112.7000,174285
2026-02-05,SWDA,112.5100,112.6400,110.9400,111.5200,330286
2026-02-06,SWDA,111.0200,112.6800,111.0000,112.6300,194238
2026-02-09,SWDA,112.9500,113.2500,112.0900,113.2400,114936
2026-02-10,SWDA,113.1300,113.7100,113.1000,113.4400,82279
2026-02-11,SWDA,113.3300,114.2400,112.9900,113.4500,126847
2026-02-12,SWDA,113.8800,113.9000,112.2300,112.3800,132713
2026-02-13,SWDA,111.9000,112.4600,111.3700,112.2800,242973
2026-02-16,SWDA,112.2100,112.4700,111.9000,112.0400,81306
2026-02-17,SWDA,112.1000,112.4700,111.5500,112.2800,233531
2026-02-18,SWDA,112.7700,113.5700,112.6500,113.5200,64640
2026-02-19,SWDA,113.5200,113.6300,112.9700,113.4300,59773
2026-02-20,SWDA,113.6700,114.0000,112.9400,113.7100,85294
2026-02-23,SWDA,113.1600,114.0000,112.6100,112.9200,109719
2026-02-24,SWDA,113.0000,113.6700,112.7000,113.4000,236471
2026-02-25,SWDA,113.7300,114.4000,113.7300,114.2200,85599
2026-02-26,SWDA,114.3200,114.6300,113.4500,114.0400,116356
2026-02-27,SWDA,113.9800,114.2000,113.0000,113.5800,106600
2026-03-02,SWDA,112.6700,114.2000,112.4400,113.8900,344921
2026-03-03,SWDA,113.1500,113.2400,111.7700,112.6200,224468
2026-03-04,SWDA,112.8400,114.0300,112.7600,113.8700,309603
2026-03-05,SWDA,113.7700,114.2600,113.1000,113.2500,319548
2026-03-09,SWDA,110.3500,111.6100,110.2200,111.5200,203540
2026-03-10,SWDA,112.7400,113.1500,112.1300,113.0100,264441
2026-03-11,SWDA,112.5500,113.0300,112.2500,112.6100,133942
2026-03-12,SWDA,112.5100,112.6100,111.6300,112.0300,56199
2026-03-13,SWDA,111.5800,112.8500,111.4800,111.8900,226398
2026-03-16,SWDA,112.1600,112.6600,111.6200,112.1600,236968
2026-03-17,SWDA,111.9400,112.8800,111.7000,112.4100,231183
2026-03-18,SWDA,112.9400,113.0700,111.5900,111.7000,284471
2026-03-19,SWDA,111.0300,111.2000,109.7200,109.8500,199476
2026-03-20,SWDA,110.1900,110.3500,108.7400,108.7400,169707
2026-03-23,SWDA,107.3100,111.3400,107.2300,109.1500,203451
2026-03-24,SWDA,109.2500,109.5100,108.3600,109.2500,201307
2026-03-25,SWDA,110.0200,110.4200,109.6000,110.1500,172972
2026-03-26,SWDA,109.6700,109.8400,108.9800,108.9900,59798
2026-03-27,SWDA,108.9000,108.9200,107.3200,107.5000,125074
2026-03-30,SWDA,107.2400,108.2300,107.2100,108.2300,85759
2026-03-31,SWDA,107.7700,108.4200,107.6300,108.1200,115756
2026-04-01,SWDA,110.2200,110.4200,109.6400,110.3400,188589
2026-04-02,SWDA,109.0900,110.8500,108.7000,110.3800,71973
2026-04-07,SWDA,110.6000,111.0700,109.4200,109.7400,87209
2026-04-08,SWDA,112.8800,113.1000,112.2200,112.5400,255409
2026-04-09,SWDA,112.6400,112.7000,112.1700,112.7000,70972
2026-04-10,SWDA,113.0100,113.3300,112.8900,112.9900,90272
2026-04-13,SWDA,112.3400,113.0900,112.1700,112.9600,69338
2026-04-14,SWDA,113.3800,114.2000,113.3200,114.1600,70727
2026-04-15,SWDA,114.3900,114.7200,114.2800,114.6500,126028
2026-04-16,SWDA,115.2500,115.4500,114.9800,115.3200,96505
2026-04-17,SWDA,115.3400,116.6800,115.2900,116.6800,149154
2026-04-20,SWDA,116.1700,116.5600,115.9000,116.2100,120903
2026-04-21,SWDA,116.5400,116.9700,115.9600,116.1000,90931
2026-04-22,SWDA,116.4200,116.6600,116.1100,116.5600,80512
2026-04-23,SWDA,116.4700,117.0000,116.2500,116.9800,124841
2026-04-24,SWDA,116.8000,117.0900,116.3600,116.7500,61583
2026-04-27,SWDA,116.8300,116.9700,116.5300,116.6200,77116
2026-04-28,SWDA,117.1000,117.2200,116.2700,116.2700,100021
2026-04-29,SWDA,116.7800,116.8100,116.2100,116.3400,57585
2026-04-30,SWDA,116.3900,117.3500,116.3600,117.0700,108589
2026-05-04,SWDA,117.9500,118.1000,117.2000,117.4500,192373
2026-05-05,SWDA,117.8400,118.4500,117.8000,118.2100,366807
2026-05-06,SWDA,118.7200,119.6700,118.7000,119.5800,150196
2026-05-07,SWDA,120.0100,120.1700,119.5000,119.6300,123695
2026-05-08,SWDA,119.4600,119.6200,119.2900,119.5100,93500
2026-05-11,SWDA,119.5200,119.9500,119.3400,119.9400,98323
2026-05-12,SWDA,119.3800,119.7500,119.0400,119.1800,84604
2026-05-13,SWDA,120.2900,120.6300,119.8700,120.4300,152294
2026-05-14,SWDA,120.9900,122.0600,120.9000,121.9900,86953
2026-05-15,SWDA,121.4600,121.5100,120.5900,121.0300,142483
2026-05-18,SWDA,120.0600,121.0000,119.8900,120.3900,125803
2026-05-19,SWDA,120.6200,121.0200,120.1000,120.3000,109543
2026-05-20,SWDA,120.5000,121.5000,120.4700,121.3500,102785
2026-05-21,SWDA,121.3800,121.8000,121.1500,121.5100,196209
2026-05-22,SWDA,122.4000,122.8500,122.2300,122.8200,125575
2026-05-25,SWDA,123.4000,123.6600,123.2700,123.5400,130006
2026-05-26,SWDA,123.2400,123.4100,122.9700,123.1300,190411
2026-05-27,SWDA,123.0700,123.4400,122.6300,122.8600,164236
2026-05-28,SWDA,122.9000,123.2900,122.6000,123.1600,107264
2026-05-29,SWDA,123.5500,123.8000,123.3400,123.4300,128624
2026-06-01,SWDA,123.8500,123.9700,123.3000,123.7600,201206
2026-06-02,SWDA,123.7800,124.3300,123.5000,124.2700,51032
2026-06-03,SWDA,124.5600,124.6000,123.8400,123.9000,82059
2026-06-04,SWDA,123.4500,123.9100,122.8500,123.9100,108167
2026-06-05,SWDA,123.3900,123.8000,123.2200,123.3400,109038
2026-06-08,SWDA,122.0200,123.0100,122.0100,122.6700,229912
2026-06-09,SWDA,122.5800,123.1500,120.7700,120.8800,96138
2026-06-10,SWDA,121.3800,121.7200,120.3000,120.7300,159134
2026-06-11,SWDA,120.7600,121.5000,120.4300,120.8900,122221
2026-06-12,SWDA,121.8200,123.0000,121.7700,122.8200,147875
2026-06-15,SWDA,123.9900,124.4600,123.7200,124.2600,228215
2026-06-16,SWDA,124.3700,124.5600,124.0000,124.1100,90012
2026-06-17,SWDA,124.1100,124.3300,123.8500,124.1700,71972
2026-06-18,SWDA,124.4900,125.1400,124.3900,124.6700,71813
2026-06-19,SWDA,124.7800,124.9600,124.4400,124.8200,63797
2026-06-22,SWDA,124.9600,125.8100,124.7800,125.0400,84564
2026-06-23,SWDA,123.4600,124.5200,123.2200,123.9200,118640
2026-06-24,SWDA,124.0900,124.8600,124.0400,124.7300,126611
2026-06-25,SWDA,124.7300,125.0500,123.5400,124.0800,124456
2026-06-26,SWDA,123.4800,123.7300,122.4000,123.7300,92612
2026-06-29,SWDA,123.6400,124.4100,123.2100,123.8800,123980
2026-06-30,SWDA,124.7800,125.2700,124.5900,125.0900,137547
2026-07-01,SWDA,125.0000,125.9000,124.8500,125.8900,204161
2026-07-02,SWDA,125.1500,126.0000,125.0300,125.2300,186143
2026-07-03,SWDA,125.6500,125.8200,125.3500,125.7200,56644
2026-07-06,SWDA,125.9600,126.3500,125.8000,126.3400,107110
2026-07-07,SWDA,126.0700,126.2300,125.3500,125.4000,107839
2026-07-08,SWDA,125.2800,125.3700,124.1800,124.4800,120854
2026-07-09,SWDA,125.3400,125.7600,124.9800,125.7200,86820
2026-07-10,SWDA,125.7700,126.3700,125.6600,126.1600,83351
2026-07-13,SWDA,126.0500,126.4000,125.8500,126.3300,101196
2026-07-14,SWDA,125.8700,126.1800,125.5400,126.0900,97829
2026-07-15,SWDA,126.4200,126.6400,126.1400,126.2900,125113
2026-07-16,SWDA,126.0600,126.3200,125.5000,126.2700,83961
2026-07-17,SWDA,124.6800,125.1700,124.2900,124.8600,121577
2026-07-20,SWDA,124.7800,125.6200,124.6700,125.2500,75814
2026-07-21,SWDA,125.3600,125.7400,125.0300,125.7400,143193
2026-07-22,SWDA,125.3800,126.0600,125.3000,126.0200,147911
2026-07-23,SWDA,125.3000,125.5800,124.2700,124.4500,106552
2026-07-24,SWDA,124.5900,125.3800,124.5900,125.2800,91233
2026-07-27,SWDA,125.7700,125.9700,124.7500,124.7800,128617
2026-07-28,SWDA,124.8200,125.2000,124.5200,125.1700,101742
2026-07-29,SWDA,125.3600,125.4700,124.0400,124.3200,76340
2026-07-30,SWDA,123.5400,124.1000,123.2000,123.6900,86432
2026-07-31,SWDA,124.7600,125.2000,124.0000,124.2300,110617
2026-08-03,SWDA,125.4100,126.1800,125.1000,126.1100,224803
2026-08-04,SWDA,126.8500,127.8500,126.5400,127.8000,127639
2026-08-05,SWDA,128.6400,128.9700,128.1700,128.2600,102534
2026-08-06,SWDA,128.2500,128.5000,128.0000,128.0900,125476
2026-08-07,SWDA,128.3100,128.7200,128.2000,128.6700,134883
2026-08-10,SWDA,128.7900,128.8900,128.5600,128.7500,81934
2026-08-11,SWDA,128.8000,129.1100,128.7100,128.7200,81714
2026-08-12,SWDA,128.7500,129.0500,128.6400,128.8000,87641
2026-08-13,SWDA,129.1900,129.8500,129.1100,129.3800,95675
2026-08-14,SWDA,129.5100,129.5400,128.8600,128.8600,104555
2026-08-17,SWDA,129.0300,129.0700,128.6100,128.7100,100353
2026-08-18,SWDA,127.9800,128.0500,127.3700,127.4400,97424
2026-08-19,SWDA,127.1700,127.4700,126.7800,126.9900,78100
2026-08-20,SWDA,126.7200,126.7700,125.8000,126.1800,67714
2026-08-21,SWDA,125.8700,126.5000,125.8500,126.5000,78906
2026-08-24,SWDA,126.1500,126.4900,125.9800,126.2300,61650
2026-08-25,SWDA,126.6900,126.9400,126.3000,126.5300,133985
2026-08-26,SWDA,126.6500,127.0300,126.4900,126.6800,61570
2026-08-27,SWDA,127.0500,127.2800,126.7700,127.1500,55407
2026-08-28,SWDA,127.5600,128.2800,127.4300,128.2100,48476
2026-08-31,SWDA,127.5800,127.6500,126.7800,126.7800,129701
2026-09-01,SWDA,127.2400,127.3500,126.2600,126.5800,126155
2026-09-02,SWDA,126.4800,126.8900,125.9200,126.8200,74581
2026-09-03,SWDA,126.7800,127.8800,126.7000,127.8400,92314
2026-09-04,SWDA,127.7400,128.1000,127.4200,127.4400,59444
2026-09-07,SWDA,127.6600,127.6800,127.2800,127.3300,44170
2026-09-08,SWDA,127.2500,127.5000,126.9500,127.1600,70316
2024-09-09,TNO,88.3100,88.3100,87.1600,87.2900,4094
2024-09-10,TNO,87.7500,88.2500,87.2100,87.2100,5969
2024-09-11,TNO,88.1500,88.6900,88.0800,88.2800,481
2024-09-12,TNO,90.6300,90.7400,90.6300,90.1200,195
2024-09-13,TNO,90.2100,90.6100,90.2100,91.0800,369
2024-09-16,TNO,90.8700,90.8700,90.0900,90.0900,309
2024-09-17,TNO,90.5600,91.2700,90.5600,90.9700,6623
2024-09-18,TNO,90.6100,90.6100,90.5300,90.3700,58
2024-09-19,TNO,92.1900,93.3500,92.1900,93.4300,189
2024-09-20,TNO,91.8600,92.0300,90.7200,90.8800,2820
2024-09-23,TNO,91.2200,91.7800,91.2200,91.2600,701
2024-09-24,TNO,92.6100,92.7400,91.4800,92.0500,8246
2024-09-25,TNO,91.9700,92.1800,91.9700,92.1800,93
2024-09-26,TNO,95.5200,96.0000,94.5100,94.9800,3553
2024-09-27,TNO,95.5800,96.1000,95.4000,96.0800,887
2024-09-30,TNO,95.6000,95.6000,94.8700,94.8000,86
2024-10-01,TNO,95.5000,95.8900,93.6200,94.0900,754
2024-10-02,TNO,94.5100,95.0600,94.0000,95.0600,1661
2024-10-03,TNO,93.7600,94.1100,93.7600,94.1100,73
2024-10-04,TNO,94.0100,95.1300,93.9200,94.5200,4360
2024-10-07,TNO,94.1300,94.1400,93.8100,93.8500,185
2024-10-08,TNO,92.8400,93.5500,92.5800,93.6800,3267
2024-10-09,TNO,93.6500,93.9500,93.3500,94.9200,133
2024-10-10,TNO,94.1900,94.1900,93.5400,94.0300,174
2024-10-11,TNO,93.7900,93.9200,93.7900,94.6100,73
2024-10-14,TNO,95.1800,96.2800,94.7500,96.2800,2794
2024-10-15,TNO,95.9600,96.3800,90.4600,90.6200,8625
2024-10-16,TNO,89.1000,89.4300,88.6200,88.6600,1251
2024-10-17,TNO,88.6600,89.7500,88.6100,88.8900,3278
2024-10-18,TNO,90.4900,90.9000,90.3900,90.7500,952
2024-10-21,TNO,89.7100,90.2000,89.7100,89.6900,2105
2024-10-22,TNO,90.5600,90.7100,90.2800,90.4700,333
2024-10-23,TNO,90.4500,90.6100,90.2200,90.3200,462
2024-10-24,TNO,90.7700,91.0000,90.7700,90.5600,216
2024-10-25,TNO,90.2500,90.9100,90.2500,90.7900,3726
2024-10-28,TNO,91.2700,91.2700,90.6700,90.9700,1473
2024-10-29,TNO,90.9800,90.9800,90.9800,91.1600,50
2024-10-30,TNO,90.3600,90.3600,89.2500,88.9900,4019
2024-10-31,TNO,88.0000,88.2500,86.4800,86.9400,7804
2024-11-01,TNO,87.1800,88.1000,87.1800,88.1000,2015
2024-11-04,TNO,87.9600,87.9600,86.9900,87.0700,558
2024-11-05,TNO,87.0700,87.7200,87.0700,87.7400,3020
2024-11-06,TNO,87.6900,88.8900,86.4800,86.4700,16245
2024-11-07,TNO,86.7500,88.4900,86.7500,88.3800,11147
2024-11-08,TNO,88.8200,88.8200,87.3800,88.0100,4509
2024-11-11,TNO,88.8200,89.3600,88.7000,88.7300,543
2024-11-12,TNO,89.2600,89.4100,89.0300,88.7000,4045
2024-11-13,TNO,88.1200,88.1200,86.9900,87.6200,6547
2024-11-14,TNO,88.2000,90.2700,88.2000,90.2700,16221
2024-11-15,TNO,88.8300,89.0600,87.8300,87.8300,8652
2024-11-18,TNO,87.9100,87.9100,86.8600,87.4700,2736
2024-11-19,TNO,86.4600,86.9000,86.0900,87.1400,280
2024-11-20,TNO,87.8500,87.9900,87.2300,87.1100,793
2024-11-21,TNO,86.9100,87.2700,86.6800,87.9900,1676
2024-11-22,TNO,88.3800,89.1000,88.1000,88.9700,311
2024-11-25,TNO,89.8500,90.0300,89.6800,89.7100,371
2024-11-26,TNO,88.9600,89.4600,88.9600,89.1500,1229
2024-11-27,TNO,88.4500,88.4500,87.8200,87.8400,2673
2024-11-28,TNO,89.4500,89.4900,88.5500,88.6500,1825
2024-11-29,TNO,88.6000,90.3100,88.6000,90.2900,1535
2024-12-02,TNO,89.6400,91.1900,89.5000,91.1900,736
2024-12-03,TNO,91.8300,92.0000,91.1900,92.0000,1721
2024-12-04,TNO,92.9700,93.7100,92.9700,93.5900,1539
2024-12-05,TNO,93.6400,94.5300,93.6400,94.0600,6452
2024-12-06,TNO,93.5000,94.3000,93.5000,94.4100,368
2024-12-09,TNO,94.7500,95.0000,94.5200,94.8800,3442
2024-12-10,TNO,94.4000,94.9600,94.0600,94.0600,524
2024-12-11,TNO,94.1500,94.6800,94.0300,94.6600,368
2024-12-12,TNO,94.6500,94.6800,94.2900,94.8500,600
2024-12-13,TNO,94.8600,94.9700,94.5300,94.5200,329
2024-12-16,TNO,94.1900,94.3500,93.8700,94.3500,274
2024-12-17,TNO,94.8900,95.5000,94.8900,94.8300,208
2024-12-18,TNO,95.3800,96.0500,95.3600,95.8200,1337
2024-12-19,TNO,93.9600,94.0900,93.4200,93.5700,4657
2024-12-20,TNO,92.0500,93.3400,91.7600,93.3400,328
2024-12-23,TNO,92.8900,93.3100,92.8700,93.1600,191
2024-12-27,TNO,94.5400,94.5500,93.2500,93.2500,160
2024-12-30,TNO,93.3100,93.3600,92.1000,92.4400,463
2025-01-02,TNO,93.0200,93.9900,93.0200,93.9900,1156
2025-01-03,TNO,93.1400,93.1800,92.7900,92.9800,144
2025-01-06,TNO,95.0000,96.5900,95.0000,96.5900,194
2025-01-07,TNO,96.6600,97.3400,96.6400,96.9200,5188
2025-01-08,TNO,96.6600,97.1500,95.3000,95.6400,1136
2025-01-09,TNO,95.1400,95.4100,95.1400,95.6900,616
2025-01-10,TNO,95.7500,96.1100,95.0800,95.0800,472
2025-01-13,TNO,93.8600,93.8600,92.8000,93.8700,228
2025-01-14,TNO,95.1300,95.1300,94.2900,94.2900,2241
2025-01-15,TNO,94.6400,96.1000,94.5100,95.4400,1329
2025-01-16,TNO,96.8200,97.4400,96.6700,97.4400,2963
2025-01-17,TNO,97.5600,97.9400,97.4600,97.7900,2954
2025-01-20,TNO,98.1100,98.4700,97.8700,98.3500,304
2025-01-21,TNO,98.4600,98.5200,97.6700,97.7800,4733
2025-01-22,TNO,98.5200,99.5000,98.4800,99.0400,378
2025-01-23,TNO,98.0000,98.0000,97.3500,97.7000,1431
2025-01-24,TNO,98.2400,98.6000,97.0700,97.3400,9319
2025-01-27,TNO,94.4300,94.5300,92.2000,94.0800,8151
2025-01-28,TNO,94.5400,94.7200,93.9700,94.4300,1400
2025-01-29,TNO,98.2900,98.3500,96.6800,96.6800,4692
2025-01-30,TNO,97.3000,97.7400,97.3000,97.7200,190
2025-01-31,TNO,98.6700,99.4800,98.6700,99.2300,2140
2025-02-03,TNO,97.2100,97.8700,97.0100,97.8700,151
2025-02-04,TNO,98.7100,99.6100,98.6600,99.5700,1409
2025-02-05,TNO,98.8400,99.2600,98.7800,99.5200,390
2025-02-06,TNO,100.1000,100.7000,100.1000,100.7000,674
2025-02-07,TNO,100.9200,100.9200,99.6800,99.7200,3091
2025-02-10,TNO,100.3200,100.9800,100.2400,100.9800,20989
2025-02-11,TNO,101.1200,101.7600,101.0000,101.7600,919
2025-02-12,TNO,101.9000,101.9600,101.1000,101.7600,482
2025-02-13,TNO,102.2600,103.0000,101.9600,103.3600,989
2025-02-14,TNO,103.6000,104.4000,103.1800,103.3600,833
2025-02-17,TNO,103.3600,103.9800,103.1200,103.9800,610
2025-02-18,TNO,103.5600,103.5600,102.8400,102.8400,103
2025-02-19,TNO,103.3400,103.3400,102.3600,102.4400,42587
2025-02-20,TNO,103.0000,103.1400,102.2200,102.2200,2955
2025-02-21,TNO,102.7400,103.2600,102.6000,102.6000,312
2025-02-24,TNO,102.0000,102.2000,101.3600,101.8200,2083
2025-02-25,TNO,101.1200,101.1200,100.1600,100.1600,1501
2025-02-26,TNO,100.8800,101.3800,100.8800,101.3800,1541
2025-02-27,TNO,100.1200,100.6400,99.2700,99.2400,128
2025-02-28,TNO,98.0000,98.0000,97.8600,97.4900,266
2025-03-03,TNO,98.1400,99.7500,98.1400,99.2400,538
2025-03-04,TNO,97.7300,97.7500,95.5100,95.4400,526
2025-03-05,TNO,98.4700,98.4700,97.7400,97.7400,2733
2025-03-06,TNO,98.9400,98.9400,97.6100,98.2700,127
2025-03-07,TNO,97.6000,97.8000,96.9400,96.9400,3978
2025-03-10,TNO,96.2900,96.3500,93.5000,93.9700,17913
2025-03-11,TNO,94.2200,94.3200,92.0600,92.2900,1340
2025-03-12,TNO,93.0200,93.7900,93.0200,93.3100,1651
2025-03-13,TNO,93.8500,93.8500,92.5800,92.5800,658
2025-03-14,TNO,93.7500,94.4100,93.7500,94.4100,101
2025-03-17,TNO,94.5100,95.1700,94.5100,95.0900,406
2025-03-18,TNO,96.7300,96.7300,95.5100,95.7000,351
2025-03-19,TNO,95.4700,96.6400,95.4700,96.6200,724
2025-03-20,TNO,96.1600,96.3000,95.6700,95.8600,4926
2025-03-21,TNO,95.3700,95.3800,94.1900,94.9200,1047
2025-03-24,TNO,96.0700,96.2300,95.6900,96.1500,486
2025-03-25,TNO,96.0000,96.8800,96.0000,96.6300,88
2025-03-26,TNO,95.3400,95.3400,94.7400,94.7400,105
2025-03-27,TNO,93.7100,93.8100,93.6000,93.6100,259
2025-03-28,TNO,92.9000,93.1600,91.9000,91.8600,1947
2025-03-31,TNO,90.7400,90.7400,89.7900,90.1800,479
2025-04-01,TNO,91.0100,91.6600,90.9600,91.6600,248
2025-04-02,TNO,91.2000,91.2200,90.5200,91.2900,101
2025-04-03,TNO,89.2200,89.2800,87.2000,87.3100,1440
2025-04-04,TNO,87.0000,87.0000,82.7000,84.3000,2469
2025-04-07,TNO,78.3300,82.2900,77.8300,80.2200,4673
2025-04-08,TNO,81.6100,83.5500,81.4800,82.6700,1260
2025-04-09,TNO,81.0400,81.0400,78.9300,79.7000,491
2025-04-10,TNO,88.0400,88.0400,84.0000,83.2300,52
2025-04-11,TNO,84.0600,84.0600,82.3300,82.5800,605
2025-04-14,TNO,84.7700,85.2400,84.4900,84.6000,285
2025-04-15,TNO,86.1000,86.7600,85.8000,86.7600,7241
2025-04-16,TNO,84.0800,84.7900,83.8800,85.0000,2602
2025-04-17,TNO,85.0200,85.0200,84.0700,84.0700,1501
2025-04-22,TNO,82.5500,83.3500,82.5500,83.4800,59
2025-04-23,TNO,86.6000,87.7300,86.4900,86.8800,16241
2025-04-24,TNO,85.9900,87.7300,85.7000,87.7300,1606
2025-04-25,TNO,88.2600,88.2700,87.7200,88.2900,3846
2025-04-28,TNO,88.7300,89.0900,88.2700,88.2700,487
2025-04-29,TNO,89.0800,89.2600,88.6800,88.9000,1959
2025-04-30,TNO,89.4100,89.4100,88.4400,88.9600,23
2025-05-02,TNO,90.9300,92.2300,90.9300,92.2100,1185
2025-05-05,TNO,92.1500,92.5300,91.8500,92.2900,1065
2025-05-06,TNO,91.4100,91.5300,90.7900,91.6600,3506
2025-05-07,TNO,91.5700,91.6800,91.2500,91.6500,20270
2025-05-08,TNO,93.8700,93.8700,93.1900,93.1900,265
2025-05-09,TNO,93.5600,93.8000,93.2300,93.3700,1120
2025-05-12,TNO,96.3800,96.5300,95.6900,96.4900,1977
2025-05-13,TNO,96.8000,97.0500,96.4300,97.8100,211
2025-05-14,TNO,97.6500,98.1600,97.3400,97.9100,1362
2025-05-15,TNO,97.3900,98.0800,97.3900,98.0800,737
2025-05-16,TNO,97.4300,98.2200,97.4000,97.4800,8858
2025-05-19,TNO,96.5400,97.0600,96.0300,97.0600,737
2025-05-20,TNO,97.2800,97.3400,96.9900,96.9600,1361
2025-05-21,TNO,96.9200,97.4200,96.8400,97.5600,216
2025-05-22,TNO,96.3900,96.9300,96.3900,96.8300,1160
2025-05-23,TNO,97.1400,97.1400,94.3400,95.3800,1539
2025-05-26,TNO,96.9600,97.2900,96.5100,96.5100,384
2025-05-27,TNO,97.3300,97.8400,97.2000,97.5600,31278
2025-05-28,TNO,97.5200,97.5200,97.0000,96.9900,202
2025-05-29,TNO,97.7800,97.8400,96.7500,96.7500,349
2025-05-30,TNO,96.4800,97.0100,96.2500,96.1700,262
2025-06-02,TNO,95.2500,95.3900,94.8200,95.3900,100
2025-06-03,TNO,95.0200,95.7600,95.0200,96.1600,40
2025-06-04,TNO,96.7800,97.7700,96.7800,97.3700,1633
2025-06-05,TNO,98.0900,98.1000,97.1600,97.7400,7922
2025-06-06,TNO,97.4100,98.7400,97.4100,98.7400,133
2025-06-09,TNO,97.9100,98.8900,97.6900,98.7400,697
2025-06-10,TNO,98.2900,99.2300,98.2300,99.1400,20439
2025-06-11,TNO,99.2800,99.3300,98.4000,98.4000,13141
2025-06-12,TNO,98.4000,98.4000,97.5400,97.8800,10761
2025-06-13,TNO,96.5600,96.6600,96.4000,96.3200,3041
2025-06-16,TNO,96.2600,97.2400,96.1900,97.2400,581
2025-06-17,TNO,96.2900,96.5600,95.8500,96.4500,1843
2025-06-18,TNO,96.4100,96.4100,95.7700,95.8100,714
2025-06-19,TNO,95.2200,95.2200,94.4400,94.4400,2201
2025-06-20,TNO,95.6600,95.7500,94.2600,94.4500,285
2025-06-23,TNO,94.1800,95.1900,94.1800,95.1900,1015
2025-06-24,TNO,97.4300,97.4300,96.7400,97.0200,2254
2025-06-25,TNO,97.5100,97.5100,96.4700,96.4700,342
2025-06-26,TNO,96.4000,96.4000,95.9600,95.9600,1357
2025-06-27,TNO,96.9000,97.2700,96.5400,97.2300,16696
2025-06-30,TNO,97.4700,97.7100,97.1400,97.1400,869
2025-07-01,TNO,97.2800,97.2900,96.3100,96.3100,466
2025-07-02,TNO,95.7000,95.8900,95.4600,95.8900,487
2025-07-03,TNO,95.8100,97.1100,95.8100,97.1100,1274
2025-07-04,TNO,96.5600,96.5600,95.6200,96.1800,13118
2025-07-07,TNO,96.2800,97.3200,96.1800,97.3500,550
2025-07-08,TNO,97.5300,98.3700,97.5300,98.3700,2867
2025-07-09,TNO,97.8500,98.5400,97.8500,98.6000,619
2025-07-10,TNO,99.4900,99.7400,99.1500,99.2600,1100
2025-07-11,TNO,98.4800,98.4800,98.1200,98.1800,741
2025-07-14,TNO,97.1900,97.7400,96.9600,97.8000,709
2025-07-15,TNO,98.8400,98.9100,98.5900,98.6100,26489
2025-07-16,TNO,97.3600,97.8400,96.8600,96.8700,6118
2025-07-17,TNO,97.9700,98.5600,97.5700,98.5600,763
2025-07-18,TNO,98.8500,99.0000,97.8900,97.9300,248
2025-07-21,TNO,98.0900,98.0900,97.5900,97.6300,5104
2025-07-22,TNO,96.9500,96.9500,96.0500,96.0500,783
2025-07-23,TNO,95.4000,96.0000,94.7000,95.1300,14745
2025-07-24,TNO,94.9000,95.0700,93.7800,94.1700,8677
2025-07-25,TNO,93.8100,93.8900,93.3300,93.7500,10900
2025-07-28,TNO,95.0400,95.2800,94.2200,94.2200,3111
2025-07-29,TNO,94.6600,95.2300,94.5600,94.5600,1624
2025-07-30,TNO,94.9300,95.1200,94.6300,95.1200,3014
2025-07-31,TNO,95.9500,96.0300,94.9900,94.1600,1970
2025-08-01,TNO,92.2800,92.3000,91.1800,91.7400,7852
2025-08-04,TNO,92.1400,92.5600,92.0000,92.2100,2095
2025-08-05,TNO,92.6300,92.9000,92.2700,92.3500,1630
2025-08-06,TNO,92.6400,92.7500,91.7800,91.8100,939
2025-08-07,TNO,92.4700,93.7900,92.4700,93.3800,6469
2025-08-08,TNO,93.0000,93.0500,92.6700,93.0500,5907
2025-08-11,TNO,93.3400,93.3400,92.7500,93.0100,3666
2025-08-12,TNO,92.1300,92.2100,90.7700,91.1500,3337
2025-08-13,TNO,91.9500,92.2700,91.8300,92.2600,456
2025-08-14,TNO,92.2200,92.7100,92.2200,92.4700,603
2025-08-18,TNO,91.5700,92.0100,91.4900,92.0100,49
2025-08-19,TNO,92.3300,92.4100,92.3300,92.3500,184
2025-08-20,TNO,92.1900,92.4500,91.5000,91.8900,4543
2025-08-21,TNO,91.6200,91.6400,91.3300,91.3900,2906
2025-08-22,TNO,91.6200,91.7800,91.6200,92.2200,103
2025-08-25,TNO,91.9500,92.2400,91.9500,92.1300,61
2025-08-26,TNO,92.2900,92.2900,92.1500,91.8200,105
2025-08-27,TNO,92.0000,92.0000,92.0000,92.4800,30
2025-08-28,TNO,92.3300,92.5300,92.0200,92.4200,3339
2025-08-29,TNO,91.8000,91.8000,90.7500,90.7200,1553
2025-09-01,TNO,90.9300,90.9300,90.6900,90.7600,15603
2025-09-02,TNO,90.1500,90.1500,88.2300,88.2300,5378
2025-09-03,TNO,89.6200,89.6200,88.9600,88.9600,113
2025-09-04,TNO,89.6400,90.0700,89.6400,90.0700,2581
2025-09-05,TNO,90.6500,90.9500,90.1500,90.1500,1423
2025-09-08,TNO,90.8100,91.3100,90.5100,91.3100,332
2025-09-09,TNO,91.1000,91.5200,91.1000,91.4300,28159
2025-09-10,TNO,92.6200,92.6200,90.2000,89.9000,246
2025-09-11,TNO,89.7400,89.8900,89.6000,89.8500,838
2025-09-12,TNO,90.1600,90.3300,89.9200,90.1800,2188
2025-09-15,TNO,90.4500,90.9700,90.0900,90.9700,1115
2025-09-16,TNO,91.7800,91.8000,90.4100,90.4100,33497
2025-09-17,TNO,91.5800,91.7900,91.2400,91.7200,2410
2025-09-18,TNO,93.7900,95.5500,93.7900,95.4800,5867
2025-09-19,TNO,94.7600,94.9300,94.6000,94.6900,4464
2025-09-22,TNO,95.3800,95.5300,95.0500,95.3400,7616
2025-09-23,TNO,94.8700,96.5800,94.8700,95.9400,4153
2025-09-24,TNO,96.0100,96.0800,95.7400,95.6900,903
2025-09-25,TNO,95.3900,95.6200,94.8000,95.1900,3278
2025-09-26,TNO,94.8400,95.1000,94.4300,95.1000,478
2025-09-29,TNO,95.9000,96.3800,95.7200,96.3400,1430
2025-09-30,TNO,96.0700,96.9000,96.0700,96.9000,2043
2025-10-01,TNO,95.9900,97.5400,95.8800,97.5400,514
2025-10-02,TNO,99.7100,100.4000,99.5400,99.9500,12165
2025-10-03,TNO,99.8600,99.8600,99.5100,99.8600,1090
2025-10-06,TNO,100.1400,100.9600,99.8000,100.8600,23027
2025-10-07,TNO,100.7800,100.7800,99.7600,99.9300,12587
2025-10-08,TNO,98.6200,99.5400,98.4500,99.2500,24330
2025-10-09,TNO,99.6300,99.6300,98.6600,98.8600,8896
2025-10-10,TNO,98.6800,98.6800,98.0400,95.9600,1061
2025-10-13,TNO,97.2800,97.4200,97.0000,97.4400,495
2025-10-14,TNO,96.6700,96.9600,96.0900,97.2600,11801
2025-10-15,TNO,98.6300,99.4100,98.4700,98.8000,2236
2025-10-16,TNO,98.9000,99.5400,98.7400,99.0200,9594
2025-10-17,TNO,97.1400,98.5800,96.8100,98.0600,7917
2025-10-20,TNO,98.9300,100.6000,98.7100,100.6000,652
2025-10-21,TNO,100.3400,101.0600,100.3000,101.0400,1121
2025-10-22,TNO,100.0600,100.7200,99.7500,99.7500,784
2025-10-23,TNO,99.8200,99.9500,97.9700,99.8700,11440
2025-10-27,TNO,101.2200,101.4600,100.9200,101.2800,2478
2025-10-28,TNO,101.3000,101.5200,100.8000,100.8600,42490
2025-10-29,TNO,101.2800,101.6000,100.3200,100.3800,1369
2025-10-30,TNO,100.5800,101.5600,100.5800,101.3200,6265
2025-10-31,TNO,100.5600,101.0200,100.5200,100.2600,2045
2025-11-03,TNO,100.9000,101.2000,100.8800,100.8800,1899
2025-11-04,TNO,99.5700,100.4400,99.4100,99.9900,32050
2025-11-05,TNO,99.1000,100.0000,98.5100,99.7900,1614
2025-11-06,TNO,99.8800,99.9300,98.4800,97.9100,812
2025-11-07,TNO,98.3800,98.3800,95.9800,95.9900,3737
2025-11-10,TNO,97.8500,98.1000,97.4500,97.4500,216
2025-11-11,TNO,98.3800,98.3800,97.6400,97.9000,1576
2025-11-12,TNO,98.1900,99.0100,97.9200,98.1900,38346
2025-11-13,TNO,99.0700,99.2300,97.6200,97.6300,4760
2025-11-14,TNO,95.8800,96.3400,94.4500,96.3400,12462
2025-11-17,TNO,96.5300,96.5300,95.0000,95.2300,6595
2025-11-18,TNO,93.6500,94.0400,93.0300,93.4900,33787
2025-11-19,TNO,93.3700,94.7200,93.1600,94.1200,1763
2025-11-20,TNO,95.6000,95.8000,94.4600,94.3200,8606
2025-11-21,TNO,91.5600,92.7800,91.1600,91.8800,6040
2025-11-24,TNO,92.9200,93.2600,92.4000,93.1500,3902
2025-11-25,TNO,93.5300,93.5900,92.0300,93.1100,37073
2025-11-26,TNO,94.0400,95.2000,93.5400,95.0700,286
2025-11-27,TNO,94.9800,95.0900,94.7200,94.7200,31671
2025-11-28,TNO,94.7200,95.3000,94.6200,95.3000,177
2025-12-01,TNO,95.0100,95.6600,94.6700,95.6600,1202
2025-12-02,TNO,95.4800,96.2600,95.4800,95.7300,36227
2025-12-03,TNO,97.3400,97.3400,96.3300,97.0800,2339
2025-12-04,TNO,97.9800,98.2700,97.5700,97.5700,2452
2025-12-05,TNO,97.9500,98.3100,97.9300,97.9300,670
2025-12-08,TNO,97.9700,98.2300,97.9700,98.0300,7815
2025-12-09,TNO,97.8100,97.8100,97.5300,97.6400,106
2025-12-10,TNO,97.7400,97.7700,97.2700,97.3300,424
2025-12-11,TNO,96.5800,97.6400,96.5800,97.3300,3090
2025-12-12,TNO,98.0000,98.0900,96.3700,96.3700,3138
2025-12-15,TNO,96.4000,97.0000,96.4000,96.8000,531
2025-12-16,TNO,95.5300,96.0600,95.4700,95.4700,1447
2025-12-17,TNO,95.9100,95.9900,93.8100,93.8400,4295
2025-12-18,TNO,94.0000,95.2400,94.0000,95.1400,2649
2025-12-19,TNO,94.7900,95.4900,94.7100,95.4900,7152
2025-12-22,TNO,96.0000,96.1200,95.3000,95.3900,3253
2025-12-23,TNO,95.4500,95.5200,95.2000,95.4500,1672
2025-12-29,TNO,95.5600,95.7900,95.2400,95.7000,668
2025-12-30,TNO,95.8500,96.5700,95.8500,96.5900,130
2026-01-02,TNO,97.1200,99.2700,97.1200,98.4100,12231
2026-01-05,TNO,100.0600,102.1400,100.0600,102.1400,7596
2026-01-06,TNO,102.3200,102.7000,101.4800,102.6400,4624
2026-01-07,TNO,102.8200,103.3800,102.3600,103.3800,12341
2026-01-08,TNO,102.7800,102.7800,101.2400,101.2400,5800
2026-01-09,TNO,102.2600,104.4000,102.2600,104.6600,8183
2026-01-12,TNO,105.0200,105.3400,104.3800,105.1600,11071
2026-01-13,TNO,105.5000,106.0000,105.0800,105.5400,1152
2026-01-14,TNO,105.4800,105.4800,103.8600,103.8800,1193
2026-01-15,TNO,106.1000,106.7600,105.5600,106.1600,5132
2026-01-16,TNO,106.1000,106.2800,105.7000,106.2200,1510
2026-01-19,TNO,104.1400,104.4200,102.9600,103.0000,2019
2026-01-20,TNO,102.2000,102.9200,101.4200,102.9200,2076
2026-01-21,TNO,102.9200,103.3800,101.5600,103.3600,1122
2026-01-22,TNO,104.6000,104.8800,104.2000,104.2200,4062
2026-01-23,TNO,104.1200,104.8600,103.1600,104.8600,766
2026-01-26,TNO,104.7800,104.7800,103.6600,104.6400,394
2026-01-27,TNO,105.6000,105.6000,104.8400,104.9400,3534
2026-01-28,TNO,107.9600,108.1400,104.1600,104.4200,8176
2026-01-29,TNO,103.8600,104.6800,100.0400,100.4200,7661
2026-01-30,TNO,101.4600,102.0600,101.0800,101.3200,4160
2026-02-02,TNO,100.0200,102.5400,100.0000,102.5000,3329
2026-02-03,TNO,103.0800,103.0800,97.9400,98.0100,5073
2026-02-04,TNO,96.2000,97.2000,95.7000,95.7000,5064
2026-02-05,TNO,96.7900,97.3300,95.4600,96.3300,3185
2026-02-06,TNO,95.5000,97.7400,95.3300,97.7000,3776
2026-02-09,TNO,98.7200,98.7200,97.5500,98.6100,10914
2026-02-10,TNO,98.1900,98.6100,97.9700,98.6100,1594
2026-02-11,TNO,96.8500,97.6700,96.6000,96.8900,1957
2026-02-12,TNO,97.7800,97.8800,94.8500,95.0700,1687
2026-02-13,TNO,96.1800,97.2700,95.7200,96.8200,12603
2026-02-16,TNO,97.1500,97.1500,95.7600,95.7600,3182
2026-02-17,TNO,95.4200,95.9000,94.6700,96.5500,1608
2026-02-18,TNO,96.8200,99.2100,96.8200,99.1900,566
2026-02-19,TNO,99.1100,99.1200,98.1800,98.6500,1017
2026-02-20,TNO,98.7900,99.9700,98.4800,99.6700,1481
2026-02-23,TNO,98.7600,99.2100,98.3700,98.7600,3466
2026-02-24,TNO,99.0800,99.7800,99.0800,99.4300,2999
2026-02-25,TNO,100.2000,101.5000,100.1400,100.9800,348
2026-02-26,TNO,101.0800,102.2600,99.7800,100.5000,1404
2026-02-27,TNO,100.5400,100.6800,99.5800,100.6200,6585
2026-03-02,TNO,97.6800,99.3300,97.6800,99.3300,6109
2026-03-03,TNO,97.0100,97.0100,95.2200,96.3400,8977
2026-03-04,TNO,97.8400,99.0000,97.2300,98.6400,21130
2026-03-05,TNO,98.5900,99.9500,98.4000,98.7100,11062
2026-03-09,TNO,93.7800,96.8100,93.7800,96.8100,5079
2026-03-10,TNO,99.3900,100.2000,98.7300,99.3000,4731
2026-03-11,TNO,98.6200,99.3200,98.1900,99.1200,9352
2026-03-12,TNO,98.4600,99.2200,98.2400,98.2500,2186
2026-03-13,TNO,97.8400,99.0200,97.4000,98.1900,3512
2026-03-16,TNO,97.9200,98.9400,97.9200,98.5300,291
2026-03-17,TNO,97.9000,99.0100,97.7500,98.5800,7715
2026-03-18,TNO,99.6600,99.6600,97.1300,97.1600,4121
2026-03-19,TNO,95.7100,95.7900,93.7900,94.5600,3355
2026-03-20,TNO,95.3800,95.3800,92.5100,92.7000,1424
2026-03-23,TNO,90.8500,95.3900,89.9500,93.6700,3931
2026-03-24,TNO,94.0800,94.0800,92.3200,93.4300,6354
2026-03-25,TNO,95.4100,95.4800,94.1900,94.7800,18584
2026-03-26,TNO,93.3800,93.3800,92.3500,92.6000,280
2026-03-27,TNO,92.2800,92.3500,90.2500,90.7100,214
2026-03-30,TNO,90.9500,91.2900,89.5500,90.3000,4075
2026-03-31,TNO,90.5100,91.4200,90.4100,90.9800,3705
2026-04-01,TNO,94.5700,94.5700,94.5700,94.5700,13
2026-04-02,TNO,91.9400,93.6000,91.0300,93.6000,3447
2026-04-07,TNO,92.3800,94.1600,91.6700,91.7800,7645
2026-04-08,TNO,98.1600,98.3800,96.8500,97.5100,7142
2026-04-09,TNO,96.7100,96.8100,95.6100,96.3100,33129
2026-04-10,TNO,97.2000,97.8300,97.0800,97.8000,2103
2026-04-13,TNO,96.6200,97.4800,96.6200,97.8800,1636
2026-04-14,TNO,99.4100,100.0000,99.2500,99.6800,1097
2026-04-15,TNO,100.4400,100.9600,98.9000,99.4300,7722
2026-04-16,TNO,100.7000,101.1200,100.6000,100.7800,6823
2026-04-17,TNO,100.8400,104.3600,100.8400,103.8800,931
2026-04-20,TNO,102.6000,102.8200,102.2400,102.7000,227
2026-04-21,TNO,103.5000,103.7800,102.7800,102.8600,3086
2026-04-22,TNO,103.5800,103.6800,103.0000,103.2200,1502
2026-04-23,TNO,102.0400,102.8000,101.9400,102.5600,4962
2026-04-24,TNO,103.1600,104.2400,102.9600,104.0600,1666
2026-04-27,TNO,103.7800,103.8000,102.7200,102.7200,1099
2026-04-28,TNO,102.1600,102.4000,100.8200,100.9000,1298
2026-04-29,TNO,101.5000,101.8000,101.4800,101.8600,49
2026-04-30,TNO,102.0400,103.4000,102.0400,103.7400,459
2026-05-04,TNO,104.7400,104.7400,102.6800,103.1800,3489
2026-05-05,TNO,104.2600,105.5800,104.0400,105.5800,4698
2026-05-06,TNO,105.8800,109.1800,105.8800,107.9000,3408
2026-05-07,TNO,108.5800,108.9800,107.6000,107.6000,1097
2026-05-08,TNO,107.1400,108.1800,107.1400,108.1800,2786
2026-05-11,TNO,109.1600,109.1600,107.4400,107.5000,559
2026-05-12,TNO,105.9800,105.9800,105.5400,104.4800,601
2026-05-13,TNO,105.9600,107.0200,105.9400,107.0200,130
2026-05-14,TNO,108.0400,109.6000,107.7000,109.7600,975
2026-05-15,TNO,107.4200,107.9200,106.7800,107.9200,2189
2026-05-18,TNO,107.5000,109.1200,107.3200,107.6400,5592
2026-05-19,TNO,108.8200,109.2000,108.3600,108.3600,16272
2026-05-20,TNO,109.6400,111.7200,109.6400,111.3800,8047
2026-05-21,TNO,111.0800,112.1000,110.3000,110.3000,17362
2026-05-22,TNO,113.1600,114.6200,113.1000,113.7600,104
2026-05-25,TNO,115.7000,116.3400,115.7000,116.0200,286
2026-05-26,TNO,116.4800,116.4800,114.9400,115.0600,484
2026-05-27,TNO,115.6600,115.9400,113.4000,114.1400,213
2026-05-28,TNO,114.7400,115.1600,113.7600,115.1600,3444
2026-05-29,TNO,116.5800,116.8200,115.7800,115.7800,4075
2026-06-01,TNO,116.3400,117.8800,116.3400,117.8800,2510
2026-06-02,TNO,120.9200,121.9400,120.6800,121.9400,2444
2026-06-03,TNO,122.1600,122.2000,120.7800,120.9200,2971
2026-06-04,TNO,120.4800,122.0800,119.8400,122.0800,1889
2026-06-05,TNO,119.9800,120.2600,118.4600,118.4600,2083
2026-06-08,TNO,116.1200,120.8800,116.1200,120.1000,8869
2026-06-09,TNO,120.9000,122.4600,118.9000,118.7200,4292
2026-06-10,TNO,118.4200,119.7800,116.6600,118.1600,21507
2026-06-11,TNO,118.2800,120.0800,117.8600,118.8400,6315
2026-06-12,TNO,119.9200,121.3200,119.5200,121.5800,5065
2026-06-15,TNO,123.6200,123.6400,122.5000,122.5000,7515
2026-06-16,TNO,122.3000,122.3200,120.3000,120.3000,378
2026-06-17,TNO,121.5400,122.2400,120.8800,122.0400,16273
2026-06-18,TNO,122.2600,123.2800,121.9600,122.7400,3544
2026-06-19,TNO,122.4600,122.4600,121.9200,122.0400,330
2026-06-22,TNO,123.2600,124.3000,122.5600,122.5600,9653
2026-06-23,TNO,118.6800,119.2600,118.0800,118.0800,194
2026-06-24,TNO,118.4600,118.4600,117.0200,117.6800,3920
2026-06-25,TNO,120.5800,120.7000,118.1000,118.6800,2672
2026-06-26,TNO,116.9200,117.4400,116.0400,117.1600,2346
2026-06-29,TNO,118.8600,118.8600,117.3800,118.7800,1105
2026-06-30,TNO,120.3800,121.9800,120.3800,121.6600,47
2026-07-01,TNO,121.5800,122.0200,120.3400,120.3400,3730
2026-07-02,TNO,118.4600,119.5000,117.6200,117.6200,2323
2026-07-03,TNO,118.4200,119.6800,118.4200,119.3600,751
2026-07-06,TNO,118.8600,119.1800,118.1600,119.6400,1309
2026-07-07,TNO,118.1000,118.1000,115.0000,115.3800,1536
2026-07-08,TNO,115.2600,115.3200,113.1000,114.2600,3066
2026-07-09,TNO,116.0000,117.4000,115.4200,117.4000,137
2026-07-10,TNO,115.8000,116.6600,115.7600,116.5600,619
2026-07-13,TNO,115.1800,115.6400,114.5800,115.7800,379
2026-07-14,TNO,114.6200,115.9800,114.6200,115.9800,3888
2026-07-15,TNO,117.2000,117.2000,115.3800,115.4200,228
2026-07-16,TNO,114.9800,115.4800,113.8600,115.4800,700
2026-07-17,TNO,113.0200,113.0200,111.5000,112.5000,3577
2026-07-20,TNO,113.1600,113.6000,112.6000,112.8200,4102
2026-07-21,TNO,114.0200,115.0000,114.0200,115.0600,628
2026-07-22,TNO,113.3800,114.0600,113.3800,114.5200,2427
2026-07-23,TNO,112.3600,112.9400,111.6200,111.6200,1424
2026-07-24,TNO,113.1400,113.1400,113.1000,113.4200,287
2026-07-27,TNO,115.8600,115.8600,111.4800,111.4400,18461
2026-07-28,TNO,110.8200,111.1800,110.1400,111.1800,2549
2026-07-29,TNO,110.4600,111.7200,110.4600,110.7600,692
2026-07-30,TNO,110.4200,113.1800,110.4200,112.5000,127
2026-07-31,TNO,114.3200,114.3200,113.0200,112.8200,280
2026-08-03,TNO,114.2200,114.5200,113.6600,114.4600,42
2026-08-04,TNO,116.0800,117.6400,115.7400,117.6200,1704
2026-08-05,TNO,117.6200,118.4000,117.1400,117.0800,2571
2026-08-06,TNO,116.2400,117.8800,116.2400,117.6400,241
2026-08-07,TNO,119.4600,120.5000,119.4600,119.9600,1734
2026-08-10,TNO,121.0400,121.7600,120.4200,120.4200,4443
2026-08-11,TNO,120.7400,122.7200,120.7400,121.8200,59
2026-08-12,TNO,122.3600,123.6800,120.8800,120.7600,111
2026-08-13,TNO,120.9000,120.9400,120.7000,121.1200,543
2026-08-14,TNO,122.5000,123.0800,121.1600,121.3400,1771
2026-08-17,TNO,122.6600,122.7600,121.8400,122.0200,2236
2026-08-18,TNO,119.7200,120.0000,118.7600,118.7600,2749
2026-08-19,TNO,118.4000,118.9800,117.9600,117.9600,998
2026-08-20,TNO,117.5000,117.5000,117.4000,117.9400,957
2026-08-21,TNO,118.0600,118.0600,118.0600,118.5400,2
2026-08-24,TNO,118.1400,118.1400,117.5400,117.7400,1659
2026-08-25,TNO,118.0000,118.5200,117.9000,117.9000,179
2026-08-26,TNO,117.6800,117.6800,116.4000,116.9600,135
2026-08-27,TNO,118.9000,118.9000,118.8800,119.0400,105
2026-08-28,TNO,118.8800,119.2200,118.8800,119.6000,30
2026-08-31,TNO,118.8600,118.8600,118.4400,117.7400,51
2026-09-01,TNO,117.7400,117.7400,115.5400,115.5400,113
2026-09-02,TNO,114.9600,115.4400,114.9600,115.3200,181
2026-09-03,TNO,115.7200,116.1000,115.3600,115.7800,116
2026-09-04,TNO,116.7800,117.4800,116.6800,117.3600,112
2026-09-07,TNO,117.8000,118.5400,117.3000,118.5400,3047
2026-09-08,TNO,118.0400,118.1800,117.0000,117.0000,1315
2024-09-09,XCS6,11.6560,11.7480,11.6560,11.7480,7548
2024-09-10,XCS6,11.7760,11.7760,11.6960,11.7100,21561
2024-09-11,XCS6,11.6980,11.8020,11.6980,11.7880,21457
2024-09-12,XCS6,11.8580,11.8580,11.7500,11.7780,185318
2024-09-13,XCS6,11.8220,11.8220,11.7640,11.7900,11731
2024-09-16,XCS6,11.8100,11.8180,11.7780,11.8060,16713
2024-09-17,XCS6,11.9400,11.9860,11.9000,11.9500,16668
2024-09-18,XCS6,11.9220,11.9700,11.8740,11.8780,19679
2024-09-19,XCS6,12.1640,12.2000,12.1260,12.1720,17454
2024-09-20,XCS6,12.2140,12.3000,12.2140,12.2300,10000
2024-09-23,XCS6,12.3060,12.5040,12.2800,12.4620,18025
2024-09-24,XCS6,12.9200,13.3260,12.9200,13.3260,105232
2024-09-25,XCS6,13.0180,13.2700,12.9740,13.2420,32385
2024-09-26,XCS6,13.7080,14.3740,13.6660,14.2320,198970
2024-09-27,XCS6,14.4040,14.6640,14.3160,14.5140,114589
2024-09-30,XCS6,15.1100,15.1800,14.7140,14.7140,189194
2024-10-01,XCS6,14.6660,14.9400,14.5900,14.9400,56445
2024-10-02,XCS6,16.0620,16.3640,15.8360,15.9320,126544
2024-10-03,XCS6,16.0980,16.2000,15.5800,16.0000,61405
2024-10-04,XCS6,16.4120,16.5500,16.3700,16.3760,78301
2024-10-07,XCS6,16.8820,17.0120,16.6760,16.8220,162898
2024-10-08,XCS6,15.4420,15.5800,14.8800,15.4020,176165
2024-10-09,XCS6,14.9280,15.1960,14.7540,15.1840,90366
2024-10-10,XCS6,15.3080,15.3780,15.1000,15.2940,49919
2024-10-11,XCS6,14.7820,15.4240,14.7820,15.4080,39806
2024-10-14,XCS6,15.1680,15.4200,15.0720,15.2320,30619
2024-10-15,XCS6,14.5720,14.7160,14.4620,14.5240,61008
2024-10-16,XCS6,14.6040,14.6820,14.5140,14.7120,14546
2024-10-17,XCS6,14.4140,14.4180,14.2000,14.2720,39388
2024-10-18,XCS6,14.8580,15.0640,14.8420,14.8800,42502
2024-10-21,XCS6,14.7380,14.7560,14.6280,14.6440,24403
2024-10-22,XCS6,14.8120,15.0180,14.7180,14.9160,34611
2024-10-23,XCS6,15.0740,15.1000,14.8840,14.8980,35671
2024-10-24,XCS6,14.7740,14.8000,14.6280,14.6540,15484
2024-10-25,XCS6,14.7860,14.8460,14.7640,14.7820,10635
2024-10-28,XCS6,14.8460,15.0000,14.7960,14.9640,36349
2024-10-29,XCS6,14.8000,15.1620,14.8000,14.9080,39973
2024-10-30,XCS6,14.6320,14.6320,14.5000,14.5720,15911
2024-10-31,XCS6,14.5040,14.5040,14.3800,14.4900,39568
2024-11-01,XCS6,14.6140,14.7000,14.5820,14.6660,31094
2024-11-04,XCS6,14.6940,14.7940,14.6460,14.7340,8133
2024-11-05,XCS6,15.0600,15.0820,14.9460,14.9680,21228
2024-11-06,XCS6,14.8240,14.9060,14.7000,14.8220,84691
2024-11-07,XCS6,15.2340,15.4060,15.2340,15.3860,38366
2024-11-08,XCS6,15.0660,15.0700,14.6840,14.7780,19941
2024-11-11,XCS6,14.9360,14.9940,14.8700,14.8700,24779
2024-11-12,XCS6,14.5700,14.6680,14.4700,14.4700,166799
2024-11-13,XCS6,14.6520,14.7080,14.4920,14.5160,18520
2024-11-14,XCS6,14.4100,14.4960,14.3580,14.4040,33897
2024-11-15,XCS6,14.4200,14.4880,14.3520,14.4200,24402
2024-11-18,XCS6,14.4980,14.5400,14.4700,14.5320,19432
2024-11-19,XCS6,14.5080,14.5400,14.4180,14.4640,27740
2024-11-20,XCS6,14.6220,14.6220,14.5620,14.5780,11491
2024-11-21,XCS6,14.5620,14.5780,14.4360,14.5280,17387
2024-11-22,XCS6,14.2420,14.3240,14.2080,14.2920,14726
2024-11-25,XCS6,14.2180,14.2180,14.1060,14.1500,9124
2024-11-26,XCS6,14.1260,14.1760,14.0680,14.1040,10546
2024-11-27,XCS6,14.4160,14.4480,14.2840,14.3080,17325
2024-11-28,XCS6,14.2120,14.2120,14.1300,14.1620,4994
2024-11-29,XCS6,14.2000,14.3200,14.1960,14.3160,17923
2024-12-02,XCS6,14.4000,14.4480,14.3740,14.4220,14197
2024-12-03,XCS6,14.4760,14.5260,14.4040,14.5380,18395
2024-12-04,XCS6,14.4480,14.5220,14.3260,14.3260,19594
2024-12-05,XCS6,14.3040,14.4000,14.3040,14.3500,6628
2024-12-06,XCS6,14.5440,14.5900,14.5180,14.5300,13281
2024-12-09,XCS6,15.0340,15.7160,15.0340,15.6420,108981
2024-12-10,XCS6,14.8680,15.0400,14.8680,15.0100,34837
2024-12-11,XCS6,14.9060,14.9180,14.8020,14.8780,9231
2024-12-12,XCS6,15.0560,15.1400,14.8260,14.9700,46942
2024-12-13,XCS6,14.8000,14.8180,14.6640,14.6760,22408
2024-12-16,XCS6,14.5340,14.6280,14.5240,14.5280,13722
2024-12-17,XCS6,14.5760,14.6960,14.5300,14.6800,6651
2024-12-18,XCS6,14.7320,14.7440,14.6200,14.6720,8362
2024-12-19,XCS6,14.7600,14.8000,14.7120,14.7660,16146
2024-12-20,XCS6,14.7880,14.8380,14.6800,14.8080,17343
2024-12-23,XCS6,14.8220,14.8360,14.7720,14.8040,8118
2024-12-27,XCS6,14.9580,14.9580,14.8120,14.8740,13072
2024-12-30,XCS6,14.8040,14.8820,14.7940,14.8100,17755
2025-01-02,XCS6,14.6100,14.7500,14.5280,14.7500,16592
2025-01-03,XCS6,14.7420,14.7420,14.6560,14.7100,6320
2025-01-06,XCS6,14.6120,14.8540,14.4700,14.4900,21185
2025-01-07,XCS6,14.2720,14.3540,14.2280,14.3200,17185
2025-01-08,XCS6,14.2180,14.2800,14.1800,14.2440,15397
2025-01-09,XCS6,14.2960,14.3240,14.2620,14.2860,10855
2025-01-10,XCS6,14.1000,14.1320,13.9660,14.0280,72821
2025-01-13,XCS6,14.0840,14.1040,14.0180,14.0440,9738
2025-01-14,XCS6,14.3820,14.3820,14.2420,14.2700,19146
2025-01-15,XCS6,14.3260,14.3940,14.2740,14.3940,12231
2025-01-16,XCS6,14.4500,14.5000,14.3440,14.3620,42613
2025-01-17,XCS6,14.5100,14.7560,14.3900,14.6860,27944
2025-01-20,XCS6,14.7800,14.9440,14.7180,14.8900,44777
2025-01-21,XCS6,14.8400,14.8680,14.5640,14.6020,18444
2025-01-22,XCS6,14.4600,14.5680,14.4500,14.4840,15187
2025-01-23,XCS6,14.4260,14.4840,14.4200,14.4840,9770
2025-01-24,XCS6,14.6780,14.6780,14.5960,14.6760,19207
2025-01-27,XCS6,14.8220,14.9460,14.7680,14.8740,19713
2025-01-28,XCS6,14.9980,15.0360,14.8280,14.8360,23682
2025-01-29,XCS6,15.2520,15.3340,15.1920,15.2680,59662
2025-01-30,XCS6,15.0740,15.4800,15.0740,15.4800,25152
2025-01-31,XCS6,15.5900,15.7080,15.3540,15.3980,37735
2025-02-03,XCS6,15.2080,15.3380,15.0660,15.3380,33535
2025-02-04,XCS6,15.5000,15.5860,15.3900,15.5800,39535
2025-02-05,XCS6,15.2300,15.2620,15.1500,15.2080,33588
2025-02-06,XCS6,15.5060,15.5380,15.4560,15.4840,33817
2025-02-07,XCS6,15.6480,15.9060,15.6480,15.7480,92622
2025-02-10,XCS6,16.1000,16.1360,16.0140,16.0920,45134
2025-02-11,XCS6,15.8700,16.0700,15.8200,16.0000,50286
2025-02-12,XCS6,16.1560,16.2980,16.1380,16.2880,16316
2025-02-13,XCS6,16.0680,16.1800,15.9700,16.1800,15796
2025-02-14,XCS6,16.6440,16.7540,16.4680,16.5360,124943
2025-02-17,XCS6,16.7260,16.8200,16.6580,16.8200,37988
2025-02-18,XCS6,16.9400,17.0120,16.7220,16.8200,76751
2025-02-19,XCS6,16.9520,16.9700,16.7600,16.8400,53418
2025-02-20,XCS6,16.6600,17.3180,16.6280,17.0600,98013
2025-02-21,XCS6,17.2640,17.5740,17.2540,17.5140,80527
2025-02-24,XCS6,17.2120,17.2120,16.6640,16.7320,59476
2025-02-25,XCS6,16.8160,16.8880,16.6740,16.7980,35783
2025-02-26,XCS6,17.2840,17.3420,17.2200,17.3020,38005
2025-02-27,XCS6,17.2720,17.3700,17.0600,17.3400,39344
2025-02-28,XCS6,16.7440,16.8160,16.6480,16.7820,34170
2025-03-03,XCS6,16.7380,16.7880,16.5680,16.6580,27891
2025-03-04,XCS6,16.5840,16.6120,16.3960,16.4480,26937
2025-03-05,XCS6,16.7960,16.8340,16.6360,16.7700,46840
2025-03-06,XCS6,17.2060,17.3640,17.0040,17.0720,96566
2025-03-07,XCS6,17.0620,17.1240,16.9440,16.9680,99072
2025-03-10,XCS6,16.8120,16.8120,16.4880,16.6000,30711
2025-03-11,XCS6,16.7120,16.7860,16.5560,16.6120,30409
2025-03-12,XCS6,16.6440,16.6960,16.4320,16.5660,34869
2025-03-13,XCS6,16.5500,16.7340,16.3000,16.7060,27971
2025-03-14,XCS6,17.0240,17.1800,17.0240,17.0940,58987
2025-03-17,XCS6,17.1320,17.4800,17.0700,17.4560,34937
2025-03-18,XCS6,17.4960,17.5520,17.3800,17.4420,46172
2025-03-19,XCS6,17.4980,17.6680,17.3960,17.4640,62109
2025-03-20,XCS6,17.0860,17.1500,16.9520,16.9880,37806
2025-03-21,XCS6,16.7760,16.8000,16.6880,16.8160,88982
2025-03-24,XCS6,16.9420,17.0100,16.7800,16.8300,39597
2025-03-25,XCS6,16.6720,16.8080,16.5980,16.7040,52253
2025-03-26,XCS6,16.6980,16.7680,16.5940,16.7120,21563
2025-03-27,XCS6,16.8100,16.9700,16.7700,16.9520,37772
2025-03-28,XCS6,16.6900,16.7000,16.4420,16.4800,51108
2025-03-31,XCS6,16.4160,16.4480,16.2540,16.4020,48146
2025-04-01,XCS6,16.5860,16.5960,16.4200,16.5540,138672
2025-04-02,XCS6,16.5280,16.5540,16.3100,16.3220,17847
2025-04-03,XCS6,15.9440,15.9640,15.6020,15.8060,57726
2025-04-04,XCS6,15.8000,15.8120,14.5860,14.8560,123610
2025-04-07,XCS6,13.7080,14.4140,13.5280,13.8780,178447
2025-04-08,XCS6,14.1240,14.3240,14.0060,14.0320,53008
2025-04-09,XCS6,14.1600,14.3160,13.6300,13.6560,63464
2025-04-10,XCS6,14.5740,14.5960,14.0540,14.0320,83759
2025-04-11,XCS6,14.2500,14.2500,13.9500,13.9580,42144
2025-04-14,XCS6,14.3120,14.7100,14.3120,14.5720,54040
2025-04-15,XCS6,14.5240,14.5700,14.4720,14.5700,60565
2025-04-16,XCS6,14.1800,14.3620,14.0880,14.2520,46339
2025-04-17,XCS6,14.3280,14.3680,14.2140,14.2140,14774
2025-04-22,XCS6,14.3360,14.4300,14.2660,14.3960,28351
2025-04-23,XCS6,14.8460,15.0880,14.7620,14.9160,39862
2025-04-24,XCS6,14.7180,14.9340,14.6940,14.8840,15675
2025-04-25,XCS6,14.9620,14.9620,14.8120,14.8400,37537
2025-04-28,XCS6,14.9100,14.9300,14.8200,14.7980,11530
2025-04-29,XCS6,14.7740,14.8680,14.7520,14.7780,12796
2025-04-30,XCS6,14.8440,14.9420,14.7380,14.7900,20767
2025-05-02,XCS6,15.2640,15.3960,15.2120,15.2880,21886
2025-05-05,XCS6,15.3200,15.3900,15.2540,15.4140,34032
2025-05-06,XCS6,15.4140,15.5540,15.2340,15.5340,52436
2025-05-07,XCS6,15.2660,15.3300,15.1180,15.1740,41437
2025-05-08,XCS6,15.3520,15.4340,15.2900,15.4200,33702
2025-05-09,XCS6,15.4020,15.5380,15.4020,15.4220,36704
2025-05-12,XCS6,15.9200,16.2080,15.9200,16.0780,75452
2025-05-13,XCS6,15.9060,16.0280,15.8500,16.0160,31763
2025-05-14,XCS6,16.1460,16.1740,16.0420,16.1900,43424
2025-05-15,XCS6,15.9200,15.9840,15.7720,15.8460,67501
2025-05-16,XCS6,15.8680,15.8900,15.8160,15.8860,23642
2025-05-19,XCS6,15.7620,15.7880,15.6560,15.7740,17823
2025-05-20,XCS6,15.8800,15.9720,15.8580,15.9000,27615
2025-05-21,XCS6,15.9020,15.9720,15.8400,15.8660,12338
2025-05-22,XCS6,15.7160,15.8140,15.7160,15.8040,22577
2025-05-23,XCS6,15.7020,15.7680,15.5940,15.6960,16864
2025-05-26,XCS6,15.4820,15.5300,15.4200,15.5100,48387
2025-05-27,XCS6,15.5100,15.6140,15.4000,15.4640,33245
2025-05-28,XCS6,15.4380,15.4500,15.3580,15.3700,21759
2025-05-29,XCS6,15.6940,15.7460,15.4220,15.4220,15547
2025-05-30,XCS6,15.3400,15.3860,15.1740,15.1840,34264
2025-06-02,XCS6,15.1000,15.1500,15.0680,15.1420,22340
2025-06-03,XCS6,15.3340,15.4140,15.3300,15.3680,48876
2025-06-04,XCS6,15.5100,15.6280,15.5060,15.6240,37566
2025-06-05,XCS6,15.6760,15.7500,15.5540,15.6840,27096
2025-06-06,XCS6,15.5520,15.6500,15.5520,15.6180,19928
2025-06-09,XCS6,15.7800,15.8480,15.7740,15.8460,15678
2025-06-10,XCS6,15.8300,15.8500,15.7660,15.7660,22265
2025-06-11,XCS6,16.0000,16.0300,15.8700,15.8760,47517
2025-06-12,XCS6,15.7520,15.7940,15.6380,15.6980,48771
2025-06-13,XCS6,15.4860,15.6040,15.4640,15.5140,36626
2025-06-16,XCS6,15.5720,15.7060,15.5720,15.6760,36811
2025-06-17,XCS6,15.5740,15.6520,15.5740,15.6420,7773
2025-06-18,XCS6,15.5100,15.5200,15.4560,15.4600,15258
2025-06-19,XCS6,15.2660,15.2700,15.1740,15.1980,26705
2025-06-20,XCS6,15.2820,15.4300,15.2820,15.2960,9101
2025-06-23,XCS6,15.4240,15.4920,15.3800,15.3800,125974
2025-06-24,XCS6,15.6360,15.6860,15.5740,15.6820,11906
2025-06-25,XCS6,15.8220,15.8360,15.6820,15.7100,18518
2025-06-26,XCS6,15.5560,15.6500,15.5500,15.6160,15618
2025-06-27,XCS6,15.5120,15.5860,15.4680,15.5140,15262
2025-06-30,XCS6,15.4460,15.4560,15.3520,15.3860,37622
2025-07-01,XCS6,15.4100,15.4300,15.3200,15.4240,48867
2025-07-02,XCS6,15.3540,15.4040,15.3320,15.3320,33159
2025-07-03,XCS6,15.2880,15.3420,15.2280,15.3060,29448
2025-07-04,XCS6,15.2500,15.2760,15.2300,15.2540,35958
2025-07-07,XCS6,15.2500,15.4260,15.2380,15.3960,33389
2025-07-08,XCS6,15.4740,15.5520,15.4640,15.5320,47809
2025-07-09,XCS6,15.3380,15.4120,15.3040,15.3240,6092
2025-07-10,XCS6,15.4300,15.4580,15.4160,15.4520,12952
2025-07-11,XCS6,15.6100,15.6100,15.4860,15.4860,13247
2025-07-14,XCS6,15.6340,15.6600,15.5800,15.6320,72814
2025-07-15,XCS6,15.8260,15.9500,15.8260,15.9500,13635
2025-07-16,XCS6,15.9520,15.9740,15.8380,15.8640,10753
2025-07-17,XCS6,16.0000,16.1000,15.9760,16.1000,12538
2025-07-18,XCS6,16.1660,16.3200,16.1640,16.2780,34545
2025-07-21,XCS6,16.2820,16.3220,16.2420,16.2820,28318
2025-07-22,XCS6,16.2900,16.4000,16.2720,16.3720,10184
2025-07-23,XCS6,16.5560,16.6320,16.5280,16.5800,38823
2025-07-24,XCS6,16.6560,16.6700,16.5380,16.5420,24630
2025-07-25,XCS6,16.4480,16.4800,16.4300,16.4660,32426
2025-07-28,XCS6,16.5920,16.6920,16.5800,16.6800,90936
2025-07-29,XCS6,16.7840,16.8600,16.7460,16.7600,57727
2025-07-30,XCS6,16.6420,16.7220,16.6200,16.6460,18975
2025-07-31,XCS6,16.4960,16.5500,16.4820,16.5420,7622
2025-08-01,XCS6,16.4180,16.4220,15.9740,16.0580,104012
2025-08-04,XCS6,16.3260,16.3640,16.2780,16.3020,39691
2025-08-05,XCS6,16.4920,16.5460,16.4400,16.4440,11522
2025-08-06,XCS6,16.5040,16.5300,16.3880,16.3840,10983
2025-08-07,XCS6,16.4040,16.4740,16.4040,16.4240,40521
2025-08-08,XCS6,16.3360,16.3800,16.3240,16.3720,8752
2025-08-11,XCS6,16.3400,16.4240,16.3260,16.3940,21475
2025-08-12,XCS6,16.4280,16.4840,16.3760,16.4580,5659
2025-08-13,XCS6,16.7680,16.9700,16.7580,16.9260,24406
2025-08-14,XCS6,16.8080,16.8600,16.7260,16.7260,139331
2025-08-18,XCS6,16.8480,16.8940,16.8320,16.8820,27194
2025-08-19,XCS6,16.8280,16.8840,16.8020,16.8000,26844
2025-08-20,XCS6,16.9320,16.9320,16.7920,16.8280,6282
2025-08-21,XCS6,16.8440,16.9980,16.8280,16.9860,6782
2025-08-22,XCS6,17.1060,17.2520,17.1000,17.2380,16146
2025-08-25,XCS6,17.4080,17.4680,17.3140,17.4100,52235
2025-08-26,XCS6,17.4320,17.4780,17.3660,17.4000,32346
2025-08-27,XCS6,17.1260,17.1520,16.9560,16.9500,32426
2025-08-28,XCS6,16.9640,16.9900,16.8640,16.9840,17724
2025-08-29,XCS6,17.1040,17.2120,16.9060,17.1740,22314
2025-09-01,XCS6,17.2720,17.3380,17.2380,17.2680,37063
2025-09-02,XCS6,17.2600,17.3120,17.1320,17.2820,15490
2025-09-03,XCS6,17.2300,17.2780,17.2100,17.2060,16076
2025-09-04,XCS6,16.9660,17.0200,16.9320,16.9660,30828
2025-09-05,XCS6,17.3060,17.3060,17.0840,17.1440,20288
2025-09-08,XCS6,17.3860,17.4040,17.3240,17.3600,17865
2025-09-09,XCS6,17.5220,17.6860,17.5220,17.6400,23586
2025-09-10,XCS6,17.7820,17.8000,17.5940,17.5940,20961
2025-09-11,XCS6,17.8440,17.8780,17.7540,17.8580,16757
2025-09-12,XCS6,17.9200,18.0020,17.8960,17.9100,52659
2025-09-15,XCS6,17.9820,18.0760,17.9540,17.9960,51728
2025-09-16,XCS6,17.9460,17.9560,17.8480,17.8980,17523
2025-09-17,XCS6,18.2000,18.2860,18.1840,18.2540,62881
2025-09-18,XCS6,17.9960,18.1340,17.9720,18.0660,14429
2025-09-19,XCS6,18.0620,18.1860,18.0620,18.1240,16390
2025-09-22,XCS6,18.0040,18.0860,17.9620,18.0200,10315
2025-09-23,XCS6,17.7800,17.9180,17.7440,17.9060,24702
2025-09-24,XCS6,18.1180,18.2120,18.0940,18.1800,23770
2025-09-25,XCS6,18.2500,18.2760,18.1280,18.2640,17299
2025-09-26,XCS6,18.0700,18.1080,17.9940,18.0760,26366
2025-09-29,XCS6,18.3460,18.4000,18.3240,18.3700,35564
2025-09-30,XCS6,18.4800,18.6040,18.4320,18.4460,19237
2025-10-01,XCS6,18.3680,18.5800,18.3680,18.5580,72609
2025-10-02,XCS6,18.8460,18.9080,18.8120,18.8740,71293
2025-10-03,XCS6,18.7220,18.7580,18.6680,18.6980,23973
2025-10-06,XCS6,18.6720,18.7740,18.6280,18.7740,33091
2025-10-07,XCS6,18.7580,18.8440,18.6680,18.6520,48509
2025-10-08,XCS6,18.6320,18.7220,18.5900,18.6840,24237
2025-10-09,XCS6,18.7380,18.8100,18.5560,18.6020,53174
2025-10-10,XCS6,18.4200,18.5040,17.5700,17.5700,60789
2025-10-13,XCS6,17.8920,18.1440,17.8860,18.0940,126967
2025-10-14,XCS6,17.6580,17.8320,17.6500,17.8180,36538
2025-10-15,XCS6,17.9960,18.0320,17.9200,17.9740,16403
2025-10-16,XCS6,17.9220,17.9960,17.9080,17.9900,13284
2025-10-17,XCS6,17.3940,17.8720,17.2820,17.7860,46653
2025-10-20,XCS6,17.8860,18.0900,17.8260,18.0900,31037
2025-10-21,XCS6,18.1320,18.1320,18.0000,18.0360,13634
2025-10-22,XCS6,17.9520,18.0540,17.8840,17.9200,24399
2025-10-23,XCS6,18.1040,18.2000,18.0680,18.2000,52170
2025-10-27,XCS6,18.5180,18.6240,18.5180,18.6240,20300
2025-10-28,XCS6,18.3180,18.4700,18.2980,18.3480,48689
2025-10-29,XCS6,18.5120,18.6580,18.5120,18.5580,33179
2025-10-30,XCS6,18.3820,18.4260,18.3320,18.4040,33115
2025-10-31,XCS6,18.1040,18.1720,18.0460,18.1740,33726
2025-11-03,XCS6,18.2080,18.2700,18.1620,18.1620,31407
2025-11-04,XCS6,18.0220,18.1160,17.9580,18.1140,35341
2025-11-05,XCS6,18.0420,18.2140,18.0300,18.1640,17840
2025-11-06,XCS6,18.4100,18.4580,18.2260,18.2620,19529
2025-11-07,XCS6,18.1660,18.1700,17.9020,17.9340,42084
2025-11-10,XCS6,18.3940,18.4340,18.3300,18.3600,27954
2025-11-11,XCS6,18.4240,18.4280,18.3560,18.3540,25226
2025-11-12,XCS6,18.4640,18.4880,18.3120,18.3440,22705
2025-11-13,XCS6,18.5460,18.6480,18.2720,18.2900,65031
2025-11-14,XCS6,18.1360,18.2160,17.9900,18.2240,27658
2025-11-17,XCS6,18.0000,18.0320,17.9100,17.9840,25829
2025-11-18,XCS6,17.6980,17.7700,17.6500,17.7420,38766
2025-11-19,XCS6,17.6980,17.7640,17.6640,17.6640,16691
2025-11-20,XCS6,17.7760,17.8080,17.6000,17.6000,11359
2025-11-21,XCS6,17.2180,17.3360,17.1380,17.3140,38546
2025-11-24,XCS6,17.5300,17.6800,17.5260,17.6640,20661
2025-11-25,XCS6,17.7640,17.8820,17.6500,17.6860,37856
2025-11-26,XCS6,17.6620,17.7340,17.6160,17.6360,15588
2025-11-27,XCS6,17.5620,17.6100,17.5620,17.5860,16574
2025-11-28,XCS6,17.5980,17.7360,17.5840,17.6700,19181
2025-12-01,XCS6,17.6860,17.7840,17.6460,17.7820,12662
2025-12-02,XCS6,17.7020,17.7420,17.6020,17.6120,10064
2025-12-03,XCS6,17.4640,17.4680,17.3800,17.4380,32283
2025-12-04,XCS6,17.5340,17.7240,17.4840,17.5180,9825
2025-12-05,XCS6,17.6720,17.7360,17.6460,17.7040,31744
2025-12-08,XCS6,17.5660,17.6000,17.5340,17.5600,18888
2025-12-09,XCS6,17.4460,17.4480,17.2880,17.3320,31739
2025-12-10,XCS6,17.3760,17.4900,17.3480,17.3860,28733
2025-12-11,XCS6,17.2320,17.2800,17.1680,17.2240,18239
2025-12-12,XCS6,17.4220,17.4600,17.2360,17.2360,43311
2025-12-15,XCS6,17.1900,17.2260,17.0760,17.1380,22962
2025-12-16,XCS6,16.8780,16.8840,16.8040,16.8180,29061
2025-12-17,XCS6,17.0520,17.1500,16.9700,16.9700,34779
2025-12-18,XCS6,17.0200,17.1660,17.0200,17.1520,5748
2025-12-19,XCS6,17.2420,17.3280,17.2180,17.3200,15952
2025-12-22,XCS6,17.2880,17.3060,17.2280,17.2760,10537
2025-12-23,XCS6,17.1820,17.1820,17.0820,17.1480,16744
2025-12-29,XCS6,17.0880,17.1200,17.0020,17.1200,56272
2025-12-30,XCS6,17.1640,17.2400,17.1640,17.2120,16585
2026-01-02,XCS6,17.5880,17.6740,17.5720,17.6460,68419
2026-01-05,XCS6,17.7220,17.7260,17.5740,17.6760,28998
2026-01-06,XCS6,17.8320,17.9800,17.8240,17.9460,20381
2026-01-07,XCS6,17.7980,17.8040,17.6560,17.6860,19961
2026-01-08,XCS6,17.6020,17.7480,17.5580,17.7480,26449
2026-01-09,XCS6,17.6740,17.7860,17.6740,17.7640,6881
2026-01-12,XCS6,17.9500,18.1960,17.9180,18.1600,56822
2026-01-13,XCS6,18.0860,18.2340,18.0560,18.2340,24297
2026-01-14,XCS6,18.2320,18.2460,18.0800,18.1420,55485
2026-01-15,XCS6,18.0520,18.2580,18.0500,18.2580,7928
2026-01-16,XCS6,18.0380,18.0560,17.8480,17.8560,20460
2026-01-19,XCS6,17.8600,17.8880,17.8200,17.8520,22695
2026-01-20,XCS6,17.6820,17.6820,17.4980,17.6100,44575
2026-01-21,XCS6,17.6860,17.7980,17.6640,17.7820,17488
2026-01-22,XCS6,17.7300,17.9260,17.7260,17.9000,35419
2026-01-23,XCS6,17.7120,17.7860,17.6700,17.7360,67356
2026-01-26,XCS6,17.5900,17.6320,17.5000,17.5880,98540
2026-01-27,XCS6,17.7000,17.7380,17.6080,17.6020,39502
2026-01-28,XCS6,17.8880,17.9040,17.7700,17.8320,41555
2026-01-29,XCS6,17.9580,18.0540,17.7460,17.8340,54786
2026-01-30,XCS6,17.5880,17.7160,17.5640,17.6020,43638
2026-02-02,XCS6,17.2840,17.5040,17.2660,17.4880,34025
2026-02-03,XCS6,17.2940,17.3600,17.2780,17.2780,50174
2026-02-04,XCS6,17.2080,17.2820,17.0740,17.0780,32189
2026-02-05,XCS6,17.2720,17.3160,17.0500,17.1400,46600
2026-02-06,XCS6,17.0860,17.3340,17.0860,17.3080,37115
2026-02-09,XCS6,17.2960,17.4480,17.2720,17.4480,12758
2026-02-10,XCS6,17.3300,17.3800,17.2800,17.3720,21585
2026-02-11,XCS6,17.3600,17.4020,17.2860,17.3020,43176
2026-02-12,XCS6,17.2500,17.2960,17.0000,16.9900,31210
2026-02-13,XCS6,17.0000,17.0000,16.8220,16.9780,53017
2026-02-16,XCS6,17.1580,17.1740,17.0760,17.0780,58971
2026-02-17,XCS6,17.0800,17.1140,17.0000,17.0680,17919
2026-02-18,XCS6,17.1180,17.2740,17.1180,17.2460,26891
2026-02-19,XCS6,17.2900,17.2900,17.1800,17.2080,17161
2026-02-20,XCS6,16.9800,17.1920,16.9300,17.1660,43620
2026-02-23,XCS6,17.3140,17.3640,17.2160,17.2400,21286
2026-02-24,XCS6,17.0020,17.1260,16.9800,17.1000,12450
2026-02-25,XCS6,17.0780,17.1640,17.0340,17.0700,63770
2026-02-26,XCS6,16.6940,16.7840,16.6500,16.7360,143061
2026-02-27,XCS6,16.8120,16.8220,16.7160,16.7160,29804
2026-03-02,XCS6,16.5940,16.6520,16.4740,16.6360,793282
2026-03-03,XCS6,16.5040,16.5040,16.1020,16.2340,209837
2026-03-04,XCS6,16.2340,16.3680,16.2080,16.2960,64077
2026-03-05,XCS6,16.2320,16.2660,16.1100,16.1380,47566
2026-03-09,XCS6,16.4160,16.4960,16.2800,16.4940,77728
2026-03-10,XCS6,16.7040,16.9520,16.6700,16.9420,110974
2026-03-11,XCS6,16.7720,16.8080,16.7320,16.7680,59903
2026-03-12,XCS6,16.8220,16.8220,16.6740,16.7100,75963
2026-03-13,XCS6,16.8260,16.9600,16.7900,16.8420,60573
2026-03-16,XCS6,17.0680,17.0860,16.9420,17.0020,54258
2026-03-17,XCS6,16.9480,16.9900,16.8820,16.9000,15800
2026-03-18,XCS6,16.9900,16.9900,16.6300,16.6400,96941
2026-03-19,XCS6,16.6000,16.6000,16.2400,16.2760,49687
2026-03-20,XCS6,16.1980,16.2020,15.9860,15.9740,78415
2026-03-23,XCS6,15.7080,16.1000,15.6740,15.9180,90457
2026-03-24,XCS6,16.0460,16.0460,15.9000,16.0160,72526
2026-03-25,XCS6,16.2440,16.2940,16.1840,16.2800,81826
2026-03-26,XCS6,15.9500,16.0040,15.8520,15.9160,75178
2026-03-27,XCS6,16.0800,16.0800,15.8440,15.8840,186978
2026-03-30,XCS6,15.9460,16.0500,15.8740,16.0320,33721
2026-03-31,XCS6,15.9140,16.0040,15.8660,15.9600,33826
2026-04-01,XCS6,16.1660,16.1660,16.0540,16.1500,53434
2026-04-02,XCS6,15.9660,16.1500,15.9500,16.0600,33103
2026-04-07,XCS6,15.9680,16.0580,15.8420,15.8880,39884
2026-04-08,XCS6,16.3440,16.4320,16.3280,16.3620,70798
2026-04-09,XCS6,16.3440,16.3440,16.1640,16.2200,51463
2026-04-10,XCS6,16.3580,16.3580,16.2860,16.2860,65214
2026-04-13,XCS6,16.1700,16.2260,16.1380,16.2240,50074
2026-04-14,XCS6,16.2200,16.3740,16.2000,16.4040,5706
2026-04-15,XCS6,16.3180,16.4160,16.2860,16.4000,30061
2026-04-16,XCS6,16.6560,16.7140,16.6180,16.6840,41283
2026-04-17,XCS6,16.5560,16.8760,16.5560,16.8260,19439
2026-04-20,XCS6,16.7620,16.8080,16.7500,16.7760,53049
2026-04-21,XCS6,16.7380,16.7860,16.6160,16.6180,22146
2026-04-22,XCS6,16.5620,16.6600,16.5320,16.6580,20399
2026-04-23,XCS6,16.4320,16.4900,16.4040,16.4300,114166
2026-04-24,XCS6,16.4560,16.4660,16.3560,16.4240,38965
2026-04-27,XCS6,16.3080,16.3080,16.2180,16.2700,6977
2026-04-28,XCS6,16.1600,16.2000,16.0880,16.1680,25331
2026-04-29,XCS6,16.3620,16.4240,16.2320,16.2600,65133
2026-04-30,XCS6,16.2240,16.2520,16.1320,16.3080,23624
2026-05-04,XCS6,16.3980,16.4120,16.3260,16.3860,34014
2026-05-05,XCS6,16.3300,16.4120,16.3280,16.3340,14789
2026-05-06,XCS6,16.3760,16.6020,16.3620,16.5920,63904
2026-05-07,XCS6,16.7000,16.7000,16.5640,16.5920,15636
2026-05-08,XCS6,16.6400,16.6520,16.5100,16.5400,45382
2026-05-11,XCS6,16.5480,16.6360,16.5300,16.6360,41020
2026-05-12,XCS6,16.5100,16.6040,16.4540,16.4580,36574
2026-05-13,XCS6,16.5960,17.0540,16.4960,17.0180,245843
2026-05-14,XCS6,16.5880,16.6320,16.4800,16.6400,40532
2026-05-15,XCS6,16.3760,16.3780,16.2620,16.2940,62654
2026-05-18,XCS6,16.1580,16.2360,16.1220,16.1380,66160
2026-05-19,XCS6,16.2960,16.2980,16.2060,16.2480,60248
2026-05-20,XCS6,16.2480,16.2700,16.1720,16.2180,67475
2026-05-21,XCS6,15.8940,15.9900,15.8600,15.9660,31171
2026-05-22,XCS6,16.0580,16.0580,15.6740,15.9240,105210
2026-05-25,XCS6,15.9780,16.0400,15.9200,16.0320,72363
2026-05-26,XCS6,16.0580,16.0580,15.9880,16.0160,55138
2026-05-27,XCS6,15.8840,15.8940,15.7400,15.8740,43689
2026-05-28,XCS6,15.6680,15.6680,15.5460,15.6360,59756
2026-05-29,XCS6,15.7640,15.7640,15.6660,15.7400,20346
2026-06-01,XCS6,15.9200,15.9200,15.7700,15.8480,30028
2026-06-02,XCS6,16.3580,16.4280,16.2880,16.4280,42138
2026-06-03,XCS6,16.1340,16.1880,16.0640,16.0760,47459
2026-06-04,XCS6,15.9680,16.0300,15.9360,16.0180,19259
2026-06-05,XCS6,15.8220,15.8520,15.7120,15.7320,18441
2026-06-08,XCS6,15.6080,15.6900,15.6080,15.6440,18738
2026-06-09,XCS6,15.7580,15.7860,15.6000,15.6060,92249
2026-06-10,XCS6,15.6760,15.7060,15.5760,15.6460,4849
2026-06-11,XCS6,15.4640,15.5060,15.4080,15.4540,48403
2026-06-12,XCS6,15.6920,15.7900,15.6900,15.7220,21233
2026-06-15,XCS6,15.8140,15.8980,15.8060,15.8920,31053
2026-06-16,XCS6,15.5980,15.6300,15.5700,15.5940,22334
2026-06-17,XCS6,15.5020,15.5740,15.4640,15.5440,34512
2026-06-18,XCS6,15.3560,15.4640,15.3100,15.4140,58553
2026-06-19,XCS6,15.5140,15.5140,15.3700,15.3900,228881
2026-06-22,XCS6,15.5200,15.5200,15.4240,15.5200,79621
2026-06-23,XCS6,15.0920,15.2800,15.0720,15.2360,36147
2026-06-24,XCS6,15.1900,15.2700,15.1660,15.2340,18159
2026-06-25,XCS6,15.0000,15.0600,14.9280,14.9480,33160
2026-06-26,XCS6,14.6580,14.8380,14.5700,14.8380,54551
2026-06-29,XCS6,14.9320,14.9420,14.8380,14.8500,8688
2026-06-30,XCS6,14.8140,14.9860,14.8140,14.9480,26126
2026-07-01,XCS6,14.8920,15.2540,14.8240,15.2540,50726
2026-07-02,XCS6,14.9420,15.0440,14.8700,14.9100,27878
2026-07-03,XCS6,15.0780,15.0780,15.0000,15.0260,10682
2026-07-06,XCS6,15.2180,15.2820,15.1820,15.2600,27526
2026-07-07,XCS6,15.1780,15.3020,15.1540,15.1680,20967
2026-07-08,XCS6,15.5460,15.6440,15.4860,15.5140,46135
2026-07-09,XCS6,15.5840,15.6000,15.4820,15.6000,26017
2026-07-10,XCS6,15.6020,15.6720,15.5520,15.6180,8175
2026-07-13,XCS6,15.5180,15.5640,15.4500,15.5240,16849
2026-07-14,XCS6,15.6800,15.7100,15.6200,15.6420,23524
2026-07-15,XCS6,15.8200,16.0340,15.7860,15.9740,36758
2026-07-16,XCS6,15.9660,15.9660,15.8520,15.9300,32923
2026-07-17,XCS6,15.4440,15.5300,15.4300,15.5060,12778
2026-07-20,XCS6,15.8740,15.9820,15.8380,15.9820,25888
2026-07-21,XCS6,16.0800,16.0800,15.8980,15.9160,29480
2026-07-22,XCS6,15.7740,15.8040,15.7340,15.7680,122755
2026-07-23,XCS6,15.8620,15.9240,15.7120,15.7280,146708
2026-07-24,XCS6,15.6420,15.7280,15.6180,15.7520,10169
2026-07-27,XCS6,15.9000,15.9940,15.8460,15.9580,1773
2026-07-28,XCS6,15.8640,15.9960,15.8580,15.9920,6745
2026-07-29,XCS6,16.2000,16.2240,16.1280,16.2020,24986
2026-07-30,XCS6,16.1680,16.1680,16.0380,16.1020,36428
2026-07-31,XCS6,16.1280,16.2000,16.1060,16.1840,78661
2026-08-03,XCS6,16.2200,16.3020,16.1820,16.3020,7242
2026-08-04,XCS6,16.2400,16.2420,16.1560,16.2440,12457
2026-08-05,XCS6,16.3780,16.3780,16.2700,16.2560,19486
2026-08-06,XCS6,16.1400,16.2020,16.1400,16.2200,2607
2026-08-07,XCS6,16.2580,16.3640,16.2520,16.3680,8318
2026-08-10,XCS6,16.3940,16.4380,16.3380,16.4380,55091
2026-08-11,XCS6,16.2200,16.2280,16.1400,16.1540,11562
2026-08-12,XCS6,16.0460,16.0660,15.9380,15.9280,27325
2026-08-13,XCS6,15.9000,15.9300,15.8040,15.8000,16932
2026-08-14,XCS6,15.7060,15.7940,15.6940,15.7660,5225
2026-08-17,XCS6,15.9060,15.9220,15.8780,15.8880,30572
2026-08-18,XCS6,15.9300,15.9400,15.8540,15.8540,16562
2026-08-19,XCS6,15.8200,15.9000,15.7760,15.8900,4080
2026-08-20,XCS6,15.9220,15.9220,15.7300,15.8200,8907
2026-08-21,XCS6,15.9420,16.0160,15.9420,15.9440,6685
2026-08-24,XCS6,15.6660,15.7460,15.6220,15.7360,9237
2026-08-25,XCS6,15.6920,15.7640,15.6560,15.7640,4863
2026-08-26,XCS6,15.8980,15.8980,15.8180,15.8520,11129
2026-08-27,XCS6,15.8480,15.8500,15.7660,15.7660,37179
2026-08-28,XCS6,15.8720,15.9540,15.8460,15.9320,10265
2026-08-31,XCS6,15.9000,15.9260,15.8060,15.8060,40301
2026-09-01,XCS6,15.7820,15.8040,15.6800,15.7720,24463
2026-09-02,XCS6,15.6940,15.7680,15.6180,15.7300,21876
2026-09-03,XCS6,15.5360,15.6300,15.5140,15.6360,11853
2026-09-04,XCS6,15.7220,15.7840,15.7220,15.7940,5786
2026-09-07,XCS6,15.6320,15.6520,15.5300,15.5340,9368
2026-09-08,XCS6,15.5600,15.5960,15.5240,15.5480,39082
2024-09-09,XDAX,172.8800,173.4600,172.8800,173.5600,554
2024-09-10,XDAX,174.0400,174.0400,171.8000,172.1000,4297
2024-09-11,XDAX,172.7600,172.8000,172.0600,172.5200,758
2024-09-12,XDAX,174.6800,175.0400,174.4600,174.2200,4597
2024-09-13,XDAX,174.9600,176.0000,174.9600,175.9600,2868
2024-09-16,XDAX,175.4000,175.6600,175.4000,175.4600,1866
2024-09-17,XDAX,176.7000,176.7000,176.7000,176.3600,35
2024-09-18,XDAX,176.3400,176.3600,176.2800,176.2400,479
2024-09-19,XDAX,177.8000,179.1800,177.1600,178.8600,10139
2024-09-20,XDAX,177.9400,177.9400,176.4000,176.3600,14444
2024-09-23,XDAX,176.7400,176.7400,176.0000,177.3200,186
2024-09-24,XDAX,178.9800,178.9800,178.5600,178.7800,253
2024-09-25,XDAX,178.1000,178.1800,178.0000,178.1400,3371
2024-09-26,XDAX,179.9800,181.2400,179.9800,180.9600,11160
2024-09-27,XDAX,181.5000,183.4600,181.5000,183.4000,9852
2024-09-30,XDAX,182.4400,182.6000,181.8800,182.1000,3482
2024-10-01,XDAX,182.9000,182.9000,180.6600,180.9000,16203
2024-10-02,XDAX,180.8200,181.1600,179.9000,180.3000,6412
2024-10-03,XDAX,178.9600,179.8400,178.6000,178.8200,4060
2024-10-04,XDAX,179.1800,180.1200,179.1200,179.9800,1011
2024-10-07,XDAX,180.0000,180.0000,179.6400,179.7400,327
2024-10-08,XDAX,178.2400,179.5400,178.2400,179.5400,1701
2024-10-09,XDAX,179.5400,179.5400,179.5400,181.2800,27
2024-10-10,XDAX,180.6200,181.5200,180.3200,180.8200,3947
2024-10-11,XDAX,180.9400,182.3000,180.9400,182.2400,487
2024-10-14,XDAX,182.7000,183.5400,182.7000,183.6000,3380
2024-10-15,XDAX,184.4000,184.8400,183.4800,183.5200,8871
2024-10-16,XDAX,183.1400,183.6200,183.0000,183.1600,4234
2024-10-17,XDAX,183.6800,184.8400,183.6800,184.4000,5143
2024-10-18,XDAX,184.7200,185.1000,184.7200,185.0600,35
2024-10-21,XDAX,184.8400,184.8400,183.5000,183.1600,283
2024-10-22,XDAX,182.5800,183.2200,182.4400,183.0000,424
2024-10-23,XDAX,182.8600,182.9600,182.4400,182.4400,4178
2024-10-24,XDAX,183.3600,183.8200,183.3600,183.1200,289
2024-10-25,XDAX,182.6600,183.4000,182.6600,183.1800,214
2024-10-28,XDAX,183.2800,183.2800,182.7200,183.8400,1505
2024-10-29,XDAX,184.7600,184.7600,183.4600,183.4000,2019
2024-10-30,XDAX,180.8400,181.6800,180.8000,181.3800,887
2024-10-31,XDAX,179.9600,180.4200,178.9600,179.4200,2033
2024-11-01,XDAX,180.4200,181.6000,180.4200,181.3000,172
2024-11-04,XDAX,181.0400,181.4000,180.8000,180.3800,157
2024-11-05,XDAX,180.1000,180.8200,180.1000,181.2600,1882
2024-11-06,XDAX,182.9400,183.4400,179.0000,179.2200,4300
2024-11-07,XDAX,181.0600,182.8600,181.0600,182.3400,1087
2024-11-08,XDAX,182.2400,182.2400,180.5200,180.8600,478
2024-11-11,XDAX,182.7600,183.8000,182.7600,183.0800,4391
2024-11-12,XDAX,181.3200,181.7200,180.0600,179.2800,960
2024-11-13,XDAX,179.1600,179.8800,177.8000,178.6400,3019
2024-11-14,XDAX,179.6200,181.5400,179.6200,181.1600,5911
2024-11-15,XDAX,181.4200,181.4200,180.8200,180.8200,84
2024-11-18,XDAX,180.0200,180.6600,179.9600,180.4800,278
2024-11-19,XDAX,177.2200,178.9400,177.2200,179.4200,1032
2024-11-20,XDAX,180.6200,180.6200,179.7800,178.8600,3719
2024-11-21,XDAX,178.7800,180.2200,178.5800,180.2200,3855
2024-11-22,XDAX,181.2200,181.8600,179.2200,181.7200,728
2024-11-25,XDAX,183.2600,183.2600,182.3600,182.7200,4503
2024-11-26,XDAX,181.4000,181.6800,181.4000,181.7200,571
2024-11-27,XDAX,181.5600,181.5600,180.2200,181.3200,4293
2024-11-28,XDAX,182.4200,182.9000,182.2200,182.8400,2370
2024-11-29,XDAX,182.6400,184.7400,182.6400,184.7400,906
2024-12-02,XDAX,184.4400,187.3200,184.4400,187.4200,2404
2024-12-03,XDAX,188.0000,188.5200,187.9000,188.6200,1778
2024-12-04,XDAX,189.8800,190.2600,189.6600,190.3000,626
2024-12-05,XDAX,190.8400,191.6600,190.7000,191.7200,57
2024-12-06,XDAX,191.6400,192.2000,191.6400,191.8600,294
2024-12-09,XDAX,192.5600,192.5600,191.4400,191.5800,323
2024-12-10,XDAX,191.2000,191.8600,191.2000,191.5600,723
2024-12-11,XDAX,191.2600,191.9600,191.2600,192.1600,343
2024-12-12,XDAX,192.2200,192.2400,192.0600,192.3000,1960
2024-12-13,XDAX,192.8000,193.1800,191.8800,191.9000,301
2024-12-16,XDAX,191.5800,191.6200,191.2200,191.2200,231
2024-12-17,XDAX,190.8200,191.5000,190.7600,190.6200,809
2024-12-18,XDAX,190.8600,191.1400,190.7200,190.7000,756
2024-12-19,XDAX,188.6400,189.1600,187.9600,188.0800,10402
2024-12-20,XDAX,186.8200,186.9000,184.9800,187.5000,16434
2024-12-23,XDAX,186.6200,187.1400,186.6200,186.8400,2091
2024-12-27,XDAX,187.4800,187.9000,187.4600,187.7000,51
2024-12-30,XDAX,187.2600,187.7600,186.6800,186.7400,98
2025-01-02,XDAX,186.9800,188.4200,186.7400,188.2600,1575
2025-01-03,XDAX,187.6200,187.8800,187.2800,187.3800,2557
2025-01-06,XDAX,188.0600,189.7800,187.9800,190.2400,5425
2025-01-07,XDAX,190.4800,191.7600,190.3200,191.4400,217
2025-01-08,XDAX,191.3000,192.4800,190.9600,191.2200,3259
2025-01-09,XDAX,190.9200,191.2400,190.9200,191.2600,89
2025-01-10,XDAX,191.3000,191.9000,190.9600,190.3200,2404
2025-01-13,XDAX,188.9400,189.7800,188.7800,189.5400,732
2025-01-14,XDAX,190.6600,190.6600,190.5600,190.7000,147
2025-01-15,XDAX,191.2800,194.0800,191.0800,194.0600,986
2025-01-16,XDAX,194.3000,194.3000,193.8200,194.2200,728
2025-01-17,XDAX,196.3600,196.9800,196.2600,196.6600,4372
2025-01-20,XDAX,196.8600,198.2200,196.8000,197.5800,3231
2025-01-21,XDAX,197.6000,197.7800,197.2800,198.0600,305
2025-01-22,XDAX,199.1400,200.5500,199.1400,200.1000,851
2025-01-23,XDAX,200.5000,201.4000,200.5000,201.6500,1817
2025-01-24,XDAX,202.1500,202.5500,201.0500,201.3000,2407
2025-01-27,XDAX,199.7200,200.3500,198.7600,200.3500,3702
2025-01-28,XDAX,201.2500,202.0000,201.0500,201.7500,8903
2025-01-29,XDAX,202.4500,203.8500,202.4000,203.5000,395
2025-01-30,XDAX,204.0000,204.4500,204.0000,204.5000,237
2025-01-31,XDAX,204.5000,205.0500,204.2500,204.4000,141
2025-02-03,XDAX,200.2500,201.7500,200.2500,201.7000,2031
2025-02-04,XDAX,202.0000,202.5000,201.2500,202.4000,7581
2025-02-05,XDAX,201.5000,202.6000,201.4000,202.8500,1814
2025-02-06,XDAX,204.4500,206.2000,204.4000,206.1000,1104
2025-02-07,XDAX,206.4500,206.4500,205.2000,204.8000,2121
2025-02-10,XDAX,205.7000,206.4000,205.2000,206.3500,431
2025-02-11,XDAX,206.4000,207.3000,206.3500,207.3500,534
2025-02-12,XDAX,208.1500,208.5000,207.5000,208.4000,422
2025-02-13,XDAX,211.0500,212.9000,210.1500,212.8500,5623
2025-02-14,XDAX,212.1500,212.6000,211.4500,211.5000,878
2025-02-17,XDAX,212.3000,214.5500,212.2500,214.5500,2027
2025-02-18,XDAX,214.7000,215.3500,213.9000,214.9500,1056
2025-02-19,XDAX,215.4000,215.7500,211.1000,211.0500,3916
2025-02-20,XDAX,211.6000,212.3000,209.6500,210.1500,1099
2025-02-21,XDAX,209.8000,210.6500,209.1000,209.6000,991
2025-02-24,XDAX,211.0000,211.8000,209.8500,211.0000,12890
2025-02-25,XDAX,210.9000,211.9000,210.6500,210.6500,1037
2025-02-26,XDAX,212.3500,214.7500,212.3000,214.4500,1946
2025-02-27,XDAX,212.6500,212.7000,211.5000,211.8500,1468
2025-02-28,XDAX,210.8000,211.9500,210.6000,211.6000,2244
2025-03-03,XDAX,213.6500,219.1500,212.2500,217.8500,7611
2025-03-04,XDAX,215.0000,215.0000,209.9000,210.1000,5100
2025-03-05,XDAX,214.9000,217.9000,214.9000,217.1000,9362
2025-03-06,XDAX,220.3500,220.5500,217.4000,220.6000,5379
2025-03-07,XDAX,218.1000,218.1000,215.4500,216.3500,12847
2025-03-10,XDAX,217.8500,217.8500,212.0000,212.9000,13027
2025-03-11,XDAX,213.0500,214.6000,209.5500,209.9000,11150
2025-03-12,XDAX,212.1500,214.0000,211.5000,213.2000,79388
2025-03-13,XDAX,212.7500,213.6500,211.2500,211.9000,5404
2025-03-14,XDAX,211.7000,216.3500,211.7000,215.7500,3837
2025-03-17,XDAX,216.2000,217.8000,216.0500,217.8000,2547
2025-03-18,XDAX,218.9000,220.8500,218.7000,219.9500,11756
2025-03-19,XDAX,218.9000,219.7500,218.0500,219.1500,40347
2025-03-20,XDAX,219.1500,219.2500,214.7000,216.3000,3082
2025-03-21,XDAX,215.7000,215.7000,213.7500,215.3500,1451
2025-03-24,XDAX,217.3000,217.4000,214.7000,215.0500,6941
2025-03-25,XDAX,215.0000,217.7500,215.0000,217.4000,5755
2025-03-26,XDAX,216.7500,216.7500,215.0000,214.9500,4049
2025-03-27,XDAX,212.0500,213.7500,211.5000,213.2500,2682
2025-03-28,XDAX,212.4500,212.7500,210.8000,211.3000,2773
2025-03-31,XDAX,209.5000,209.6000,207.1000,208.4000,2100
2025-04-01,XDAX,210.4000,212.1500,209.8000,212.0000,2061
2025-04-02,XDAX,211.4000,211.4000,208.5000,210.6000,958
2025-04-03,XDAX,205.9500,208.0500,203.9500,204.1000,8833
2025-04-04,XDAX,202.5000,203.2500,192.5000,194.7000,39763
2025-04-07,XDAX,180.9000,190.8400,179.7600,185.7800,56976
2025-04-08,XDAX,188.1000,192.6200,187.3800,190.7800,17456
2025-04-09,XDAX,186.7200,187.3200,182.2600,185.1400,1833
2025-04-10,XDAX,200.5000,200.5000,193.6200,193.5800,31241
2025-04-11,XDAX,195.4000,195.4000,189.4600,191.5800,4205
2025-04-14,XDAX,195.8000,197.5600,194.7800,196.6800,10154
2025-04-15,XDAX,198.6600,200.2000,198.3000,199.8800,6146
2025-04-16,XDAX,198.9200,200.4000,197.1600,200.5000,4631
2025-04-17,XDAX,201.2500,201.2500,199.0000,199.5000,6822
2025-04-22,XDAX,198.6800,200.1500,198.3200,200.1500,1337
2025-04-23,XDAX,204.7500,207.0000,204.5000,206.5500,15823
2025-04-24,XDAX,205.6500,206.7500,204.3500,207.5000,5331
2025-04-25,XDAX,208.6000,209.8500,208.2000,209.0500,2791
2025-04-28,XDAX,209.8500,210.9500,209.4000,209.4000,871
2025-04-29,XDAX,210.4000,211.1000,210.0500,211.1000,5516
2025-04-30,XDAX,212.0000,212.4000,209.1500,211.1500,6533
2025-05-02,XDAX,214.3500,217.1000,214.3500,217.1000,941
2025-05-05,XDAX,217.1000,220.3000,217.1000,219.3000,1509
2025-05-06,XDAX,219.6500,219.7500,214.7500,218.3500,7127
2025-05-07,XDAX,218.5000,218.7500,217.3000,217.2000,941
2025-05-08,XDAX,218.6500,219.9000,218.6000,219.4500,5733
2025-05-09,XDAX,220.3500,221.0500,219.9500,220.6000,4670
2025-05-12,XDAX,223.7000,224.3000,219.8500,221.2000,59221
2025-05-13,XDAX,221.3000,221.8000,221.1500,221.7500,972
2025-05-14,XDAX,222.5000,222.5000,220.0000,220.6000,1491
2025-05-15,XDAX,219.6000,222.3000,219.6000,222.3000,1094
2025-05-16,XDAX,223.6500,224.0500,222.0500,223.0000,1753
2025-05-19,XDAX,222.7000,224.3500,222.1500,224.3000,8887
2025-05-20,XDAX,224.8000,225.9500,224.2500,225.3000,1047
2025-05-21,XDAX,225.1500,226.4000,224.1500,226.2000,1257
2025-05-22,XDAX,225.5000,225.5000,223.8000,225.1500,5029
2025-05-23,XDAX,225.7000,226.4000,218.7000,221.6000,10411
2025-05-26,XDAX,225.4000,225.4500,224.4500,225.0500,1282
2025-05-27,XDAX,225.7500,227.7000,225.7500,227.5000,8920
2025-05-28,XDAX,227.6500,228.0500,225.4000,225.4000,1853
2025-05-29,XDAX,227.2000,227.3000,224.4500,224.4500,3487
2025-05-30,XDAX,224.9000,226.5500,224.9000,225.0500,716
2025-06-02,XDAX,224.5500,225.0000,222.6000,224.4500,2592
2025-06-03,XDAX,225.3500,225.8500,223.7500,225.8500,960
2025-06-04,XDAX,227.3500,228.1500,226.2500,227.6500,3002
2025-06-05,XDAX,227.7000,229.3000,227.5000,228.1000,5338
2025-06-06,XDAX,227.8500,228.2500,227.1000,227.8000,1113
2025-06-09,XDAX,227.1000,227.3000,226.0000,226.7500,4760
2025-06-10,XDAX,226.4000,226.5000,224.8000,225.0500,4809
2025-06-11,XDAX,225.3500,226.0000,224.7000,224.7000,3740
2025-06-12,XDAX,223.1000,223.8000,221.6000,222.9500,7486
2025-06-13,XDAX,220.0000,220.6500,219.0000,220.3500,4409
2025-06-16,XDAX,221.4000,222.3000,220.9000,222.3000,2251
2025-06-17,XDAX,220.0500,220.5500,218.8000,219.9500,88342
2025-06-18,XDAX,219.8500,220.3500,218.4000,218.8500,3093
2025-06-19,XDAX,217.5000,217.9500,216.1500,216.2500,1995
2025-06-20,XDAX,217.6500,220.0500,217.5000,218.7000,7811
2025-06-23,XDAX,217.7500,219.1500,216.4000,218.2000,1259
2025-06-24,XDAX,222.5000,223.1500,221.4500,221.8000,9885
2025-06-25,XDAX,222.0000,222.0000,220.1000,220.5000,16697
2025-06-26,XDAX,221.8500,222.3500,220.5500,221.6000,17853
2025-06-27,XDAX,223.3000,225.0000,223.2000,225.1000,1540
2025-06-30,XDAX,225.8500,225.8500,223.9500,224.3500,1153
2025-07-01,XDAX,224.8500,224.8500,222.0500,222.0500,2961
2025-07-02,XDAX,223.3500,223.3500,221.8000,223.0000,1290
2025-07-03,XDAX,224.0500,224.0500,222.9000,224.1000,1523
2025-07-04,XDAX,223.8500,223.8500,222.2500,223.1500,2171
2025-07-07,XDAX,223.8500,225.4000,223.7000,225.4000,2136
2025-07-08,XDAX,226.1500,227.3500,225.7000,227.1000,1016
2025-07-09,XDAX,227.6500,230.6500,227.6500,229.9500,7303
2025-07-10,XDAX,231.0000,231.0000,229.3000,229.4500,1590
2025-07-11,XDAX,228.0000,228.1500,226.5500,227.4500,1589
2025-07-14,XDAX,225.3500,226.5500,224.9000,226.5500,2757
2025-07-15,XDAX,227.2000,227.3500,225.6000,225.6000,1849
2025-07-16,XDAX,225.0000,226.9000,224.8000,225.7500,1263
2025-07-17,XDAX,227.4500,228.4500,226.8500,228.4500,2073
2025-07-18,XDAX,229.3000,229.5000,227.5500,227.8000,250
2025-07-21,XDAX,228.0000,228.1500,226.9500,227.8500,1651
2025-07-22,XDAX,227.1000,227.1000,224.3500,225.3000,2351
2025-07-23,XDAX,227.5500,228.0500,226.3500,227.2500,3752
2025-07-24,XDAX,229.7500,229.7500,227.7000,227.8500,10347
2025-07-25,XDAX,225.9500,227.3500,225.7000,227.2500,2853
2025-07-28,XDAX,229.2500,229.2500,224.5000,224.5500,7209
2025-07-29,XDAX,225.8000,227.8500,225.7500,226.9000,2600
2025-07-30,XDAX,226.5000,227.6500,226.5000,227.5000,1995
2025-07-31,XDAX,228.2000,228.8000,225.5500,225.7000,3601
2025-08-01,XDAX,223.1500,223.1500,219.5000,219.6500,7272
2025-08-04,XDAX,220.6000,222.9500,220.6000,222.7000,5696
2025-08-05,XDAX,224.4000,224.8000,223.3000,223.5500,1168
2025-08-06,XDAX,224.9000,224.9500,223.4500,224.1500,1386
2025-08-07,XDAX,225.1000,228.2500,225.1000,226.7500,12747
2025-08-08,XDAX,226.4000,226.9000,226.0000,226.5500,3909
2025-08-11,XDAX,226.4500,226.4500,225.4000,225.7000,3130
2025-08-12,XDAX,226.2500,226.2500,224.6000,225.5000,3407
2025-08-13,XDAX,226.6000,227.2500,226.6000,226.8000,923
2025-08-14,XDAX,227.0000,228.7500,227.0000,228.4500,2542
2025-08-18,XDAX,227.9500,228.2000,227.5000,228.0000,102
2025-08-19,XDAX,228.4500,229.1000,228.0500,229.1000,1610
2025-08-20,XDAX,227.2000,228.3000,227.1000,227.6500,3065
2025-08-21,XDAX,227.6500,227.8000,226.8500,227.7500,3387
2025-08-22,XDAX,227.4500,229.2000,227.2500,228.5000,2296
2025-08-25,XDAX,227.3500,228.4500,227.1500,227.5500,2475
2025-08-26,XDAX,226.1500,227.4000,225.3500,226.7500,5327
2025-08-27,XDAX,226.9000,226.9000,224.8000,225.5500,2033
2025-08-28,XDAX,226.9500,226.9500,224.8000,225.4000,5677
2025-08-29,XDAX,225.0000,225.6000,223.9000,224.2500,1077
2025-09-01,XDAX,225.0500,225.4500,224.9000,225.3000,2191
2025-09-02,XDAX,224.8000,224.8000,220.3000,220.3000,10561
2025-09-03,XDAX,220.9000,222.0500,220.5500,221.3500,9034
2025-09-04,XDAX,221.7500,223.0000,221.7500,222.7500,4987
2025-09-05,XDAX,223.5000,223.5000,220.9500,221.1500,5531
2025-09-08,XDAX,222.7500,223.2500,222.1000,223.2500,4170
2025-09-09,XDAX,222.9000,223.6000,221.6500,222.4500,20055
2025-09-10,XDAX,223.3500,223.7000,221.3000,221.5500,57304
2025-09-11,XDAX,221.6000,222.6500,221.2500,222.0500,15831
2025-09-12,XDAX,222.8000,222.8000,221.3500,222.0500,2466
2025-09-15,XDAX,222.8000,223.6000,222.1500,222.6500,3656
2025-09-16,XDAX,221.7500,222.0500,218.7000,218.7500,3687
2025-09-17,XDAX,219.6500,220.0000,218.2500,218.8500,12007
2025-09-18,XDAX,220.5000,222.0500,220.5000,221.9000,2409
2025-09-19,XDAX,222.1000,222.7500,221.4000,221.5500,1436
2025-09-22,XDAX,221.0000,221.0000,219.7000,220.5000,4740
2025-09-23,XDAX,221.7500,222.4000,221.1000,221.4000,1446
2025-09-24,XDAX,220.8500,222.5500,220.8500,222.0000,1978
2025-09-25,XDAX,221.3500,221.3500,219.2000,220.4500,6109
2025-09-26,XDAX,221.1500,222.5500,221.1500,222.5000,5307
2025-09-29,XDAX,223.1000,223.3000,222.2000,222.9000,6609
2025-09-30,XDAX,222.2500,223.9500,222.2500,223.8500,3450
2025-10-01,XDAX,222.9500,226.3500,222.7500,226.1500,7117
2025-10-02,XDAX,227.9500,229.6000,227.5000,229.1500,5649
2025-10-03,XDAX,229.5000,229.5000,228.3000,228.6000,2539
2025-10-06,XDAX,228.4000,229.1500,227.9000,228.6500,3749
2025-10-07,XDAX,228.6000,229.1500,227.9500,228.7000,1480
2025-10-08,XDAX,228.5000,230.8500,228.4000,230.6500,4657
2025-10-09,XDAX,231.0500,231.9500,230.6500,231.1000,716
2025-10-10,XDAX,231.3500,231.3500,227.4500,227.5000,1653
2025-10-13,XDAX,228.6000,228.9500,227.6500,228.5000,756
2025-10-14,XDAX,226.6000,227.2500,225.1500,227.2000,11179
2025-10-15,XDAX,227.5500,228.0500,226.7500,227.0000,3403
2025-10-16,XDAX,226.5000,227.5500,226.0000,227.5500,19397
2025-10-17,XDAX,223.3000,224.8500,222.3500,223.6000,4847
2025-10-20,XDAX,225.5000,227.7000,225.5000,227.7500,2239
2025-10-21,XDAX,227.6500,227.8000,227.1000,228.3000,577
2025-10-22,XDAX,227.7500,228.0000,226.4000,226.4500,1051
2025-10-23,XDAX,226.8000,226.9500,225.4500,226.9500,6342
2025-10-27,XDAX,228.0000,228.0000,226.8500,227.9000,4880
2025-10-28,XDAX,226.8500,228.0500,226.8500,227.6500,5807
2025-10-29,XDAX,227.2500,227.7000,225.9000,226.2000,2534
2025-10-30,XDAX,226.8500,226.8500,225.5500,226.2500,2330
2025-10-31,XDAX,225.3000,225.5000,224.3000,224.7000,1250
2025-11-03,XDAX,225.0000,227.2500,225.0000,226.1500,716
2025-11-04,XDAX,222.9500,224.6000,222.0000,224.4000,4878
2025-11-05,XDAX,222.8000,225.8500,222.5000,225.4000,5086
2025-11-06,XDAX,224.8500,225.4500,222.4500,222.5500,2185
2025-11-07,XDAX,223.2000,223.2500,220.0000,220.7000,12524
2025-11-10,XDAX,224.5000,225.1500,223.6500,224.6500,10735
2025-11-11,XDAX,225.0000,225.6000,224.5500,225.9000,11130
2025-11-12,XDAX,227.3000,228.8500,227.3000,228.5500,4950
2025-11-13,XDAX,228.8500,228.8500,225.4500,225.4500,2794
2025-11-14,XDAX,224.8000,224.8000,221.4000,223.8500,7468
2025-11-17,XDAX,224.1000,224.1500,220.7500,221.2000,3151
2025-11-18,XDAX,218.0000,218.8000,216.5000,217.2000,10468
2025-11-19,XDAX,217.3500,219.0500,216.8000,217.4500,13672
2025-11-20,XDAX,219.1000,220.2500,218.6000,218.4500,15908
2025-11-21,XDAX,215.2000,217.8000,215.2000,216.5000,10925
2025-11-24,XDAX,217.9500,219.0500,217.3000,217.9000,5231
2025-11-25,XDAX,218.0500,220.0000,217.0500,219.9000,6071
2025-11-26,XDAX,221.1500,222.3000,219.8000,222.1000,1199
2025-11-27,XDAX,222.4500,223.2500,222.4500,222.8500,2668
2025-11-28,XDAX,222.5000,223.9000,222.3000,223.4000,3678
2025-12-01,XDAX,222.1500,222.3000,219.6500,221.1000,6231
2025-12-02,XDAX,221.3000,222.9000,221.3000,222.3000,5611
2025-12-03,XDAX,223.0500,223.3000,221.6000,221.9500,10279
2025-12-04,XDAX,223.3500,224.2000,223.2500,223.9000,46220
2025-12-05,XDAX,224.5500,226.0500,224.4000,225.3000,10636
2025-12-08,XDAX,225.1000,225.9000,225.0500,225.4500,1905
2025-12-09,XDAX,226.1500,226.5500,225.9500,226.5500,1522
2025-12-10,XDAX,226.0000,226.0000,225.1500,225.9500,2997
2025-12-11,XDAX,225.3000,228.3000,225.3000,227.6500,35022
2025-12-12,XDAX,228.7500,229.2000,226.6500,226.9000,2767
2025-12-15,XDAX,227.7000,227.9000,226.7500,227.1000,4285
2025-12-16,XDAX,226.0000,226.5500,225.0500,225.8000,7383
2025-12-17,XDAX,226.2500,226.6000,224.5000,224.6000,5910
2025-12-18,XDAX,224.1500,226.7500,224.1500,226.8000,10934
2025-12-19,XDAX,226.7500,227.7000,226.4500,227.7000,11985
2025-12-22,XDAX,227.8500,228.1500,226.9500,227.7500,1858
2025-12-23,XDAX,227.9000,228.1500,227.3500,228.1500,1188
2025-12-29,XDAX,228.1500,228.4500,227.2500,228.3500,7531
2025-12-30,XDAX,228.3000,230.9000,228.2000,230.9000,3888
2026-01-02,XDAX,229.7000,231.3000,229.2500,230.1000,10289
2026-01-05,XDAX,231.0500,232.5000,231.0500,232.9500,2106
2026-01-06,XDAX,233.3500,233.9000,233.1500,233.3500,4495
2026-01-07,XDAX,234.3000,235.4000,234.3000,235.4000,5271
2026-01-08,XDAX,235.6000,236.2000,234.8000,235.6000,11993
2026-01-09,XDAX,235.6500,236.9000,235.3500,236.7000,4233
2026-01-12,XDAX,236.7000,238.2000,236.5000,238.1000,5980
2026-01-13,XDAX,238.1500,238.6500,237.5000,238.3000,9031
2026-01-14,XDAX,238.4500,238.4500,237.0000,237.0000,7434
2026-01-15,XDAX,236.8500,237.9000,236.5500,237.6500,2532
2026-01-16,XDAX,237.5500,237.6000,236.4000,236.9000,2783
2026-01-19,XDAX,233.6000,234.8000,233.5500,233.8500,2106
2026-01-20,XDAX,231.9000,232.0000,229.6500,231.4000,5941
2026-01-21,XDAX,230.6500,231.0000,228.4000,230.3500,2951
2026-01-22,XDAX,233.1000,233.6500,232.2000,233.1500,16824
2026-01-23,XDAX,232.5500,233.6000,232.4500,233.2500,2865
2026-01-26,XDAX,233.2500,233.9500,232.4500,233.8000,3802
2026-01-27,XDAX,234.3000,234.3000,233.0000,233.4000,2020
2026-01-28,XDAX,233.4000,233.4500,231.6500,232.8000,6739
2026-01-29,XDAX,230.7500,232.0000,227.6000,227.7500,7682
2026-01-30,XDAX,228.6000,230.3000,228.5000,229.8000,8945
2026-02-02,XDAX,228.7000,232.7500,228.7000,232.3500,2500
2026-02-03,XDAX,234.7500,235.0000,231.5500,232.1500,4096
2026-02-04,XDAX,232.7000,232.7000,230.7500,231.0500,3260
2026-02-05,XDAX,230.4000,230.9500,227.6000,229.0500,69190
2026-02-06,XDAX,229.3000,231.6500,229.1500,231.6000,9314
2026-02-09,XDAX,233.3000,234.3500,231.8000,234.3500,2559
2026-02-10,XDAX,234.2000,235.0000,233.9000,234.1000,5761
2026-02-11,XDAX,233.8000,233.9500,232.9500,233.1500,3020
2026-02-12,XDAX,234.8500,236.4000,232.7500,232.5500,3712
2026-02-13,XDAX,232.6500,233.5000,232.3500,233.2500,24284
2026-02-16,XDAX,234.1500,234.1500,232.4000,232.4000,2418
2026-02-17,XDAX,232.2000,234.3500,231.8500,234.2500,1471
2026-02-18,XDAX,235.6000,236.7000,235.1500,236.8500,6830
2026-02-19,XDAX,236.0500,236.1000,234.4000,234.3500,2047
2026-02-20,XDAX,234.6000,236.6000,234.3500,236.5500,4094
2026-02-23,XDAX,235.2000,235.9500,233.9000,234.2000,2240
2026-02-24,XDAX,233.4000,234.8500,233.1000,234.4000,3444
2026-02-25,XDAX,234.7500,235.8500,234.4000,235.8000,969
2026-02-26,XDAX,235.2000,237.0500,235.2000,236.7500,2394
2026-02-27,XDAX,236.9000,237.8000,236.0500,236.9500,6106
2026-03-02,XDAX,231.3000,232.9500,230.1500,230.8000,15215
2026-03-03,XDAX,226.8000,226.8000,221.1500,222.9000,31872
2026-03-04,XDAX,223.6500,226.9500,223.0500,226.7500,36451
2026-03-05,XDAX,225.6500,228.0000,222.6500,222.6500,12763
2026-03-09,XDAX,215.3000,219.7500,214.8000,219.3000,45182
2026-03-10,XDAX,223.9000,225.3000,223.1000,224.1500,7575
2026-03-11,XDAX,221.9000,223.1000,220.4500,220.9500,4771
2026-03-12,XDAX,220.2500,221.6000,219.3000,220.7500,2825
2026-03-13,XDAX,218.4500,222.0000,218.4500,219.5000,5165
2026-03-16,XDAX,219.5500,221.9500,218.7000,220.8000,8057
2026-03-17,XDAX,220.3000,223.1000,219.8500,222.2000,15638
2026-03-18,XDAX,223.5500,224.3000,219.8500,220.3500,9191
2026-03-19,XDAX,216.8500,217.0000,213.5000,214.0000,31699
2026-03-20,XDAX,216.3500,216.9000,209.6500,209.7000,28424
2026-03-23,XDAX,205.5000,216.2000,204.9500,212.3500,68609
2026-03-24,XDAX,213.0000,213.0000,209.4000,212.0000,29127
2026-03-25,XDAX,215.5000,216.1500,214.6000,214.9500,17558
2026-03-26,XDAX,213.1500,213.5000,211.4000,211.8500,18187
2026-03-27,XDAX,211.5500,211.5500,208.1000,208.9500,14197
2026-03-30,XDAX,208.0500,211.0500,208.0500,210.7000,4478
2026-03-31,XDAX,211.2000,213.8000,210.9000,212.0000,8196
2026-04-01,XDAX,218.4500,218.7500,215.9500,218.2500,38995
2026-04-02,XDAX,214.7000,217.7000,212.4000,216.6500,34578
2026-04-07,XDAX,217.2500,219.1500,213.9500,214.5500,24552
2026-04-08,XDAX,225.4500,226.1000,223.9500,225.5000,50624
2026-04-09,XDAX,224.1500,224.1500,221.8000,222.5000,4273
2026-04-10,XDAX,223.0500,224.8000,222.9000,223.3500,6909
2026-04-13,XDAX,220.5500,222.3500,219.9000,222.2500,3600
2026-04-14,XDAX,224.7500,225.3500,224.3000,225.0500,10785
2026-04-15,XDAX,225.3500,225.9000,224.8000,225.3000,11959
2026-04-16,XDAX,225.6000,227.0000,225.4000,226.1000,13350
2026-04-17,XDAX,226.6000,232.0500,226.6000,231.2500,28211
2026-04-20,XDAX,228.3000,229.3000,227.4500,228.8500,12027
2026-04-21,XDAX,229.3000,230.3000,227.0000,227.4000,3118
2026-04-22,XDAX,228.2500,228.2500,226.1500,226.6000,7827
2026-04-23,XDAX,225.4000,226.5500,224.9500,226.1000,14590
2026-04-24,XDAX,226.2000,227.1000,224.8500,225.9000,19287
2026-04-27,XDAX,226.8000,228.0000,225.2500,225.5000,4852
2026-04-28,XDAX,224.9000,226.0500,224.3500,224.7000,21007
2026-04-29,XDAX,225.3000,225.3000,224.1000,224.0500,3282
2026-04-30,XDAX,222.1000,227.0500,222.0000,227.1000,16730
2026-05-04,XDAX,227.2000,228.1500,224.4500,224.4500,43589
2026-05-05,XDAX,224.6500,227.5500,224.6500,228.1500,28234
2026-05-06,XDAX,230.6000,235.0500,230.6000,232.9000,53574
2026-05-07,XDAX,233.1500,233.9500,230.4500,230.6000,18372
2026-05-08,XDAX,228.2500,229.0000,226.9500,227.4000,17796
2026-05-11,XDAX,227.4500,227.5500,226.2500,227.4000,7800
2026-05-12,XDAX,224.7000,226.0500,223.5500,223.9500,5354
2026-05-13,XDAX,225.5500,226.1500,224.8000,225.1500,2730
2026-05-14,XDAX,227.5500,228.5500,227.5500,228.4000,11399
2026-05-15,XDAX,226.4500,226.6000,223.4000,223.7000,7459
2026-05-18,XDAX,222.6000,227.5000,222.6000,227.0500,24444
2026-05-19,XDAX,227.9000,230.1000,227.9000,228.1500,5529
2026-05-20,XDAX,227.4500,231.7500,227.0000,231.0500,5438
2026-05-21,XDAX,230.8000,232.4000,229.1000,229.9000,65341
2026-05-22,XDAX,231.6000,232.8000,230.6500,232.7500,28861
2026-05-25,XDAX,235.2500,237.2500,234.2000,237.0500,12155
2026-05-26,XDAX,236.2500,236.4000,235.2000,235.2000,24080
2026-05-27,XDAX,236.5500,237.0500,234.6000,235.4500,22071
2026-05-28,XDAX,234.4000,235.3500,233.3500,234.2000,11380
2026-05-29,XDAX,234.4500,235.2500,232.9000,234.6000,24679
2026-06-01,XDAX,234.6500,236.1000,232.5500,233.4000,18980
2026-06-02,XDAX,235.9500,236.5000,234.1000,234.6500,6339
2026-06-03,XDAX,233.0000,233.1000,231.2000,231.7000,13937
2026-06-04,XDAX,232.1500,233.2000,232.0500,232.9000,4399
2026-06-05,XDAX,232.3500,233.4000,231.6000,231.3500,8133
2026-06-08,XDAX,228.5000,230.5500,228.1500,229.8500,25569
2026-06-09,XDAX,229.7500,231.5000,227.9500,227.9500,11780
2026-06-10,XDAX,228.7000,228.7000,224.9500,226.0000,18358
2026-06-11,XDAX,226.0000,226.8500,225.3000,226.0000,9356
2026-06-12,XDAX,229.0500,231.1000,228.1000,230.0000,45267
2026-06-15,XDAX,234.1500,234.1500,232.4500,232.4500,5176
2026-06-16,XDAX,232.6500,234.4500,232.6500,232.6500,1839
2026-06-17,XDAX,231.8500,232.8000,231.4000,232.8000,5942
2026-06-18,XDAX,233.1500,233.7000,232.1000,233.7000,14728
2026-06-19,XDAX,234.1000,234.5500,233.0000,233.5500,3594
2026-06-22,XDAX,233.7500,234.8000,232.4500,234.7500,10845
2026-06-23,XDAX,231.9000,233.2500,230.9000,232.4500,14087
2026-06-24,XDAX,230.9500,230.9500,229.6000,230.9000,10273
2026-06-25,XDAX,231.5500,234.1500,231.5500,233.4000,9640
2026-06-26,XDAX,231.8000,232.0500,229.8000,230.5000,6838
2026-06-29,XDAX,230.4500,231.1000,229.1500,229.9500,3509
2026-06-30,XDAX,231.8500,233.5000,231.4500,233.1500,9523
2026-07-01,XDAX,233.5000,234.0000,232.5500,233.8500,10352
2026-07-02,XDAX,233.5500,239.4500,233.5000,238.5000,9827
2026-07-03,XDAX,240.7000,241.0000,239.2000,240.7500,4989
2026-07-06,XDAX,240.6000,241.8000,240.1500,241.1000,4383
2026-07-07,XDAX,240.7000,240.8000,237.8500,238.0000,4631
2026-07-08,XDAX,235.5500,235.5500,231.8000,232.5000,19609
2026-07-09,XDAX,233.9500,234.4500,232.1000,234.4500,16773
2026-07-10,XDAX,234.1000,235.1500,233.5500,234.1500,11227
2026-07-13,XDAX,233.5500,234.7500,233.5500,234.1500,9374
2026-07-14,XDAX,232.8500,235.0500,232.3500,234.7000,17685
2026-07-15,XDAX,232.8000,233.8000,231.8000,233.5000,9609
2026-07-16,XDAX,233.4500,233.6000,230.9000,232.6000,14479
2026-07-17,XDAX,230.9500,231.8500,230.3000,231.7500,5480
2026-07-20,XDAX,231.4500,233.0500,231.0500,232.0000,3779
2026-07-21,XDAX,231.7500,233.3000,231.6500,233.2500,2396
2026-07-22,XDAX,233.3000,235.5500,233.3000,234.8000,1376
2026-07-23,XDAX,233.8500,233.9000,230.7500,231.1500,5014
2026-07-24,XDAX,232.6000,234.1000,232.2000,234.2000,1833
2026-07-27,XDAX,237.6000,238.3500,236.8500,237.3500,7376
2026-07-28,XDAX,237.6500,238.2000,236.6500,237.7500,2443
2026-07-29,XDAX,238.4000,238.4000,236.6000,237.5500,901
2026-07-30,XDAX,236.6000,239.3000,236.1000,238.6500,328
2026-07-31,XDAX,240.6500,241.6000,238.7000,239.3500,4241
2026-08-03,XDAX,241.4000,243.5000,241.4000,242.8000,2176
2026-08-04,XDAX,244.6500,245.1000,243.5000,244.8000,3130
2026-08-05,XDAX,246.2000,246.2500,244.0500,244.1000,5175
2026-08-06,XDAX,244.1500,244.7500,243.8500,244.2000,2649
2026-08-07,XDAX,245.1500,246.6000,245.0500,245.7500,2265
2026-08-10,XDAX,245.8000,246.7500,245.6000,245.6500,3758
2026-08-11,XDAX,246.1000,247.1500,245.1500,246.4000,3154
2026-08-12,XDAX,246.8500,247.6500,245.6500,245.9000,807
2026-08-13,XDAX,246.5000,247.0500,245.5500,245.5500,499
2026-08-14,XDAX,246.8000,247.3500,246.6500,246.8000,132
2026-08-17,XDAX,246.8500,247.1500,245.9000,245.9000,3820
2026-08-18,XDAX,245.0500,245.1500,244.5000,244.1000,1384
2026-08-19,XDAX,244.0500,244.3500,243.4500,243.9000,3979
2026-08-20,XDAX,243.2500,243.2500,241.8500,242.4500,4960
2026-08-21,XDAX,242.6000,244.1500,242.4000,243.8500,976
2026-08-24,XDAX,243.4500,244.0500,243.2000,243.8000,875
2026-08-25,XDAX,244.6500,245.8500,244.5000,245.3000,2797
2026-08-26,XDAX,245.0000,246.8000,244.6000,245.6000,267
2026-08-27,XDAX,245.9500,246.4000,245.5500,245.9500,1057
2026-08-28,XDAX,247.6000,248.3500,247.3500,247.9500,1006
2026-08-31,XDAX,246.8500,246.8500,245.3000,245.3000,1166
2026-09-01,XDAX,244.2000,244.5000,242.0000,242.3500,1248
2026-09-02,XDAX,241.7000,241.9000,240.3500,241.1500,2564
2026-09-03,XDAX,241.5000,242.6500,240.9000,242.6500,1668
2026-09-04,XDAX,242.5500,243.8500,242.5500,243.1500,810
2026-09-07,XDAX,243.1500,243.1500,242.0000,242.7000,2242
2026-09-08,XDAX,242.1500,242.5500,240.9500,242.3000,2178
2024-09-09,XDW0,43.9500,44.2250,43.9500,44.2250,1011
2024-09-10,XDW0,44.1100,44.1100,43.2650,43.4600,4591
2024-09-11,XDW0,43.3650,43.5550,42.6200,42.8900,3675
2024-09-12,XDW0,43.4900,43.4900,43.2050,43.5550,3346
2024-09-13,XDW0,43.4700,43.7550,43.3950,43.6350,6070
2024-09-16,XDW0,43.4850,43.6450,43.4350,43.6000,4422
2024-09-17,XDW0,43.9600,44.2250,43.7600,44.2100,10677
2024-09-18,XDW0,44.2550,44.4550,44.0900,44.3250,2747
2024-09-19,XDW0,44.6450,45.0000,44.6450,45.0350,935
2024-09-20,XDW0,44.6750,44.6900,44.3550,44.4650,22753
2024-09-23,XDW0,44.5700,45.2000,44.5700,45.0900,3676
2024-09-24,XDW0,45.4200,45.7100,45.2050,45.2050,7002
2024-09-25,XDW0,45.0050,45.1100,44.7400,44.6850,1040
2024-09-26,XDW0,43.9250,43.9250,43.3800,43.4850,5436
2024-09-27,XDW0,43.5250,43.9250,43.5200,43.9250,4579
2024-09-30,XDW0,44.2600,44.3800,43.8450,44.1950,4648
2024-10-01,XDW0,44.3150,45.5750,44.1100,45.5750,2711
2024-10-02,XDW0,46.0000,46.5500,45.9000,45.9650,12020
2024-10-03,XDW0,46.3000,46.8000,46.1350,46.6600,7861
2024-10-04,XDW0,46.8950,47.8700,46.8950,47.5400,4883
2024-10-07,XDW0,47.6750,48.1950,47.6300,48.0050,10590
2024-10-08,XDW0,47.7100,47.7100,46.6300,46.8000,7177
2024-10-09,XDW0,46.7600,46.9350,46.5000,46.9350,8508
2024-10-10,XDW0,47.1950,47.6550,47.0800,47.4050,3976
2024-10-11,XDW0,47.3950,47.7250,47.2000,47.5900,17643
2024-10-14,XDW0,47.5650,47.7500,47.3950,47.6050,5334
2024-10-15,XDW0,46.9850,46.9850,46.1200,46.5650,15519
2024-10-16,XDW0,46.3300,46.6150,46.2550,46.5100,5323
2024-10-17,XDW0,46.6000,47.0950,46.4850,46.7650,2727
2024-10-18,XDW0,47.0050,47.1150,46.4650,46.4650,3558
2024-10-21,XDW0,46.9450,47.1650,46.8100,46.8100,3055
2024-10-22,XDW0,46.7000,47.0300,46.6650,46.9950,2911
2024-10-23,XDW0,47.0550,47.0550,46.6150,46.7000,2825
2024-10-24,XDW0,46.8900,47.0750,46.6500,46.5950,3824
2024-10-25,XDW0,46.5500,46.8450,46.5500,46.7750,1002
2024-10-28,XDW0,45.9000,46.2000,45.5300,46.1500,16037
2024-10-29,XDW0,46.2050,46.4450,45.7900,45.7850,5638
2024-10-30,XDW0,45.7000,45.9100,45.5400,45.6300,3607
2024-10-31,XDW0,45.6000,45.9100,45.3700,45.6600,2007
2024-11-01,XDW0,45.8950,46.1850,45.7850,45.8550,1245
2024-11-04,XDW0,45.6000,46.0600,45.6000,45.9250,12994
2024-11-05,XDW0,46.0100,46.2200,46.0100,46.2750,2140
2024-11-06,XDW0,47.3350,47.9450,47.1600,47.8450,10470
2024-11-07,XDW0,48.1150,48.1700,47.5550,47.6400,8455
2024-11-08,XDW0,47.8950,47.9000,47.6750,47.8950,2949
2024-11-11,XDW0,48.3100,48.6200,48.2100,48.4350,5423
2024-11-12,XDW0,48.4350,48.8000,48.3000,48.2950,9249
2024-11-13,XDW0,48.2600,48.5050,47.9750,48.5050,5132
2024-11-14,XDW0,48.9500,49.3150,48.9500,49.0300,10549
2024-11-15,XDW0,48.8950,49.5750,48.7150,49.0850,6541
2024-11-18,XDW0,49.3700,49.5000,48.9300,49.5000,3331
2024-11-19,XDW0,49.5750,49.5750,49.1100,49.3700,5866
2024-11-20,XDW0,49.5900,49.7100,49.4500,49.6350,4089
2024-11-21,XDW0,49.9650,50.8500,49.8700,50.7000,11815
2024-11-22,XDW0,50.8900,51.3200,50.8100,51.1900,2208
2024-11-25,XDW0,50.9700,50.9700,50.0400,50.0400,6243
2024-11-26,XDW0,49.7150,50.0700,49.5350,49.5600,3548
2024-11-27,XDW0,49.5350,49.5350,49.2000,49.3150,3165
2024-11-28,XDW0,49.3050,49.3500,49.1850,49.3200,2682
2024-11-29,XDW0,49.2000,49.4400,49.1350,49.3850,23416
2024-12-02,XDW0,49.4900,49.7100,49.0200,49.0200,3220
2024-12-03,XDW0,49.3500,49.5250,49.2400,49.3600,2940
2024-12-04,XDW0,49.3650,49.3850,48.4200,48.4200,5043
2024-12-05,XDW0,48.2450,48.4150,48.1600,48.2800,5515
2024-12-06,XDW0,48.2500,48.2500,47.5300,47.6500,5537
2024-12-09,XDW0,47.8000,48.1500,47.7550,47.9450,5273
2024-12-10,XDW0,47.7350,47.9900,47.5800,47.9650,8469
2024-12-11,XDW0,47.6100,47.6800,47.4150,47.5350,5099
2024-12-12,XDW0,47.5750,47.7600,47.2300,47.3300,2312
2024-12-13,XDW0,47.5450,47.5600,46.9000,47.0800,5140
2024-12-16,XDW0,46.9800,47.0500,46.3450,46.4050,8096
2024-12-17,XDW0,45.9100,46.1050,45.4900,45.4550,2638
2024-12-18,XDW0,45.8950,45.9100,45.6150,45.7850,5780
2024-12-19,XDW0,45.1500,45.4950,45.0050,45.0050,5611
2024-12-20,XDW0,44.8800,45.1400,44.5550,45.0750,7189
2024-12-23,XDW0,45.1500,45.2450,44.9450,45.0750,4354
2024-12-27,XDW0,44.6050,45.9300,44.6050,45.7250,2809
2024-12-30,XDW0,45.6850,45.8200,45.5450,45.8100,4088
2025-01-02,XDW0,46.8000,47.6400,46.6600,47.6000,6103
2025-01-03,XDW0,47.6850,47.9500,47.4050,47.7450,3883
2025-01-06,XDW0,47.7050,48.0850,47.5000,47.8050,2522
2025-01-07,XDW0,47.4550,48.2250,47.3500,47.9800,2415
2025-01-08,XDW0,48.1300,48.2450,47.8000,48.0400,5279
2025-01-09,XDW0,48.0950,48.2350,48.0250,48.2350,1911
2025-01-10,XDW0,48.1950,49.2700,48.1700,48.3950,6698
2025-01-13,XDW0,48.7250,49.5400,48.6650,49.5250,10248
2025-01-14,XDW0,49.1850,49.1950,48.8850,48.9950,8028
2025-01-15,XDW0,49.3050,49.9550,49.2050,49.9550,4695
2025-01-16,XDW0,49.9900,50.1500,49.7700,49.8600,6750
2025-01-17,XDW0,50.4000,50.5900,50.1800,50.5200,4435
2025-01-20,XDW0,50.6000,50.6000,50.1400,50.2400,8254
2025-01-21,XDW0,50.3600,50.5000,49.8500,49.9250,6674
2025-01-22,XDW0,49.6750,49.7800,49.2950,49.5900,4865
2025-01-23,XDW0,49.1850,49.6050,49.1300,49.1400,5236
2025-01-24,XDW0,49.1850,49.1850,48.4200,48.5300,10263
2025-01-27,XDW0,48.5450,48.6000,47.7650,47.8650,8362
2025-01-28,XDW0,48.3000,48.4400,47.7750,47.8150,3470
2025-01-29,XDW0,47.9550,48.0450,47.6500,48.0450,4873
2025-01-30,XDW0,48.0750,48.5300,48.0600,48.3850,2037
2025-01-31,XDW0,48.4700,48.7250,47.6900,48.0300,3954
2025-02-03,XDW0,47.8550,47.9800,47.3950,47.9350,16458
2025-02-04,XDW0,47.7400,48.5050,47.4800,48.5050,4786
2025-02-05,XDW0,48.5250,48.6250,48.3150,48.5250,3992
2025-02-06,XDW0,48.6400,49.2000,48.3000,48.2800,1715
2025-02-07,XDW0,48.1500,48.4050,47.9350,48.3450,19947
2025-02-10,XDW0,48.4550,49.1400,48.4000,49.1400,5136
2025-02-11,XDW0,49.2950,49.6600,49.2250,49.5550,5884
2025-02-12,XDW0,49.3600,49.6500,49.1000,49.1450,4612
2025-02-13,XDW0,48.4550,48.4700,48.0100,48.3350,4479
2025-02-14,XDW0,48.4900,48.6150,48.3900,48.5800,3789
2025-02-17,XDW0,48.4600,48.5300,48.4150,48.4950,4339
2025-02-18,XDW0,48.6200,48.8400,48.5000,48.7450,9387
2025-02-19,XDW0,49.2050,49.4450,48.9850,49.4500,1517
2025-02-20,XDW0,49.1250,49.2600,49.1250,49.1400,3806
2025-02-21,XDW0,49.2150,49.3550,49.1300,49.0850,4854
2025-02-24,XDW0,48.6400,48.7700,48.3350,48.6350,2559
2025-02-25,XDW0,48.6250,48.6350,47.6000,47.5400,1342
2025-02-26,XDW0,47.9050,47.9800,47.6500,47.7400,8615
2025-02-27,XDW0,47.9650,48.4950,47.8350,48.3900,3731
2025-02-28,XDW0,48.0500,48.4000,48.0000,48.1950,3241
2025-03-03,XDW0,48.8700,48.8700,48.1400,48.1450,10543
2025-03-04,XDW0,46.9400,46.9400,45.7850,46.0150,7862
2025-03-05,XDW0,46.0100,46.0100,44.4000,44.4500,15801
2025-03-06,XDW0,44.8400,44.9450,44.4300,44.9200,3982
2025-03-07,XDW0,45.1300,45.4900,44.9350,45.1150,2476
2025-03-10,XDW0,45.4500,46.2250,45.3000,45.7650,2754
2025-03-11,XDW0,45.7850,45.9950,45.0000,45.1450,9295
2025-03-12,XDW0,45.4600,45.5900,45.3550,45.6000,2241
2025-03-13,XDW0,45.6250,45.7850,45.5950,45.6800,1237
2025-03-14,XDW0,45.7550,46.3600,45.6800,46.3400,2261
2025-03-17,XDW0,46.4600,47.0700,46.4600,47.0700,2698
2025-03-18,XDW0,47.0300,47.3300,46.9700,47.0400,4244
2025-03-19,XDW0,47.2000,47.9750,47.1900,47.9750,3280
2025-03-20,XDW0,48.3950,48.3950,47.9350,48.2400,5039
2025-03-21,XDW0,48.4950,48.5300,48.1200,48.1700,702
2025-03-24,XDW0,48.5050,49.0250,48.2000,48.8100,5163
2025-03-25,XDW0,48.9250,49.3300,48.8650,48.9700,4868
2025-03-26,XDW0,49.1700,49.8950,49.0600,49.5750,3245
2025-03-27,XDW0,49.5550,49.5600,49.0650,49.3350,989
2025-03-28,XDW0,48.9250,49.2100,48.5050,48.4750,2542
2025-03-31,XDW0,48.3100,49.3000,48.3050,49.1850,1618
2025-04-01,XDW0,49.0900,49.1650,48.7650,49.1650,3093
2025-04-02,XDW0,49.3550,49.3550,48.9900,49.0700,4905
2025-04-03,XDW0,47.2350,47.6450,45.5950,45.9100,11541
2025-04-04,XDW0,44.9100,44.9100,42.2700,42.4550,9976
2025-04-07,XDW0,39.1500,41.5400,39.1500,40.5850,28496
2025-04-08,XDW0,41.7100,42.1350,41.4600,41.4600,8675
2025-04-09,XDW0,41.0000,41.0000,38.5550,39.2750,5594
2025-04-10,XDW0,42.9650,43.1300,40.3300,39.7750,5870
2025-04-11,XDW0,39.6300,39.8950,38.7650,39.0300,6869
2025-04-14,XDW0,39.6500,41.0100,39.6500,40.1950,12777
2025-04-15,XDW0,40.7550,41.0250,40.4450,40.8850,11427
2025-04-16,XDW0,40.1100,41.2450,40.1100,41.2450,1815
2025-04-17,XDW0,41.1500,41.8550,41.0400,41.8550,1452
2025-04-22,XDW0,40.8850,41.3700,40.8200,41.2800,1913
2025-04-23,XDW0,42.1300,42.5750,41.4800,41.4850,12586
2025-04-24,XDW0,41.8000,42.0850,41.6300,42.0100,4269
2025-04-25,XDW0,42.2900,42.2900,41.9700,42.1150,2813
2025-04-28,XDW0,42.4150,42.4150,42.0900,42.2200,3589
2025-04-29,XDW0,42.3050,42.4450,42.0000,42.1450,2427
2025-04-30,XDW0,41.9350,42.0700,41.3700,41.6500,7222
2025-05-02,XDW0,42.1550,42.1550,41.4600,41.9100,2860
2025-05-05,XDW0,41.6900,41.7800,41.2800,41.5750,3455
2025-05-06,XDW0,41.7550,41.8350,41.5750,41.8100,4500
2025-05-07,XDW0,41.7250,41.8550,41.3800,41.5700,9156
2025-05-08,XDW0,41.9000,42.3850,41.9000,42.3850,2916
2025-05-09,XDW0,42.4350,42.8750,42.4350,42.6250,5712
2025-05-12,XDW0,43.9900,44.5350,43.9000,43.9000,15590
2025-05-13,XDW0,44.0250,44.2250,43.9650,44.3350,598
2025-05-14,XDW0,44.2550,44.2550,43.8600,44.0750,2779
2025-05-15,XDW0,43.3300,43.7850,43.3000,43.7850,4923
2025-05-16,XDW0,44.0900,44.2850,43.8850,44.0300,1286
2025-05-19,XDW0,43.7650,43.7650,43.2600,43.3800,27691
2025-05-20,XDW0,43.4750,43.6200,43.2500,43.3800,1389
2025-05-21,XDW0,43.1800,43.1800,42.7000,42.7100,1563
2025-05-22,XDW0,42.2350,42.4550,41.9400,42.0950,999
2025-05-23,XDW0,42.2250,42.3700,41.7100,42.2000,2940
2025-05-26,XDW0,42.5750,42.7100,42.4750,42.6050,393
2025-05-27,XDW0,42.5900,42.8950,42.4500,42.7050,11760
2025-05-28,XDW0,42.8400,42.9600,42.6000,42.5800,7099
2025-05-29,XDW0,43.1400,43.1550,42.1900,42.1900,4220
2025-05-30,XDW0,42.5950,42.6650,42.2550,42.2650,1296
2025-06-02,XDW0,42.3500,42.6950,42.2750,42.4450,2455
2025-06-03,XDW0,42.4450,43.1200,42.4450,43.3050,763
2025-06-04,XDW0,43.1950,43.3550,42.5700,42.6500,2001
2025-06-05,XDW0,42.5100,42.5600,42.1900,42.4050,3781
2025-06-06,XDW0,42.4700,43.1500,42.4650,43.1000,1298
2025-06-09,XDW0,43.0700,43.1650,42.9500,43.1100,4346
2025-06-10,XDW0,43.2400,43.4200,43.2400,43.9000,1756
2025-06-11,XDW0,43.7350,43.9900,43.5650,43.5850,2144
2025-06-12,XDW0,43.5750,44.0100,43.5300,43.9600,694
2025-06-13,XDW0,45.3550,45.6600,44.6150,44.7050,10674
2025-06-16,XDW0,45.3450,45.3700,44.4750,44.5300,46711
2025-06-17,XDW0,44.6300,45.4150,44.6300,45.3200,7462
2025-06-18,XDW0,45.4200,45.4900,44.9800,44.9800,7580
2025-06-19,XDW0,45.4950,45.7300,45.4350,45.7300,2423
2025-06-20,XDW0,45.0700,45.3500,44.9950,45.2150,27989
2025-06-23,XDW0,45.8550,45.9500,45.1200,45.1200,9596
2025-06-24,XDW0,43.6100,43.8450,43.3150,43.5300,4368
2025-06-25,XDW0,43.6250,43.6250,43.1400,43.1450,1885
2025-06-26,XDW0,42.9900,43.4350,42.9300,43.3650,4413
2025-06-27,XDW0,43.5850,43.6000,43.2000,43.2000,697
2025-06-30,XDW0,43.3600,43.3600,42.9750,43.0200,3340
2025-07-01,XDW0,42.9000,42.9800,42.5000,42.9800,11166
2025-07-02,XDW0,43.3150,43.5400,43.1600,43.3050,3552
2025-07-03,XDW0,43.6500,43.9800,43.6000,43.8300,2199
2025-07-04,XDW0,43.6200,43.6200,43.4050,43.4900,7913
2025-07-07,XDW0,43.4050,43.6350,43.3350,43.3350,2613
2025-07-08,XDW0,43.3350,44.2000,43.2150,44.1150,17283
2025-07-09,XDW0,44.3250,44.5600,44.1700,44.2900,4491
2025-07-10,XDW0,44.2200,44.5100,43.9300,44.4950,3594
2025-07-11,XDW0,44.5200,44.8400,44.3000,44.8400,2699
2025-07-14,XDW0,44.7000,44.9200,44.3850,44.3850,2884
2025-07-15,XDW0,44.4000,44.5400,44.3200,44.4450,699
2025-07-16,XDW0,44.2250,44.4200,43.6500,43.6500,2316
2025-07-17,XDW0,43.9600,44.0950,43.8550,44.0950,3090
2025-07-18,XDW0,44.2150,44.5350,43.8900,44.0300,7276
2025-07-21,XDW0,43.8000,43.9400,43.4800,43.4800,1638
2025-07-22,XDW0,43.3650,43.4200,43.2200,43.3250,2642
2025-07-23,XDW0,43.6450,43.8300,43.5750,43.8250,2389
2025-07-24,XDW0,43.9150,43.9750,43.5550,43.9100,546
2025-07-25,XDW0,44.0800,44.2400,43.8100,43.9150,2873
2025-07-28,XDW0,44.4150,44.8550,44.2750,44.7750,3295
2025-07-29,XDW0,45.0250,45.3750,45.0200,45.2250,1593
2025-07-30,XDW0,45.5100,45.5500,45.2250,45.2600,5887
2025-07-31,XDW0,45.1200,45.4100,44.9950,45.0850,3358
2025-08-01,XDW0,45.1350,45.2300,43.9800,44.0700,2065
2025-08-04,XDW0,44.3200,44.3350,44.0500,44.1700,69186
2025-08-05,XDW0,44.3000,44.3250,44.2150,43.9000,2058
2025-08-06,XDW0,44.4400,44.6700,44.3250,44.3650,16842
2025-08-07,XDW0,43.9800,44.2600,43.7700,43.7700,1758
2025-08-08,XDW0,43.7200,44.1550,43.6900,43.7950,9439
2025-08-11,XDW0,43.7800,44.1250,43.7800,43.8250,6781
2025-08-12,XDW0,43.9550,43.9850,43.5900,43.9250,3325
2025-08-13,XDW0,43.7050,43.8300,43.4800,43.6200,2455
2025-08-14,XDW0,44.0550,44.0550,43.7700,43.9550,6116
2025-08-18,XDW0,43.8350,44.0200,43.6400,43.9100,1357
2025-08-19,XDW0,43.7200,43.9550,43.6900,43.9350,2605
2025-08-20,XDW0,43.9050,44.2050,43.9050,44.1800,3605
2025-08-21,XDW0,44.2800,44.3400,44.2200,44.4700,5769
2025-08-22,XDW0,44.8500,45.1100,44.7850,44.9450,11999
2025-08-25,XDW0,44.9750,45.1800,44.9750,45.1800,31511
2025-08-26,XDW0,45.3950,45.3950,45.0000,45.0050,505
2025-08-27,XDW0,45.4200,45.8750,45.3850,45.6050,11415
2025-08-28,XDW0,45.8800,45.8800,45.3800,45.6250,1282
2025-08-29,XDW0,45.9400,46.1100,45.7300,45.8750,2506
2025-09-01,XDW0,45.9950,46.0900,45.8350,46.0900,1805
2025-09-02,XDW0,46.1550,46.4200,45.8550,45.9800,10917
2025-09-03,XDW0,46.1800,46.1800,45.3000,45.3350,6437
2025-09-04,XDW0,45.3550,45.5700,45.3300,45.5200,10304
2025-09-05,XDW0,45.4450,45.4450,44.2500,44.3450,1596
2025-09-08,XDW0,44.6500,44.7950,44.0900,44.3300,5878
2025-09-09,XDW0,44.4450,45.1150,44.4300,44.9550,5157
2025-09-10,XDW0,44.8200,45.2500,44.7200,44.9750,5957
2025-09-11,XDW0,45.4450,45.5000,44.9750,45.3950,9131
2025-09-12,XDW0,45.0900,45.5500,45.0400,45.3350,6472
2025-09-15,XDW0,45.2000,45.2650,44.8500,45.0550,2556
2025-09-16,XDW0,44.8400,45.2150,44.7650,45.2150,4736
2025-09-17,XDW0,45.3000,45.3000,45.1150,45.2200,3988
2025-09-18,XDW0,45.2900,45.5750,45.1500,45.2750,5209
2025-09-19,XDW0,45.2950,45.4150,44.9350,44.9500,2247
2025-09-22,XDW0,45.0150,45.1200,44.7250,44.8650,1761
2025-09-23,XDW0,44.8400,45.9300,44.8400,45.7400,13907
2025-09-24,XDW0,45.4600,46.4450,45.4600,46.4350,5867
2025-09-25,XDW0,46.2400,46.6750,46.1250,46.6750,7198
2025-09-26,XDW0,46.7950,47.4700,46.7000,47.2350,2902
2025-09-29,XDW0,47.0500,47.0500,46.1050,46.1950,7358
2025-09-30,XDW0,46.0800,46.0800,45.4000,45.4850,9556
2025-10-01,XDW0,45.5100,45.7650,45.4950,45.7650,5466
2025-10-02,XDW0,45.6850,45.9800,45.5000,45.6050,6584
2025-10-03,XDW0,45.5650,45.6050,45.4050,45.6400,3448
2025-10-06,XDW0,46.1350,46.2800,45.9500,46.1300,4874
2025-10-07,XDW0,46.0950,46.2550,45.7050,45.9650,2852
2025-10-08,XDW0,46.5050,46.5050,45.9500,46.3100,10741
2025-10-09,XDW0,46.3050,46.5400,46.0700,46.1250,5209
2025-10-10,XDW0,45.7150,45.7650,44.9700,44.9800,7332
2025-10-13,XDW0,44.9450,45.0900,44.8250,45.0350,4365
2025-10-14,XDW0,44.8000,44.8950,44.4300,44.8500,7360
2025-10-15,XDW0,45.0100,45.3150,44.9300,44.9300,18037
2025-10-16,XDW0,44.9900,44.9900,44.6700,44.6700,5446
2025-10-17,XDW0,43.9400,44.4900,43.6350,44.3750,9383
2025-10-20,XDW0,44.6150,44.9700,44.4800,44.6600,4751
2025-10-21,XDW0,44.7550,45.0800,44.7550,44.8800,3563
2025-10-22,XDW0,45.2400,45.4550,45.1650,45.3300,4392
2025-10-23,XDW0,46.1650,46.6300,46.0300,46.3500,25492
2025-10-27,XDW0,46.1200,46.1900,45.8150,45.9750,2789
2025-10-28,XDW0,45.6800,45.8950,45.5450,45.6900,4533
2025-10-29,XDW0,45.9500,45.9600,45.7000,46.0900,2681
2025-10-30,XDW0,46.1400,46.4800,46.0000,46.4800,1032
2025-10-31,XDW0,46.0550,46.4450,45.7850,46.0100,9178
2025-11-03,XDW0,46.3650,46.6400,46.1000,46.4600,4876
2025-11-04,XDW0,46.0950,46.0950,45.7000,45.9050,3804
2025-11-05,XDW0,46.0700,46.5650,45.9950,46.5650,4092
2025-11-06,XDW0,46.1600,46.5600,46.0800,46.2500,3267
2025-11-07,XDW0,46.2950,46.6600,46.1600,46.4050,2072
2025-11-10,XDW0,47.0600,47.0600,46.5000,47.0200,5428
2025-11-11,XDW0,47.3150,47.8700,47.1750,47.8700,11498
2025-11-12,XDW0,47.9150,47.9150,47.3800,47.3850,5368
2025-11-13,XDW0,47.4200,47.5850,47.1750,47.4100,2524
2025-11-14,XDW0,47.3100,47.7900,47.0950,47.7850,6881
2025-11-17,XDW0,47.8350,48.0650,47.7650,47.8250,5773
2025-11-18,XDW0,47.1850,47.3050,47.0050,47.3150,9649
2025-11-19,XDW0,47.5050,47.6800,46.8200,47.1150,1422
2025-11-20,XDW0,47.5800,48.0150,47.4650,47.6400,6111
2025-11-21,XDW0,46.7500,47.1100,46.6400,46.8950,1893
2025-11-24,XDW0,46.8950,47.0000,46.3000,46.7100,31090
2025-11-25,XDW0,46.8200,46.8700,46.1500,46.5900,1463
2025-11-26,XDW0,46.6050,46.9050,46.5050,46.8450,6765
2025-11-27,XDW0,46.7700,46.8500,46.6850,46.7800,4794
2025-11-28,XDW0,46.8100,47.4150,46.8100,47.3800,4384
2025-12-01,XDW0,47.3000,47.6900,47.0500,47.5150,2996
2025-12-02,XDW0,47.5150,47.6200,47.0000,47.0000,2161
2025-12-03,XDW0,47.1700,47.5300,47.0900,47.5300,8408
2025-12-04,XDW0,47.7050,47.8450,47.4800,47.8450,4479
2025-12-05,XDW0,47.8050,47.9650,47.5950,47.9650,4970
2025-12-08,XDW0,47.6000,47.6300,47.0900,47.4250,2409
2025-12-09,XDW0,47.2850,47.6900,47.1200,47.5350,6130
2025-12-10,XDW0,47.1250,47.4000,47.1200,47.3200,2495
2025-12-11,XDW0,47.0600,47.1650,46.8400,47.0450,7011
2025-12-12,XDW0,47.0950,47.1600,46.5650,46.5350,2792
2025-12-15,XDW0,46.9700,46.9950,46.2300,46.2300,2916
2025-12-16,XDW0,46.2050,46.2050,45.0600,45.2050,3380
2025-12-17,XDW0,45.5400,45.6950,45.4000,45.4900,7442
2025-12-18,XDW0,46.0900,46.0900,45.6150,45.6700,4079
2025-12-19,XDW0,45.3200,45.8050,45.3200,45.7800,7795
2025-12-22,XDW0,45.7900,46.0350,45.7500,45.8850,5265
2025-12-23,XDW0,46.0600,46.0750,45.8450,46.0600,3037
2025-12-29,XDW0,46.0600,46.4800,46.0600,46.4300,5873
2025-12-30,XDW0,46.6200,46.7100,46.4550,46.6450,5364
2026-01-02,XDW0,46.9000,47.1150,46.5900,47.1150,10623
2026-01-05,XDW0,49.3650,49.3650,47.3000,47.8750,14946
2026-01-06,XDW0,48.3600,48.4550,47.8050,47.8050,5242
2026-01-07,XDW0,47.1600,47.2600,46.7550,46.8650,10751
2026-01-08,XDW0,46.5500,47.0200,46.4900,47.0200,9077
2026-01-09,XDW0,47.6250,48.1650,47.6100,48.0550,5742
2026-01-12,XDW0,47.8900,47.9750,47.7000,47.8050,7175
2026-01-13,XDW0,48.0000,48.8900,47.9700,48.7250,24048
2026-01-14,XDW0,48.5900,49.5250,48.5200,49.6400,14170
2026-01-15,XDW0,49.4550,49.7050,49.1200,49.7050,12421
2026-01-16,XDW0,49.5250,49.7250,49.4400,49.7200,6191
2026-01-19,XDW0,49.4000,49.5250,49.2500,49.5200,10186
2026-01-20,XDW0,49.2050,49.3750,48.8700,49.2400,33282
2026-01-21,XDW0,49.3350,50.1100,49.2200,50.0900,7023
2026-01-22,XDW0,50.4200,50.4200,49.6600,49.7550,13754
2026-01-23,XDW0,50.0300,50.8200,50.0300,50.5200,17427
2026-01-26,XDW0,50.5000,50.6900,49.8400,49.9100,20660
2026-01-27,XDW0,50.0900,50.2100,49.7500,50.0100,8730
2026-01-28,XDW0,50.2000,50.8000,50.1700,50.8000,8987
2026-01-29,XDW0,51.2000,52.2200,51.0900,51.7500,92846
2026-01-30,XDW0,50.8800,51.7500,50.7700,51.7500,10978
2026-02-02,XDW0,50.8100,51.5500,50.6600,51.4800,29824
2026-02-03,XDW0,51.1300,52.2800,50.9700,52.2100,25560
2026-02-04,XDW0,52.7900,53.5200,52.5600,53.4000,27186
2026-02-05,XDW0,53.4500,53.8000,52.5400,52.5600,8595
2026-02-06,XDW0,53.3200,54.0100,53.1700,53.7200,14963
2026-02-09,XDW0,53.4900,53.8400,53.3800,53.8400,31751
2026-02-10,XDW0,53.8800,54.2500,53.6100,53.8600,14445
2026-02-11,XDW0,54.1700,55.3500,54.1700,55.3200,35201
2026-02-12,XDW0,55.5400,55.5600,55.0200,55.0600,23198
2026-02-13,XDW0,54.5100,54.9700,54.1400,54.9700,39673
2026-02-16,XDW0,55.0000,55.3200,54.9400,55.3200,8158
2026-02-17,XDW0,55.1600,55.6300,53.9000,54.2900,17091
2026-02-18,XDW0,54.5200,55.3400,54.5200,55.2900,9917
2026-02-19,XDW0,55.8700,56.6700,55.6700,56.4800,15472
2026-02-20,XDW0,56.3600,56.3600,55.5000,55.6400,23233
2026-02-23,XDW0,55.5000,56.7200,55.4000,56.0900,14472
2026-02-24,XDW0,56.2200,56.3800,55.7700,55.9100,13000
2026-02-25,XDW0,56.0400,56.4400,55.4600,55.7800,15556
2026-02-26,XDW0,56.0000,56.6900,55.3200,56.6400,12946
2026-02-27,XDW0,56.1400,56.8900,56.0100,56.4100,16188
2026-03-02,XDW0,60.4400,60.6800,58.1000,58.6700,102006
2026-03-03,XDW0,59.5000,60.0400,58.2500,59.1000,63601
2026-03-04,XDW0,58.6700,58.8700,57.3700,57.6900,47028
2026-03-05,XDW0,58.5500,58.8700,58.0300,58.5700,33599
2026-03-09,XDW0,59.9700,60.1600,58.7600,59.1400,50450
2026-03-10,XDW0,58.1900,58.7100,58.0000,58.4300,20328
2026-03-11,XDW0,58.0700,59.5000,58.0000,59.5000,34197
2026-03-12,XDW0,59.9400,61.0400,59.8000,60.9000,32469
2026-03-13,XDW0,61.0400,61.2000,60.4300,61.1200,27168
2026-03-16,XDW0,61.8300,61.9700,60.7600,61.3400,43582
2026-03-17,XDW0,61.7300,62.3700,61.3900,62.1500,28969
2026-03-18,XDW0,61.6900,62.2900,61.6900,62.2200,41864
2026-03-19,XDW0,62.5000,63.5400,62.4000,63.4500,36228
2026-03-20,XDW0,62.9200,63.5000,62.7600,63.2800,18659
2026-03-23,XDW0,63.1400,63.9900,60.9500,62.4300,57348
2026-03-24,XDW0,62.6700,64.3800,62.6200,64.1600,20721
2026-03-25,XDW0,63.2900,63.9100,63.0300,63.7900,19530
2026-03-26,XDW0,64.0200,64.9400,64.0000,64.9400,13938
2026-03-27,XDW0,64.8700,65.7600,64.6600,65.7600,32260
2026-03-30,XDW0,66.1400,66.9200,66.1400,66.6800,30211
2026-03-31,XDW0,65.7700,66.2100,65.4900,66.1100,24766
2026-04-01,XDW0,63.7800,63.9000,62.1000,62.4400,67444
2026-04-02,XDW0,63.8600,64.7300,63.0500,63.4300,43007
2026-04-07,XDW0,63.8900,64.4800,63.4800,64.2700,27611
2026-04-08,XDW0,59.8600,60.7600,59.4000,60.7500,40139
2026-04-09,XDW0,61.4900,62.3500,61.4900,61.6400,14565
2026-04-10,XDW0,60.8100,61.0400,60.0000,60.4400,9762
2026-04-13,XDW0,61.8000,61.8600,60.7200,60.9800,18794
2026-04-14,XDW0,60.2700,60.4500,58.7300,59.2200,20424
2026-04-15,XDW0,58.9500,59.2400,58.6300,58.9800,20202
2026-04-16,XDW0,58.8400,59.9000,58.7300,59.6600,19193
2026-04-17,XDW0,59.7700,59.8700,56.1500,56.8100,31550
2026-04-20,XDW0,58.6100,58.6700,57.7400,58.2600,29303
2026-04-21,XDW0,58.0400,58.3300,57.9000,58.3300,18544
2026-04-22,XDW0,58.4400,59.5100,58.4400,59.3400,11145
2026-04-23,XDW0,59.7500,60.2300,59.6700,59.7400,16637
2026-04-24,XDW0,60.1500,60.3800,59.5100,59.5600,14482
2026-04-27,XDW0,59.9600,60.2800,59.7500,59.7600,15841
2026-04-28,XDW0,60.3300,61.0700,60.2600,60.9000,28291
2026-04-29,XDW0,60.9000,61.5500,60.8100,61.5400,38752
2026-04-30,XDW0,62.2900,62.3700,61.1600,62.3700,30522
2026-05-04,XDW0,61.9700,62.3300,61.3900,62.3200,23675
2026-05-05,XDW0,62.2900,62.5300,61.9900,62.5300,18490
2026-05-06,XDW0,62.1800,62.1800,58.9200,59.8700,84315
2026-05-07,XDW0,59.6600,59.7400,57.9600,58.3000,37232
2026-05-08,XDW0,58.8000,59.2400,58.2000,58.7400,20611
2026-05-11,XDW0,58.9400,59.4500,58.8700,59.3300,14894
2026-05-12,XDW0,60.1000,60.5100,60.0600,60.2500,12499
2026-05-13,XDW0,60.2700,60.5600,60.0800,60.1500,52392
2026-05-14,XDW0,60.4500,60.9900,60.4400,60.9200,18548
2026-05-15,XDW0,61.2300,62.1900,61.2100,62.0500,15470
2026-05-18,XDW0,62.5100,63.3000,61.9200,63.2700,36585
2026-05-19,XDW0,63.6700,64.0000,63.4600,63.7300,20545
2026-05-20,XDW0,64.0200,64.6100,63.1100,63.2700,71608
2026-05-21,XDW0,63.0000,63.6600,62.5900,63.2300,15984
2026-05-22,XDW0,62.6700,62.8700,62.2000,62.4600,17970
2026-05-25,XDW0,61.6400,61.6400,61.0800,61.5300,31336
2026-05-26,XDW0,61.4300,62.3000,61.4300,61.7500,22151
2026-05-27,XDW0,60.5100,60.6400,59.4500,60.0600,27587
2026-05-28,XDW0,60.2500,60.4000,59.6500,60.0100,34344
2026-05-29,XDW0,59.3100,59.8100,58.9100,59.1200,25753
2026-06-01,XDW0,59.5600,60.8000,59.4700,60.4400,10276
2026-06-02,XDW0,60.1100,60.9400,59.9300,60.9400,4940
2026-06-03,XDW0,61.4400,62.1900,61.4400,62.1200,10530
2026-06-04,XDW0,61.7800,61.8900,61.2600,61.8400,19187
2026-06-05,XDW0,61.7600,62.0300,61.2400,61.7400,22188
2026-06-08,XDW0,62.0400,62.2900,61.2700,61.7100,18247
2026-06-09,XDW0,61.3900,61.3900,60.1500,60.4500,19668
2026-06-10,XDW0,60.5500,61.6400,60.4400,61.6000,5160
2026-06-11,XDW0,61.6500,62.2300,61.6000,61.9400,14408
2026-06-12,XDW0,60.3100,61.1700,59.8500,61.0300,17307
2026-06-15,XDW0,59.4800,59.4800,57.9600,58.6500,17864
2026-06-16,XDW0,58.6200,58.6200,58.1200,58.1700,14929
2026-06-17,XDW0,58.0500,58.3700,57.8000,57.9900,8776
2026-06-18,XDW0,57.7400,57.8200,56.6000,56.8700,21667
2026-06-19,XDW0,57.3700,57.4800,57.0900,57.4800,8122
2026-06-22,XDW0,57.3800,57.7100,57.1900,57.4800,8213
2026-06-23,XDW0,57.5100,58.4400,57.5000,58.3400,25500
2026-06-24,XDW0,58.3000,58.3000,57.1100,57.1900,10188
2026-06-25,XDW0,57.2000,57.8200,56.8500,57.7900,5627
2026-06-26,XDW0,57.4200,57.4800,57.0900,57.3300,10804
2026-06-29,XDW0,57.3500,57.6000,57.0800,57.2000,6384
2026-06-30,XDW0,57.1000,57.3400,56.9400,57.0100,7917
2026-07-01,XDW0,56.7900,56.7900,56.2100,56.4500,13671
2026-07-02,XDW0,56.1700,57.0500,56.1700,56.5800,7040
2026-07-03,XDW0,56.8000,56.8600,56.3600,56.8500,7232
2026-07-06,XDW0,56.6100,57.1500,56.4800,57.0400,16374
2026-07-07,XDW0,57.0400,58.0100,57.0400,57.6500,9235
2026-07-08,XDW0,58.8100,59.8500,58.5400,59.7800,19385
2026-07-09,XDW0,59.1200,59.2500,58.7700,58.7700,12044
2026-07-10,XDW0,58.6900,58.9500,58.3900,58.3900,13589
2026-07-13,XDW0,59.8600,60.3000,59.3800,60.3000,11338
2026-07-14,XDW0,61.0700,61.2400,60.3300,60.4500,9270
2026-07-15,XDW0,60.9600,61.0200,59.9100,59.9100,6166
2026-07-16,XDW0,60.0200,60.9000,59.9700,60.8200,4169
2026-07-17,XDW0,60.7200,61.9000,60.7200,61.4400,14905
2026-07-20,XDW0,62.1800,62.1800,61.1800,62.1100,36312
2026-07-21,XDW0,61.8500,62.3900,61.6000,62.3900,17438
2026-07-22,XDW0,62.9300,63.6600,62.9300,63.3600,10827
2026-07-23,XDW0,63.9000,64.8500,63.9000,64.8200,10203
2026-07-24,XDW0,64.0800,64.7400,63.6800,64.1500,22580
2026-07-27,XDW0,62.7900,63.4300,62.2800,63.0400,18065
2026-07-28,XDW0,62.8800,63.1200,62.1000,62.1400,17385
2026-07-29,XDW0,62.6800,63.8800,62.6200,63.4600,24219
2026-07-30,XDW0,62.9800,63.3800,62.2600,62.5000,7183
2026-07-31,XDW0,63.0100,63.6200,62.8300,63.1400,10318
2026-08-03,XDW0,62.4000,63.3200,62.2400,63.1000,19811
2026-08-04,XDW0,63.0000,63.3400,61.1300,62.1200,13378
2026-08-05,XDW0,61.8700,62.4600,60.9100,60.9100,7008
2026-08-06,XDW0,61.1200,61.7700,61.1200,61.6700,15470
2026-08-07,XDW0,61.8400,61.9200,60.7900,61.3300,4147
2026-08-10,XDW0,61.1700,62.7200,61.1000,62.7100,7455
2026-08-11,XDW0,63.5400,64.0900,63.1800,64.0900,6535
2026-08-12,XDW0,64.0000,64.0000,63.4600,63.9400,6275
2026-08-13,XDW0,64.1800,64.1800,63.3900,63.9300,2498
2026-08-14,XDW0,64.2100,64.7200,64.0000,64.5700,3228
2026-08-17,XDW0,64.3800,64.9400,64.2100,64.7400,3552
2026-08-18,XDW0,65.5000,66.0100,65.3400,66.0000,4007
2026-08-19,XDW0,66.2000,66.4400,66.0000,66.0400,4013
2026-08-20,XDW0,65.5700,66.6600,65.5300,66.5400,6369
2026-08-21,XDW0,65.8400,66.4900,65.8300,65.9300,5350
2026-08-24,XDW0,65.7300,65.8000,64.8500,65.0400,2262
2026-08-25,XDW0,65.2400,65.3000,64.5700,64.9300,4346
2026-08-26,XDW0,64.0600,65.0200,63.8600,64.8700,6757
2026-08-27,XDW0,64.2600,64.5900,63.8400,64.0200,2408
2026-08-28,XDW0,64.4300,64.6700,64.3000,64.4900,4596
2026-08-31,XDW0,65.4200,66.1800,65.1900,65.3900,10211
2026-09-01,XDW0,66.2800,67.0100,66.2200,66.7600,8991
2026-09-02,XDW0,67.5000,67.5000,66.6100,67.1500,12814
2026-09-03,XDW0,67.0100,67.5400,66.8000,67.3300,12166
2026-09-04,XDW0,66.6400,66.6400,65.6000,66.1800,14025
2026-09-07,XDW0,66.3400,66.6000,66.0100,66.4000,6067
2026-09-08,XDW0,66.7700,67.3700,66.7000,67.0000,9108
2024-09-09,XDWH,52.5100,52.6900,52.4200,52.6900,5679
2024-09-10,XDWH,52.5900,52.8100,52.3300,52.7300,10147
2024-09-11,XDWH,52.6600,52.8800,52.1300,52.3200,10570
2024-09-12,XDWH,52.9300,52.9300,52.4400,52.4800,40319
2024-09-13,XDWH,52.6800,52.8100,52.6400,52.7200,12363
2024-09-16,XDWH,52.7100,52.8500,52.6500,52.7900,7758
2024-09-17,XDWH,52.9000,52.9500,52.5400,52.5900,9266
2024-09-18,XDWH,52.4300,52.4500,52.0600,52.2600,11139
2024-09-19,XDWH,52.4700,52.6700,52.3500,52.3500,10228
2024-09-20,XDWH,52.3500,52.3500,51.8600,51.9600,19182
2024-09-23,XDWH,51.8900,52.2100,51.8600,51.9400,10012
2024-09-24,XDWH,52.0300,52.0300,51.5800,51.7200,26371
2024-09-25,XDWH,51.5200,51.7800,51.3000,51.4600,15098
2024-09-26,XDWH,51.6300,51.7000,51.3000,51.3700,10061
2024-09-27,XDWH,51.6100,51.6800,51.3200,51.6700,19567
2024-09-30,XDWH,51.4200,51.5200,51.1600,51.4100,6682
2024-10-01,XDWH,51.7800,52.0400,51.6500,51.8400,14084
2024-10-02,XDWH,51.7900,51.8600,51.4100,51.7900,24183
2024-10-03,XDWH,51.7100,51.7800,51.3400,51.4600,6599
2024-10-04,XDWH,51.3400,51.6500,51.2700,51.4100,11037
2024-10-07,XDWH,51.5400,51.6900,51.4200,51.5500,8378
2024-10-08,XDWH,51.3800,51.6700,51.3100,51.6100,9429
2024-10-09,XDWH,51.8100,52.0000,51.6600,52.0000,16289
2024-10-10,XDWH,52.3100,52.4000,52.1000,52.2000,8988
2024-10-11,XDWH,52.1300,52.4800,52.0200,52.4100,11530
2024-10-14,XDWH,52.5700,52.8300,52.4900,52.8000,10660
2024-10-15,XDWH,53.1200,53.1800,52.4000,52.6600,8579
2024-10-16,XDWH,52.5000,52.6800,52.2800,52.5700,6800
2024-10-17,XDWH,52.6800,52.8900,52.5300,52.7100,27276
2024-10-18,XDWH,52.6200,52.7800,52.4900,52.5800,9092
2024-10-21,XDWH,52.8200,52.8300,52.4000,52.3800,8036
2024-10-22,XDWH,52.3100,52.3100,52.0400,52.2000,7608
2024-10-23,XDWH,52.3800,52.4100,51.9400,51.9600,7699
2024-10-24,XDWH,52.2000,52.3300,51.9800,51.9800,11309
2024-10-25,XDWH,51.6900,51.8100,51.5600,51.6500,14995
2024-10-28,XDWH,51.7500,51.7500,51.4100,51.5200,12802
2024-10-29,XDWH,51.6700,51.6700,51.4500,51.4500,5661
2024-10-30,XDWH,51.2700,51.3000,50.3400,50.8000,48867
2024-10-31,XDWH,50.8600,50.8600,50.4200,50.6500,3893
2024-11-01,XDWH,50.5800,50.9900,50.4500,50.9900,4628
2024-11-04,XDWH,50.7000,50.7300,50.5000,50.5000,7974
2024-11-05,XDWH,50.4600,50.4700,49.9400,50.1900,28324
2024-11-06,XDWH,51.6400,52.3000,50.9400,51.0600,32235
2024-11-07,XDWH,50.9700,51.0800,50.8000,50.9400,13745
2024-11-08,XDWH,51.1900,51.6500,51.0600,51.6500,5149
2024-11-11,XDWH,51.9100,52.2200,51.8800,52.0600,8406
2024-11-12,XDWH,51.8100,51.8800,51.4000,51.3900,12170
2024-11-13,XDWH,51.1800,51.3200,50.9400,51.3200,9067
2024-11-14,XDWH,51.2800,51.4700,50.8900,51.0000,21312
2024-11-15,XDWH,50.3300,50.3400,49.5800,49.7500,22225
2024-11-18,XDWH,49.4850,49.5150,49.2800,49.4250,21311
2024-11-19,XDWH,49.5250,49.5250,48.9350,49.3150,26358
2024-11-20,XDWH,49.4100,49.8250,49.4100,49.6950,11372
2024-11-21,XDWH,50.0900,50.3600,49.7800,50.2400,12963
2024-11-22,XDWH,50.5400,51.1800,50.5400,51.1000,12167
2024-11-25,XDWH,50.9900,51.1100,50.8000,51.0000,6760
2024-11-26,XDWH,51.0300,51.2400,50.8500,51.1600,13067
2024-11-27,XDWH,51.3000,51.4000,50.9900,51.4000,22843
2024-11-28,XDWH,51.4900,51.4900,51.2100,51.3500,3557
2024-11-29,XDWH,51.3000,51.5400,51.2200,51.5100,8071
2024-12-02,XDWH,51.6700,51.7900,51.5700,51.7000,69585
2024-12-03,XDWH,51.7700,51.7900,51.6100,51.7900,6474
2024-12-04,XDWH,51.5800,51.7600,51.4000,51.6500,72514
2024-12-05,XDWH,51.4800,51.5800,50.9500,50.9900,9962
2024-12-06,XDWH,50.8300,51.0400,50.7300,50.8200,9807
2024-12-09,XDWH,50.8200,50.9100,50.6300,50.8200,8413
2024-12-10,XDWH,50.9400,51.1500,50.7300,50.8900,13033
2024-12-11,XDWH,50.7300,50.8600,50.4400,50.4700,13371
2024-12-12,XDWH,50.2800,50.4900,50.2200,50.3100,6805
2024-12-13,XDWH,50.1400,50.1800,49.6200,49.8050,9329
2024-12-16,XDWH,49.8550,50.0800,49.7050,49.8750,12464
2024-12-17,XDWH,49.3300,49.5650,49.2550,49.4200,8265
2024-12-18,XDWH,49.6150,49.7900,49.4550,49.6550,10602
2024-12-19,XDWH,49.3750,49.3750,48.7250,48.8900,28621
2024-12-20,XDWH,48.8000,48.9650,48.3500,48.9550,7319
2024-12-23,XDWH,49.0250,49.1800,48.8650,48.8650,19250
2024-12-27,XDWH,49.3950,49.5700,49.3150,49.4050,10410
2024-12-30,XDWH,49.2800,49.3600,48.7850,49.0300,4016
2025-01-02,XDWH,49.3350,49.9100,49.3100,49.9100,55922
2025-01-03,XDWH,49.7250,49.8250,49.4650,49.7750,10840
2025-01-06,XDWH,49.7750,49.7750,49.4000,49.6600,11189
2025-01-07,XDWH,49.3950,50.1500,49.2350,49.8600,5304
2025-01-08,XDWH,50.1500,50.3200,49.8950,50.3000,13447
2025-01-09,XDWH,50.3700,50.5400,50.3400,50.4300,5770
2025-01-10,XDWH,50.5500,50.6600,50.3200,50.6000,6521
2025-01-13,XDWH,50.4900,50.7900,50.3100,50.6600,18540
2025-01-14,XDWH,50.8500,50.9200,49.8700,49.9600,11033
2025-01-15,XDWH,49.9850,50.3700,49.9150,50.2100,26563
2025-01-16,XDWH,50.3700,50.4700,50.1400,50.4600,47737
2025-01-17,XDWH,50.7000,50.7000,50.3200,50.4200,17594
2025-01-20,XDWH,50.2700,50.2800,49.7500,49.7850,20279
2025-01-21,XDWH,49.9400,50.4600,49.9400,50.3200,7466
2025-01-22,XDWH,50.6000,50.7300,50.2900,50.5900,7186
2025-01-23,XDWH,50.5900,50.8400,50.4700,50.7300,34942
2025-01-24,XDWH,50.8700,50.9300,50.6100,50.8200,6230
2025-01-27,XDWH,50.9800,51.5800,50.6800,51.5800,26701
2025-01-28,XDWH,51.9400,52.2500,51.8900,51.9400,12645
2025-01-29,XDWH,51.9100,52.0700,51.8400,51.8700,11577
2025-01-30,XDWH,51.8400,52.1300,51.7600,52.0600,14567
2025-01-31,XDWH,52.3800,52.7900,52.3800,52.5500,9305
2025-02-03,XDWH,52.3900,52.7100,52.2300,52.7000,22463
2025-02-04,XDWH,52.5400,52.5400,51.7800,52.0000,10275
2025-02-05,XDWH,52.1700,52.4100,52.1200,52.3700,14383
2025-02-06,XDWH,52.9600,53.3700,52.6400,52.7500,11755
2025-02-07,XDWH,52.3300,52.5300,52.3200,52.3200,19050
2025-02-10,XDWH,52.4100,52.5300,52.2000,52.2600,31546
2025-02-11,XDWH,52.3100,52.3600,51.9700,52.0400,7105
2025-02-12,XDWH,51.9300,52.4800,51.7400,51.7400,10773
2025-02-13,XDWH,51.7400,51.9600,51.6900,51.7900,18499
2025-02-14,XDWH,51.6500,51.7600,51.2900,51.3100,6585
2025-02-17,XDWH,51.2000,51.2900,51.0800,51.2800,19027
2025-02-18,XDWH,51.1900,51.4500,51.1900,51.1900,15208
2025-02-19,XDWH,51.3000,51.7300,51.2300,51.7100,19850
2025-02-20,XDWH,51.7000,51.8800,51.5200,51.8500,9985
2025-02-21,XDWH,51.8000,52.0600,51.4500,52.0000,13572
2025-02-24,XDWH,51.9900,52.2300,51.7600,52.1800,35797
2025-02-25,XDWH,52.3800,52.5200,52.2500,52.2500,10844
2025-02-26,XDWH,52.4500,52.5900,52.2800,52.3200,12475
2025-02-27,XDWH,52.3100,52.7100,52.2500,52.6700,11256
2025-02-28,XDWH,52.4600,52.4900,52.1700,52.1800,11528
2025-03-03,XDWH,52.8400,52.9100,52.6300,52.7200,8391
2025-03-04,XDWH,52.7100,52.7100,52.1100,52.1700,14955
2025-03-05,XDWH,51.5800,51.6500,50.9000,51.1700,27695
2025-03-06,XDWH,51.3100,51.3600,50.7000,51.1300,14924
2025-03-07,XDWH,51.0700,51.1000,50.7100,50.8300,9365
2025-03-10,XDWH,50.8900,50.9600,50.4500,50.8400,7476
2025-03-11,XDWH,50.2100,50.2100,49.1300,49.1850,11374
2025-03-12,XDWH,49.4650,49.6400,48.8600,49.1100,10149
2025-03-13,XDWH,49.1450,49.4200,49.1050,49.1150,11355
2025-03-14,XDWH,49.1800,49.3950,48.9000,49.2850,21359
2025-03-17,XDWH,49.2750,49.7300,49.2250,49.6700,10673
2025-03-18,XDWH,49.7250,49.9850,49.7000,49.7150,12081
2025-03-19,XDWH,49.8900,50.0100,49.8400,49.9300,8627
2025-03-20,XDWH,50.1200,50.4700,49.9950,50.1500,6951
2025-03-21,XDWH,50.2100,50.2300,49.8600,50.1200,11080
2025-03-24,XDWH,50.2100,50.4500,49.9600,50.4000,15256
2025-03-25,XDWH,50.4700,50.6900,50.0300,50.0300,9893
2025-03-26,XDWH,49.8450,49.9450,49.6450,49.6450,9528
2025-03-27,XDWH,49.7600,49.7750,49.5300,49.6000,89946
2025-03-28,XDWH,49.6850,49.7950,49.3800,49.4400,40565
2025-03-31,XDWH,49.2800,49.4700,48.9650,49.4100,33247
2025-04-01,XDWH,49.6950,49.8350,49.0500,49.5100,20106
2025-04-02,XDWH,49.0100,49.0100,48.4800,48.8650,4093
2025-04-03,XDWH,48.0000,48.3000,47.4800,48.0250,25050
2025-04-04,XDWH,47.6100,47.8700,46.3850,46.3850,40578
2025-04-07,XDWH,43.5950,45.8550,43.5950,44.7200,36138
2025-04-08,XDWH,45.7000,46.4500,45.3500,45.9400,15519
2025-04-09,XDWH,44.0000,44.4050,42.7000,43.1850,27609
2025-04-10,XDWH,46.6050,46.6050,43.9400,43.9400,18973
2025-04-11,XDWH,43.9450,44.1150,43.2150,43.6700,14350
2025-04-14,XDWH,44.4900,45.0300,44.3450,44.9150,29689
2025-04-15,XDWH,45.2500,45.4900,45.0350,45.2200,36051
2025-04-16,XDWH,44.8850,45.1500,44.5850,45.0200,14816
2025-04-17,XDWH,44.6300,44.7600,43.6650,44.2050,8852
2025-04-22,XDWH,43.4800,43.8150,43.1850,43.8150,17521
2025-04-23,XDWH,44.5650,45.1950,44.4650,44.7000,25307
2025-04-24,XDWH,44.5400,44.9750,44.3500,44.9600,10363
2025-04-25,XDWH,45.3150,45.3150,44.7600,44.8750,4766
2025-04-28,XDWH,45.3450,45.5700,45.2450,45.3700,11718
2025-04-29,XDWH,45.4850,45.7550,45.3550,45.6700,10823
2025-04-30,XDWH,45.8950,46.2700,45.7000,46.1150,22983
2025-05-02,XDWH,45.9950,46.4150,45.8100,45.9700,8813
2025-05-05,XDWH,46.1450,46.2400,45.8950,46.1250,10068
2025-05-06,XDWH,46.0850,46.0950,45.3000,45.4150,15881
2025-05-07,XDWH,44.8400,45.0900,44.7600,44.9400,11421
2025-05-08,XDWH,45.1700,45.1700,44.6800,44.8200,19822
2025-05-09,XDWH,44.9600,45.0750,44.7700,44.8050,14484
2025-05-12,XDWH,44.4850,45.7000,44.1650,45.6400,68369
2025-05-13,XDWH,45.8400,45.9100,44.6500,44.7250,117641
2025-05-14,XDWH,44.5600,44.5600,43.7450,43.8000,12471
2025-05-15,XDWH,43.4400,43.7400,43.2650,43.7400,14279
2025-05-16,XDWH,44.2750,44.6750,44.2050,44.6750,5630
2025-05-19,XDWH,44.7400,44.9000,44.5150,44.8700,13409
2025-05-20,XDWH,45.0550,45.4450,45.0450,45.2700,31996
2025-05-21,XDWH,45.0200,45.0200,44.6000,44.7350,7394
2025-05-22,XDWH,44.4250,44.4300,44.0450,44.0350,7174
2025-05-23,XDWH,44.1950,44.2450,43.6600,43.8850,12959
2025-05-26,XDWH,44.1850,44.2700,44.1300,44.2550,11689
2025-05-27,XDWH,44.2950,44.5150,44.2150,44.4850,12194
2025-05-28,XDWH,44.6050,44.6500,44.3350,44.4650,24148
2025-05-29,XDWH,44.7300,44.7900,44.2650,44.3800,17766
2025-05-30,XDWH,44.5000,44.7000,44.3250,44.6300,11914
2025-06-02,XDWH,44.5000,44.5750,44.0000,44.2950,9330
2025-06-03,XDWH,44.4700,44.6200,44.2950,44.5750,24703
2025-06-04,XDWH,44.6600,44.9450,44.5600,44.7900,11545
2025-06-05,XDWH,44.7600,44.7950,44.3000,44.6950,16215
2025-06-06,XDWH,44.7400,45.2000,44.7400,45.0800,17605
2025-06-09,XDWH,45.0350,45.1150,44.8550,44.9700,5625
2025-06-10,XDWH,45.1700,45.4150,45.0000,45.3700,11172
2025-06-11,XDWH,45.4500,45.5050,45.2700,45.3300,12655
2025-06-12,XDWH,45.1050,45.2900,44.7600,45.2100,7518
2025-06-13,XDWH,44.9050,45.4100,44.8200,45.2750,8875
2025-06-16,XDWH,45.0950,45.1250,44.5550,44.6650,13174
2025-06-17,XDWH,44.5700,44.6600,44.2200,44.4450,10560
2025-06-18,XDWH,44.2500,44.3000,43.9950,44.2150,18551
2025-06-19,XDWH,44.1650,44.1650,44.0200,44.0850,8421
2025-06-20,XDWH,44.0750,44.2400,43.8500,43.8750,10798
2025-06-23,XDWH,43.8000,44.0450,43.6500,43.6500,8967
2025-06-24,XDWH,43.9050,43.9550,43.6500,43.7300,52440
2025-06-25,XDWH,44.0700,44.1100,43.7900,43.7900,7804
2025-06-26,XDWH,43.8150,43.9600,43.6400,43.8500,7546
2025-06-27,XDWH,43.7000,43.9150,43.6650,43.8650,6371
2025-06-30,XDWH,43.7200,43.7750,43.6750,43.6700,8356
2025-07-01,XDWH,43.6900,44.3250,43.4400,44.3250,13586
2025-07-02,XDWH,44.1950,44.2250,43.9000,43.9550,17654
2025-07-03,XDWH,43.9250,44.1100,43.7500,43.7950,11315
2025-07-04,XDWH,43.6600,43.8350,43.5750,43.7650,6136
2025-07-07,XDWH,43.8300,44.1450,43.6700,43.6700,7825
2025-07-08,XDWH,43.5300,44.2100,43.5300,44.0800,30660
2025-07-09,XDWH,43.9250,44.1700,43.8050,43.8900,27759
2025-07-10,XDWH,44.0950,44.7950,44.0600,44.6800,12480
2025-07-11,XDWH,44.5100,44.5100,43.8100,43.8400,15389
2025-07-14,XDWH,43.9750,44.0850,43.8500,44.0300,13398
2025-07-15,XDWH,44.0550,44.1950,43.5950,43.6750,10238
2025-07-16,XDWH,43.5600,44.0900,43.5000,43.6850,16649
2025-07-17,XDWH,44.0250,44.0800,43.6800,43.8150,4991
2025-07-18,XDWH,43.6500,43.6500,43.3500,43.3550,15630
2025-07-21,XDWH,43.3450,43.3850,43.0000,43.0300,14044
2025-07-22,XDWH,42.9850,43.5550,42.7500,43.2600,13784
2025-07-23,XDWH,43.6300,44.2550,43.6300,44.0950,15706
2025-07-24,XDWH,44.3550,44.5000,44.2800,44.2800,9977
2025-07-25,XDWH,44.3400,44.5000,44.2800,44.3200,14712
2025-07-28,XDWH,44.7800,44.8300,44.5650,44.7350,11876
2025-07-29,XDWH,44.9100,44.9100,44.1600,44.4400,16334
2025-07-30,XDWH,44.4250,44.8300,44.2700,44.5800,24692
2025-07-31,XDWH,44.4300,44.5900,44.1650,44.1900,53229
2025-08-01,XDWH,43.2800,43.4350,42.8700,43.0600,60698
2025-08-04,XDWH,43.2350,43.6300,43.2350,43.6100,15858
2025-08-05,XDWH,43.8350,43.8700,43.5450,43.6300,17365
2025-08-06,XDWH,43.7300,43.7500,42.8900,42.9400,23847
2025-08-07,XDWH,42.7150,42.9550,42.3300,42.3600,27672
2025-08-08,XDWH,42.7200,42.8300,42.6300,42.6500,13301
2025-08-11,XDWH,42.9450,43.2150,42.9350,43.0450,14170
2025-08-12,XDWH,43.0450,43.1050,42.8200,42.8800,14361
2025-08-13,XDWH,43.1000,43.4500,43.0800,43.4350,9273
2025-08-14,XDWH,43.6300,43.8650,43.5800,43.8500,13437
2025-08-18,XDWH,44.4700,44.9450,44.4700,44.8850,29051
2025-08-19,XDWH,44.5750,45.0000,44.5500,44.9250,11394
2025-08-20,XDWH,44.9400,45.2900,44.8650,45.0400,19650
2025-08-21,XDWH,45.1450,45.4600,44.9700,45.4550,34599
2025-08-22,XDWH,45.2650,45.6500,45.1000,45.1700,13368
2025-08-25,XDWH,45.1000,45.1900,44.8000,44.8250,15257
2025-08-26,XDWH,44.7800,44.9400,44.7100,44.7900,9998
2025-08-27,XDWH,45.0450,45.3450,45.0300,45.1300,9890
2025-08-28,XDWH,45.1300,45.1500,44.6000,44.6200,10600
2025-08-29,XDWH,44.7850,44.9200,44.5800,44.6600,9429
2025-09-01,XDWH,44.9250,44.9700,44.7850,44.9200,9234
2025-09-02,XDWH,44.8350,45.0800,44.7800,44.8400,12388
2025-09-03,XDWH,45.0550,45.2000,44.9200,44.9200,8022
2025-09-04,XDWH,45.0850,45.2450,44.9200,45.1800,8990
2025-09-05,XDWH,45.2100,45.2200,44.9300,45.0600,15650
2025-09-08,XDWH,45.1500,45.2000,44.6400,44.9000,24883
2025-09-09,XDWH,44.9800,45.2000,44.9000,45.2000,9547
2025-09-10,XDWH,45.2850,45.3650,44.8900,44.9000,13831
2025-09-11,XDWH,45.0700,45.4500,44.9750,45.4400,21248
2025-09-12,XDWH,45.3650,45.4700,45.1650,45.1850,13881
2025-09-15,XDWH,45.0600,45.0600,44.5800,44.5900,28095
2025-09-16,XDWH,44.4100,44.5100,44.1950,44.2550,16731
2025-09-17,XDWH,44.2200,44.5150,44.1950,44.5000,22631
2025-09-18,XDWH,44.5850,44.7700,44.4750,44.5950,17807
2025-09-19,XDWH,44.7300,44.9500,44.6750,44.7500,10238
2025-09-22,XDWH,44.7300,44.8350,44.3050,44.8000,17696
2025-09-23,XDWH,44.6150,44.7050,44.5000,44.6500,38456
2025-09-24,XDWH,44.5750,44.7000,44.4800,44.5600,23980
2025-09-25,XDWH,44.3950,44.5200,43.8650,43.8650,30477
2025-09-26,XDWH,43.9450,44.2100,43.9200,44.0300,11146
2025-09-29,XDWH,44.2200,44.2700,43.8700,44.1800,35595
2025-09-30,XDWH,44.2000,44.7700,44.0750,44.5900,29162
2025-10-01,XDWH,45.1250,46.3900,45.1250,46.3750,43331
2025-10-02,XDWH,46.8050,46.8100,46.5200,46.6950,40214
2025-10-03,XDWH,46.7800,47.5600,46.7800,47.2200,16317
2025-10-06,XDWH,47.4400,47.6350,47.3100,47.3100,40981
2025-10-07,XDWH,47.1750,47.3450,47.1300,47.2950,24538
2025-10-08,XDWH,47.5400,47.7200,47.4650,47.6800,27816
2025-10-09,XDWH,47.6200,47.9000,47.5350,47.7700,20962
2025-10-10,XDWH,47.6600,47.7750,47.1250,47.1250,29978
2025-10-13,XDWH,46.9750,47.2250,46.8600,47.2250,37057
2025-10-14,XDWH,46.7500,46.8900,46.6400,46.6400,22556
2025-10-15,XDWH,46.8750,47.0100,46.5550,46.8750,12984
2025-10-16,XDWH,46.8150,47.1400,46.8100,47.0050,13846
2025-10-17,XDWH,46.3250,46.9000,46.1050,46.8500,23964
2025-10-20,XDWH,47.1100,47.4750,47.0700,47.3750,142510
2025-10-21,XDWH,47.5850,47.8200,47.5000,47.7650,30248
2025-10-22,XDWH,47.8850,48.0900,47.8250,47.9750,17202
2025-10-23,XDWH,47.8400,47.9350,47.6600,47.7300,16493
2025-10-27,XDWH,47.8450,47.9350,47.5100,47.5800,65623
2025-10-28,XDWH,47.6200,47.7900,47.2300,47.3200,22071
2025-10-29,XDWH,47.2700,47.3900,47.0350,47.2450,12780
2025-10-30,XDWH,47.1100,47.5450,47.0250,47.3850,19401
2025-10-31,XDWH,47.1900,47.3300,46.9250,47.1300,20165
2025-11-03,XDWH,47.2850,47.5000,47.0400,47.1300,11124
2025-11-04,XDWH,47.1500,47.7950,46.9650,47.6650,31526
2025-11-05,XDWH,47.5500,47.8100,47.4700,47.6950,22283
2025-11-06,XDWH,47.6500,47.7700,47.6150,47.6350,15104
2025-11-07,XDWH,47.7950,47.7950,47.2300,47.4100,25569
2025-11-10,XDWH,47.6050,48.1200,47.5550,47.8950,28116
2025-11-11,XDWH,48.2150,48.8000,48.1750,48.7850,15111
2025-11-12,XDWH,49.2400,49.7400,49.1150,49.6500,32666
2025-11-13,XDWH,49.7400,49.9750,49.3250,49.8600,25108
2025-11-14,XDWH,49.5200,49.5950,49.1050,49.4350,20182
2025-11-17,XDWH,49.4000,49.6500,49.2400,49.6200,19557
2025-11-18,XDWH,49.3750,49.4900,49.1500,49.4900,24412
2025-11-19,XDWH,49.5450,49.7550,49.4950,49.5250,19791
2025-11-20,XDWH,49.7400,49.8650,49.6000,49.6050,35368
2025-11-21,XDWH,49.4500,50.1300,49.3350,50.1200,25725
2025-11-24,XDWH,50.3500,50.5800,49.8800,50.5700,33658
2025-11-25,XDWH,50.4800,51.0400,50.2800,51.0400,18055
2025-11-26,XDWH,51.2500,51.4000,51.1200,51.1800,21184
2025-11-27,XDWH,51.1200,51.1400,51.0100,51.0600,23262
2025-11-28,XDWH,51.4000,51.4000,50.8200,50.8500,48484
2025-12-01,XDWH,50.7000,50.8100,50.4100,50.4800,69021
2025-12-02,XDWH,50.2100,50.3800,50.0600,50.2600,16816
2025-12-03,XDWH,50.0900,50.2400,49.9200,50.2100,61308
2025-12-04,XDWH,50.1300,50.2000,49.8000,49.8100,18453
2025-12-05,XDWH,49.8400,50.1300,49.7500,49.8600,8313
2025-12-08,XDWH,49.7250,49.7900,49.3750,49.4350,5492
2025-12-09,XDWH,49.2100,49.5200,49.0500,49.1050,17140
2025-12-10,XDWH,48.7700,49.0650,48.7000,49.0600,14014
2025-12-11,XDWH,49.1050,49.5050,49.0500,49.4400,28047
2025-12-12,XDWH,49.4300,49.5500,49.3550,49.3800,9534
2025-12-15,XDWH,49.4950,49.8400,49.4050,49.7700,19570
2025-12-16,XDWH,49.9350,50.0000,49.2100,49.2700,19493
2025-12-17,XDWH,49.4700,49.5250,49.3500,49.4400,15832
2025-12-18,XDWH,49.1250,49.5500,49.1250,49.4950,12401
2025-12-19,XDWH,49.4350,49.8600,49.2600,49.8300,20912
2025-12-22,XDWH,49.5650,49.8450,49.4550,49.7450,15198
2025-12-23,XDWH,49.8400,50.0700,49.7600,49.9500,12650
2025-12-29,XDWH,50.1400,50.2100,50.0500,50.1200,16520
2025-12-30,XDWH,50.0400,50.1400,49.9850,50.0200,6635
2026-01-02,XDWH,50.1300,50.1300,49.7000,49.8900,41971
2026-01-05,XDWH,50.0300,50.2600,49.5400,49.7500,12825
2026-01-06,XDWH,50.0300,51.1700,50.0300,50.9500,40822
2026-01-07,XDWH,51.3200,51.8900,51.2200,51.6700,19465
2026-01-08,XDWH,51.7500,52.0700,51.6200,51.8000,20098
2026-01-09,XDWH,51.4600,51.9800,51.3800,51.4300,56056
2026-01-12,XDWH,51.2200,51.4900,50.9900,51.0100,22624
2026-01-13,XDWH,51.2900,51.2900,50.8300,51.1200,30383
2026-01-14,XDWH,51.0800,51.8900,51.0800,51.2900,32596
2026-01-15,XDWH,51.5100,51.5500,50.9200,51.0800,12162
2026-01-16,XDWH,51.3300,51.3400,50.9900,51.2700,32745
2026-01-19,XDWH,50.7200,50.8600,50.5200,50.6100,16641
2026-01-20,XDWH,50.3700,50.3900,49.7100,50.3900,17547
2026-01-21,XDWH,50.3400,50.6900,50.0000,50.6600,21784
2026-01-22,XDWH,51.1800,51.4600,51.0000,51.2200,26061
2026-01-23,XDWH,51.1700,51.2600,50.8400,50.9300,12663
2026-01-26,XDWH,50.5900,50.7500,50.4700,50.6900,26070
2026-01-27,XDWH,50.5700,50.6000,50.0000,50.1400,20159
2026-01-28,XDWH,49.6950,49.6950,49.2950,49.5300,13732
2026-01-29,XDWH,49.3300,49.5250,49.2900,49.4100,18726
2026-01-30,XDWH,49.2500,49.6550,49.1900,49.6550,23812
2026-02-02,XDWH,49.8300,50.4700,49.8100,50.4400,19111
2026-02-03,XDWH,50.4800,50.8300,50.3000,50.3900,34320
2026-02-04,XDWH,49.7050,50.6400,49.6800,50.4900,13498
2026-02-05,XDWH,50.4000,50.5600,50.1000,50.3100,11422
2026-02-06,XDWH,50.2700,50.6200,50.1100,50.5500,12310
2026-02-09,XDWH,50.7600,50.9000,50.1400,50.3100,14252
2026-02-10,XDWH,50.2400,50.4500,50.2000,50.4100,25569
2026-02-11,XDWH,50.0300,50.4100,50.0000,50.4100,11890
2026-02-12,XDWH,50.5600,50.7200,50.2700,50.4500,10390
2026-02-13,XDWH,50.4700,51.1700,50.4000,51.1100,22954
2026-02-16,XDWH,50.8800,51.1500,50.8600,51.1500,9607
2026-02-17,XDWH,51.0800,51.4400,50.9900,51.1700,23382
2026-02-18,XDWH,51.2000,51.2700,50.9700,51.0500,20549
2026-02-19,XDWH,51.3100,51.4000,51.0100,51.0900,15036
2026-02-20,XDWH,51.3900,51.3900,50.6900,50.9900,25652
2026-02-23,XDWH,50.8100,51.1900,50.7300,51.1900,16446
2026-02-24,XDWH,51.1800,51.2800,51.0000,51.1300,20241
2026-02-25,XDWH,50.9600,51.4200,50.9000,51.1200,22356
2026-02-26,XDWH,50.9800,51.1500,50.6100,50.6800,75772
2026-02-27,XDWH,50.7100,51.2500,50.7100,51.2400,10747
2026-03-02,XDWH,51.1900,51.5500,51.0600,51.3500,70528
2026-03-03,XDWH,51.1800,51.1800,50.5900,50.7000,24159
2026-03-04,XDWH,50.8900,51.1100,50.7000,50.9500,14325
2026-03-05,XDWH,50.9700,51.1300,50.1000,50.1000,11025
2026-03-09,XDWH,49.1900,49.8050,48.8950,49.7950,18132
2026-03-10,XDWH,50.1500,50.2800,49.7950,49.9750,10387
2026-03-11,XDWH,49.7800,49.9300,49.5350,49.7600,7884
2026-03-12,XDWH,49.7550,49.8400,49.2350,49.3950,31087
2026-03-13,XDWH,49.3600,49.9550,49.3000,49.5350,8282
2026-03-16,XDWH,49.4600,49.6950,49.2700,49.5400,12183
2026-03-17,XDWH,49.4400,49.6900,49.3000,49.3000,16759
2026-03-18,XDWH,49.2300,49.3350,48.3600,48.5800,39608
2026-03-19,XDWH,48.4200,48.4900,48.0450,48.1200,20535
2026-03-20,XDWH,47.9700,48.0500,47.5700,47.6850,11852
2026-03-23,XDWH,47.2100,48.4000,47.0950,47.4150,14309
2026-03-24,XDWH,47.4300,47.4750,47.0600,47.4100,78494
2026-03-25,XDWH,47.8250,48.1000,47.6350,48.0950,10608
2026-03-26,XDWH,47.9750,48.3000,47.7900,48.1850,6035
2026-03-27,XDWH,48.2650,48.2650,47.6750,47.7750,13569
2026-03-30,XDWH,47.6400,48.1250,47.5900,48.0100,7704
2026-03-31,XDWH,48.1950,48.5250,48.0650,48.1950,9864
2026-04-01,XDWH,48.8000,48.9450,48.5550,48.8350,12543
2026-04-02,XDWH,48.6450,49.1100,48.5600,48.8700,14850
2026-04-07,XDWH,48.6900,48.7650,48.0000,48.0500,14335
2026-04-08,XDWH,48.8350,48.9950,48.5350,48.9000,18597
2026-04-09,XDWH,48.9000,49.0100,48.5600,48.7600,11678
2026-04-10,XDWH,48.8850,49.0850,48.4200,48.4300,36644
2026-04-13,XDWH,48.1200,48.5050,48.0400,48.0650,9907
2026-04-14,XDWH,48.2650,48.6600,48.1100,48.6500,9038
2026-04-15,XDWH,48.6650,48.7500,48.1750,48.2350,10675
2026-04-16,XDWH,48.2550,48.4550,48.0050,48.0600,16299
2026-04-17,XDWH,48.0000,48.6150,47.9600,48.6150,9370
2026-04-20,XDWH,48.5000,48.5600,48.3000,48.4550,9912
2026-04-21,XDWH,48.1900,48.5000,47.6800,47.7650,13277
2026-04-22,XDWH,47.7900,47.9600,47.6400,47.7850,12931
2026-04-23,XDWH,47.6950,47.9050,47.6750,47.6900,3949
2026-04-24,XDWH,47.7200,47.7450,46.9300,46.9300,45260
2026-04-27,XDWH,47.0100,47.2150,46.7600,46.9900,17293
2026-04-28,XDWH,46.8550,47.3250,46.8000,47.0450,18674
2026-04-29,XDWH,46.9950,46.9950,46.3000,46.5200,11554
2026-04-30,XDWH,46.5100,47.5450,46.4200,47.3700,12087
2026-05-04,XDWH,47.3150,47.3250,47.0500,47.1850,33824
2026-05-05,XDWH,47.3350,47.4650,47.1750,47.2600,20979
2026-05-06,XDWH,47.5950,47.6650,47.3400,47.4800,16219
2026-05-07,XDWH,47.4650,47.4900,46.8600,46.8600,14961
2026-05-08,XDWH,47.0250,47.0350,46.5500,46.5800,15548
2026-05-11,XDWH,46.5750,46.9500,46.5250,46.5900,39828
2026-05-12,XDWH,46.3900,47.3200,46.3900,47.2650,21851
2026-05-13,XDWH,47.3650,47.6550,47.2250,47.4900,98207
2026-05-14,XDWH,47.6800,47.9300,47.5950,47.8050,27075
2026-05-15,XDWH,47.8000,47.9800,47.5700,47.5700,19880
2026-05-18,XDWH,47.1550,47.5850,47.0300,47.3550,14024
2026-05-19,XDWH,47.6100,48.4000,47.6100,48.2800,38593
2026-05-20,XDWH,48.2050,48.5150,48.0900,48.0900,19185
2026-05-21,XDWH,48.2000,48.5050,48.0000,48.4750,43441
2026-05-22,XDWH,48.6900,49.1150,48.5750,48.8950,44041
2026-05-25,XDWH,49.3150,49.4000,49.0050,49.1400,25429
2026-05-26,XDWH,49.1100,49.1100,48.4750,48.6500,22351
2026-05-27,XDWH,48.5600,48.8700,48.3550,48.7650,22706
2026-05-28,XDWH,48.6300,49.0050,48.4400,48.8650,17425
2026-05-29,XDWH,49.0400,49.2650,48.5850,48.5850,37431
2026-06-01,XDWH,48.4450,48.5750,47.9100,47.9100,21385
2026-06-02,XDWH,47.9600,47.9650,47.1000,47.4350,8259
2026-06-03,XDWH,47.5400,47.8050,47.2900,47.7950,15943
2026-06-04,XDWH,47.8100,49.1800,47.8100,49.1250,19567
2026-06-05,XDWH,49.2600,50.1200,49.2200,50.1200,169797
2026-06-08,XDWH,50.0100,50.0100,49.5900,49.6900,28596
2026-06-09,XDWH,49.5000,49.8500,49.3650,49.7550,35727
2026-06-10,XDWH,49.8950,50.0600,49.6800,49.8900,18315
2026-06-11,XDWH,49.6550,50.1400,49.6300,49.9850,24851
2026-06-12,XDWH,49.9350,50.1200,49.7350,49.8550,17052
2026-06-15,XDWH,49.8550,49.8550,49.1900,49.5250,40318
2026-06-16,XDWH,49.5700,49.5700,49.0800,49.3700,16951
2026-06-17,XDWH,49.3950,49.5350,49.1850,49.4700,15030
2026-06-18,XDWH,49.4350,49.5100,48.7300,48.8000,17158
2026-06-19,XDWH,48.9300,49.2350,48.9300,49.1900,16353
2026-06-22,XDWH,49.0500,49.3350,48.9450,49.3250,11440
2026-06-23,XDWH,49.5000,50.2900,49.5000,50.1400,22022
2026-06-24,XDWH,50.4400,51.3500,50.3600,50.9300,16048
2026-06-25,XDWH,50.7600,51.9400,50.7000,51.7600,24287
2026-06-26,XDWH,51.6400,52.5600,51.3400,52.5100,17797
2026-06-29,XDWH,52.7200,52.7900,52.4800,52.5000,23602
2026-06-30,XDWH,52.7200,52.9700,51.9900,52.2800,78371
2026-07-01,XDWH,52.2700,52.9000,52.1400,52.3600,22214
2026-07-02,XDWH,52.6000,53.7600,52.5100,53.5300,33742
2026-07-03,XDWH,53.7500,53.7500,53.2700,53.5900,26130
2026-07-06,XDWH,53.8800,53.9900,52.7900,53.0700,26034
2026-07-07,XDWH,53.4100,54.1500,53.4100,53.9500,46100
2026-07-08,XDWH,53.6400,53.8600,53.3000,53.5300,29673
2026-07-09,XDWH,53.1000,53.2600,52.8100,52.9700,20801
2026-07-10,XDWH,53.1200,53.2500,52.5700,52.6500,22239
2026-07-13,XDWH,52.8300,52.9000,52.3900,52.7200,22930
2026-07-14,XDWH,52.4700,52.5800,51.5300,51.7000,22048
2026-07-15,XDWH,51.6700,51.9800,51.4500,51.9700,33869
2026-07-16,XDWH,51.6700,52.8300,51.6100,52.6800,22344
2026-07-17,XDWH,52.6700,53.2800,52.6400,52.9200,20038
2026-07-20,XDWH,52.5100,52.6700,52.3400,52.3400,36833
2026-07-21,XDWH,52.0400,52.4400,51.5700,52.1700,25480
2026-07-22,XDWH,52.2500,52.5400,52.2000,52.2900,21966
2026-07-23,XDWH,51.9300,52.8200,51.8100,52.8200,11313
2026-07-24,XDWH,52.8800,53.3100,52.7600,53.1800,16021
2026-07-27,XDWH,53.2500,53.8200,53.1400,53.6700,17839
2026-07-28,XDWH,53.6400,54.9000,53.5800,54.4400,27159
2026-07-29,XDWH,54.6900,54.7700,54.5000,54.7600,54836
2026-07-30,XDWH,54.0000,54.0100,52.5700,52.6900,40184
2026-07-31,XDWH,52.9600,53.0900,52.2000,52.5300,34636
2026-08-03,XDWH,52.5900,52.9300,52.1000,52.1700,26176
2026-08-04,XDWH,52.4700,52.4800,52.0200,52.2600,13270
2026-08-05,XDWH,52.3500,53.0000,52.2700,52.5600,38672
2026-08-06,XDWH,53.1900,53.6800,52.6700,52.8000,16147
2026-08-07,XDWH,53.1800,53.3700,52.8200,53.1900,14020
2026-08-10,XDWH,53.4900,53.9800,53.2100,53.9700,14708
2026-08-11,XDWH,54.2000,54.4600,53.9800,53.9900,28279
2026-08-12,XDWH,53.9700,53.9700,53.2500,53.9500,12725
2026-08-13,XDWH,54.1200,54.2400,53.9500,54.0500,14116
2026-08-14,XDWH,53.8700,53.9700,53.1000,53.4200,15939
2026-08-17,XDWH,53.2300,53.5200,52.9700,53.4900,10423
2026-08-18,XDWH,53.4400,54.3500,53.4400,54.2700,33191
2026-08-19,XDWH,54.2000,55.5400,54.1400,55.1300,49790
2026-08-20,XDWH,55.1800,55.2000,54.8100,55.2000,18747
2026-08-21,XDWH,54.4000,55.3700,54.2700,55.3100,6555
2026-08-24,XDWH,55.2700,55.3300,54.8000,54.9900,29246
2026-08-25,XDWH,55.2000,55.4700,55.0900,55.4500,13732
2026-08-26,XDWH,55.4400,55.5000,54.9500,54.9600,11366
2026-08-27,XDWH,54.7100,54.7600,54.2800,54.5900,24591
2026-08-28,XDWH,54.5600,54.6200,54.1400,54.3600,12426
2026-08-31,XDWH,54.1800,54.2200,53.7900,53.9900,11576
2026-09-01,XDWH,54.1500,55.2900,54.1200,54.5100,34630
2026-09-02,XDWH,54.6000,55.2000,54.4800,54.8700,15910
2026-09-03,XDWH,54.8200,55.2300,54.4500,54.7800,18259
2026-09-04,XDWH,54.7400,54.8000,54.2700,54.4100,12487
2026-09-07,XDWH,53.9700,54.0600,53.8100,53.9100,14945
2026-09-08,XDWH,53.6700,53.7500,52.8600,52.8600,53111
2024-09-09,XDWT,75.4400,75.8800,74.9400,75.4300,9426
2024-09-10,XDWT,75.8900,76.6700,75.6200,76.5000,10390
2024-09-11,XDWT,76.4800,77.5600,76.2000,76.7300,22538
2024-09-12,XDWT,79.7000,79.8900,78.7800,79.3200,12275
2024-09-13,XDWT,79.6700,79.9700,79.3600,79.8700,8079
2024-09-16,XDWT,79.5200,79.6100,78.2300,78.8300,18329
2024-09-17,XDWT,79.0800,79.5800,79.0800,79.2100,15263
2024-09-18,XDWT,79.0700,79.0700,78.6700,78.7000,9488
2024-09-19,XDWT,79.9300,80.9700,79.6900,80.9000,21793
2024-09-20,XDWT,80.3600,80.5900,80.0000,80.2000,7187
2024-09-23,XDWT,80.4300,80.8200,80.2000,80.4500,17182
2024-09-24,XDWT,80.7000,80.8200,79.7500,80.3100,10204
2024-09-25,XDWT,80.1800,81.2800,80.1100,81.1400,14270
2024-09-26,XDWT,82.4200,82.7200,81.3500,81.4800,21874
2024-09-27,XDWT,81.8400,82.1300,81.1900,81.1900,8896
2024-09-30,XDWT,80.9600,81.3700,80.5800,81.2900,6954
2024-10-01,XDWT,81.8500,82.3800,79.9000,80.3300,39506
2024-10-02,XDWT,80.1600,81.1200,79.7600,81.0400,53832
2024-10-03,XDWT,80.8100,81.8500,80.4200,81.5200,14020
2024-10-04,XDWT,81.2900,82.9200,81.2900,82.1000,15920
2024-10-07,XDWT,82.4400,82.7700,81.7900,82.7700,13568
2024-10-08,XDWT,81.9700,83.4700,81.8900,83.3900,14010
2024-10-09,XDWT,83.5300,84.4900,83.4000,84.4900,9478
2024-10-10,XDWT,84.5900,84.8100,83.9500,84.8100,21927
2024-10-11,XDWT,84.7900,85.0000,84.4200,84.7200,11353
2024-10-14,XDWT,84.8400,86.4100,84.7700,85.8800,13551
2024-10-15,XDWT,86.3000,86.4400,84.5300,84.9300,33474
2024-10-16,XDWT,84.8400,84.9200,83.8800,84.5500,11061
2024-10-17,XDWT,85.5300,86.6700,85.4800,86.0200,18643
2024-10-18,XDWT,85.7800,86.0500,85.6200,85.8100,5826
2024-10-21,XDWT,85.7100,86.3500,85.1900,85.9200,12364
2024-10-22,XDWT,86.3500,86.8300,86.0800,86.6000,20558
2024-10-23,XDWT,86.8500,86.9800,86.1200,86.1800,6538
2024-10-24,XDWT,85.9400,86.2700,85.4900,85.6900,8937
2024-10-25,XDWT,85.7300,86.9000,85.6200,86.7600,25265
2024-10-28,XDWT,86.7600,86.9600,86.1400,86.2800,12651
2024-10-29,XDWT,86.2800,87.0000,86.1100,86.9100,14844
2024-10-30,XDWT,87.0900,87.1200,85.8700,86.0000,7489
2024-10-31,XDWT,84.4300,84.6800,82.7700,83.0400,17986
2024-11-01,XDWT,82.7400,83.8300,82.6100,83.7600,6660
2024-11-04,XDWT,83.5500,83.5500,82.6200,83.2900,3892
2024-11-05,XDWT,83.0600,83.9000,83.0200,83.8000,13093
2024-11-06,XDWT,86.2500,87.1900,85.9600,86.9100,13171
2024-11-07,XDWT,87.3100,88.0800,87.2600,88.0800,9872
2024-11-08,XDWT,88.8800,88.9800,88.0700,88.6900,5464
2024-11-11,XDWT,89.2000,89.5800,88.4300,88.6100,14915
2024-11-12,XDWT,88.7800,89.6800,88.6900,89.5700,26824
2024-11-13,XDWT,89.3500,89.7200,88.8800,89.7100,5789
2024-11-14,XDWT,89.7300,90.3700,89.5700,89.9000,12119
2024-11-15,XDWT,89.1900,89.1900,87.8700,87.9400,16578
2024-11-18,XDWT,87.9400,88.1800,86.9800,87.9400,23609
2024-11-19,XDWT,87.8700,88.0300,86.8500,87.9900,13356
2024-11-20,XDWT,88.8000,89.1400,87.7000,88.2300,10855
2024-11-21,XDWT,88.4500,90.1200,88.0400,89.8600,21535
2024-11-22,XDWT,89.8900,90.7500,89.7900,90.2300,22358
2024-11-25,XDWT,90.6000,90.6300,89.5000,89.7800,21782
2024-11-26,XDWT,89.6600,90.1800,89.2500,90.1000,7957
2024-11-27,XDWT,89.7800,89.8700,87.8500,87.9900,8310
2024-11-28,XDWT,89.3300,89.3300,88.9100,89.0200,7480
2024-11-29,XDWT,88.9200,89.6800,88.6600,89.6200,3268
2024-12-02,XDWT,89.7900,91.2500,89.4300,91.0700,12683
2024-12-03,XDWT,91.0500,91.0800,90.3700,91.0200,16614
2024-12-04,XDWT,91.8900,92.8300,91.7900,92.5800,31948
2024-12-05,XDWT,92.7300,93.0700,92.2900,92.5700,24852
2024-12-06,XDWT,92.2400,93.1900,92.0000,92.6600,7039
2024-12-09,XDWT,92.7200,92.8100,91.7300,92.1000,15798
2024-12-10,XDWT,91.9000,92.7500,91.7800,91.7800,14956
2024-12-11,XDWT,91.5500,92.9000,91.4700,92.9000,10069
2024-12-12,XDWT,92.5100,92.8900,92.1700,92.5700,11393
2024-12-13,XDWT,93.1800,93.6300,92.2500,92.2300,32688
2024-12-16,XDWT,92.6800,93.3000,92.4900,92.9300,17111
2024-12-17,XDWT,93.1500,93.4100,92.5000,93.0900,20044
2024-12-18,XDWT,93.5300,94.0000,93.3800,93.8600,13203
2024-12-19,XDWT,91.7600,92.4200,91.3900,92.4100,22889
2024-12-20,XDWT,91.1100,92.5800,89.7200,92.5700,33545
2024-12-23,XDWT,93.1200,93.4200,92.7700,93.0400,19138
2024-12-27,XDWT,94.4700,94.4700,92.4100,92.8600,23266
2024-12-30,XDWT,92.8200,93.0800,91.6300,92.4500,12424
2025-01-02,XDWT,92.5600,93.2800,91.9500,93.0900,52269
2025-01-03,XDWT,92.7300,93.4000,92.4500,93.3300,27268
2025-01-06,XDWT,93.7300,95.2900,93.7300,95.0300,18675
2025-01-07,XDWT,94.2500,94.9800,92.8900,93.3600,21443
2025-01-08,XDWT,93.1800,93.6500,92.5800,93.1400,18214
2025-01-09,XDWT,92.5200,92.9500,92.4500,92.9200,19247
2025-01-10,XDWT,92.7700,93.0200,91.0000,91.3400,24287
2025-01-13,XDWT,91.3100,91.3300,90.2000,90.3400,33429
2025-01-14,XDWT,91.4000,91.6700,90.2200,90.3100,15221
2025-01-15,XDWT,90.2600,92.2000,90.2600,92.0600,43196
2025-01-16,XDWT,93.3400,93.5000,92.0700,92.0700,38385
2025-01-17,XDWT,91.7200,93.3000,91.7200,93.0400,20134
2025-01-20,XDWT,92.8300,92.9800,92.2300,92.4500,23846
2025-01-21,XDWT,92.2300,92.8200,91.5000,91.7300,25505
2025-01-22,XDWT,93.2100,94.2400,93.0700,94.2400,18845
2025-01-23,XDWT,94.1200,94.3400,93.7000,94.1600,33577
2025-01-24,XDWT,93.9100,94.3400,93.2500,93.4300,20275
2025-01-27,XDWT,89.9300,89.9300,86.6500,87.7400,57801
2025-01-28,XDWT,89.4600,90.3200,88.3100,90.0600,36717
2025-01-29,XDWT,92.2000,92.3400,90.3700,90.4500,34404
2025-01-30,XDWT,90.7900,91.0600,89.3600,89.7100,32134
2025-01-31,XDWT,91.4500,92.2200,91.3000,91.8500,23283
2025-02-03,XDWT,89.4800,90.0000,88.5800,89.4000,78430
2025-02-04,XDWT,89.3300,90.1300,88.8300,90.1100,23711
2025-02-05,XDWT,89.7800,90.3800,89.0100,90.3800,12037
2025-02-06,XDWT,91.4800,91.9900,91.4400,91.7500,25832
2025-02-07,XDWT,92.1300,92.5700,91.4500,91.7300,23630
2025-02-10,XDWT,92.1400,93.1600,91.8600,93.0700,20822
2025-02-11,XDWT,92.5500,93.2500,92.1600,93.0500,8081
2025-02-12,XDWT,92.5600,92.7200,91.5000,92.0200,15205
2025-02-13,XDWT,92.3800,93.2000,91.9600,93.0500,24526
2025-02-14,XDWT,93.1700,93.2900,92.6300,92.8900,10325
2025-02-17,XDWT,93.8500,93.9200,93.5500,93.7700,35660
2025-02-18,XDWT,94.1700,94.5700,93.7500,94.0800,15178
2025-02-19,XDWT,94.4300,94.6000,93.8000,94.5400,13853
2025-02-20,XDWT,94.1500,94.5100,93.2700,93.5500,16478
2025-02-21,XDWT,93.7000,94.2500,93.3000,93.4800,14202
2025-02-24,XDWT,91.9100,92.2600,90.4000,91.2300,26047
2025-02-25,XDWT,90.0300,90.3400,88.1000,88.5600,27519
2025-02-26,XDWT,89.6300,90.3300,89.2100,90.1000,26936
2025-02-27,XDWT,89.9300,90.8800,88.6500,89.5400,49128
2025-02-28,XDWT,87.1900,87.6000,85.8000,87.1400,51786
2025-03-03,XDWT,88.4200,88.5300,86.4600,86.8300,24840
2025-03-04,XDWT,84.9300,85.0800,83.1000,83.6800,48228
2025-03-05,XDWT,84.2400,84.3200,82.1100,82.1100,48469
2025-03-06,XDWT,83.1900,83.2300,81.7100,82.5000,36767
2025-03-07,XDWT,81.5800,81.8500,80.4100,80.4100,40939
2025-03-10,XDWT,81.5100,81.5200,78.2700,78.9100,53976
2025-03-11,XDWT,78.2000,78.4800,77.0500,77.5500,66783
2025-03-12,XDWT,78.0300,79.7500,77.8100,79.1400,26864
2025-03-13,XDWT,78.5200,79.3600,78.0600,78.1500,36055
2025-03-14,XDWT,78.6500,80.0900,78.3800,79.6200,25964
2025-03-17,XDWT,79.5800,80.5400,79.2900,79.4200,29415
2025-03-18,XDWT,79.6700,79.9400,78.6500,79.0600,33556
2025-03-19,XDWT,78.8800,80.2000,78.8500,80.1300,8717
2025-03-20,XDWT,80.7100,81.0900,79.7200,80.0500,23102
2025-03-21,XDWT,79.9300,80.1200,79.0000,80.1200,22494
2025-03-24,XDWT,81.2800,82.2700,81.2800,82.1600,15514
2025-03-25,XDWT,82.0400,82.4000,81.8800,82.3300,5277
2025-03-26,XDWT,82.4100,82.4500,80.8000,80.8800,11034
2025-03-27,XDWT,80.3000,80.6400,79.3800,79.9600,17347
2025-03-28,XDWT,79.2500,79.7300,77.5200,77.6900,23547
2025-03-31,XDWT,76.3100,76.6700,75.4900,76.2000,38925
2025-04-01,XDWT,77.4600,78.1200,76.8100,78.0500,43169
2025-04-02,XDWT,78.1600,78.3000,76.9400,78.3000,22142
2025-04-03,XDWT,74.3200,74.9900,71.6200,72.5900,24135
2025-04-04,XDWT,71.5700,72.0800,67.6300,69.0100,40147
2025-04-07,XDWT,63.0700,69.4800,62.6000,67.1800,83986
2025-04-08,XDWT,69.1000,71.8300,68.6800,70.3000,53617
2025-04-09,XDWT,66.9500,68.0900,64.7600,67.0300,64172
2025-04-10,XDWT,75.1500,75.3500,70.6700,70.6700,66391
2025-04-11,XDWT,71.1100,71.1100,68.8600,70.1400,45554
2025-04-14,XDWT,72.9900,74.2200,72.2900,72.1100,62594
2025-04-15,XDWT,72.2600,73.1500,71.8600,72.8300,45739
2025-04-16,XDWT,70.4500,71.6600,69.9800,70.8400,19193
2025-04-17,XDWT,70.5200,70.8100,68.9000,69.1400,34565
2025-04-22,XDWT,67.5600,68.3100,67.2500,68.1600,22857
2025-04-23,XDWT,70.4400,72.4200,70.3400,71.5900,71171
2025-04-24,XDWT,71.0100,72.9100,70.2200,72.9100,38280
2025-04-25,XDWT,74.0100,74.0100,73.2200,73.8300,20523
2025-04-28,XDWT,74.8700,74.9000,73.6600,73.6600,20074
2025-04-29,XDWT,74.4400,74.9400,73.9500,74.5500,8631
2025-04-30,XDWT,74.6600,74.7700,72.7800,74.4200,9785
2025-05-02,XDWT,77.0000,77.8000,76.7000,77.8000,11526
2025-05-05,XDWT,77.4600,77.6000,76.9900,77.5300,11610
2025-05-06,XDWT,77.0200,77.0600,75.9800,76.9400,24571
2025-05-07,XDWT,77.0400,77.1400,76.2600,76.5000,18698
2025-05-08,XDWT,78.8100,79.0800,77.9100,78.8300,30754
2025-05-09,XDWT,79.0700,79.3500,78.1800,78.5600,14089
2025-05-12,XDWT,81.5100,83.7300,81.5100,82.5400,35651
2025-05-13,XDWT,82.8800,84.6600,82.7900,84.5100,20232
2025-05-14,XDWT,84.8900,85.1400,84.0500,85.0800,24853
2025-05-15,XDWT,84.7900,85.3800,84.2500,85.3800,16500
2025-05-16,XDWT,84.9300,85.5000,84.8700,85.3200,13672
2025-05-19,XDWT,83.9400,84.6100,83.0800,84.3400,16154
2025-05-20,XDWT,84.3400,84.6900,84.0000,84.2600,4566
2025-05-21,XDWT,83.3100,83.8500,82.8000,83.8200,7109
2025-05-22,XDWT,82.6500,83.4000,82.3800,83.0600,7765
2025-05-23,XDWT,82.6000,82.7800,80.5000,81.5700,12816
2025-05-26,XDWT,82.2100,82.7000,82.1200,82.5000,11134
2025-05-27,XDWT,82.5700,83.3100,82.4800,83.3000,17055
2025-05-28,XDWT,83.5100,84.1000,83.2200,83.6800,33044
2025-05-29,XDWT,85.6000,85.9800,83.3000,83.8300,13749
2025-05-30,XDWT,83.3000,83.7100,82.7600,83.0500,11385
2025-06-02,XDWT,82.2600,83.1800,81.8500,82.7500,10371
2025-06-03,XDWT,83.1900,84.6000,82.8900,84.5900,7790
2025-06-04,XDWT,84.7500,85.0400,84.5800,84.7400,11787
2025-06-05,XDWT,84.7800,85.3200,84.1600,85.3200,21233
2025-06-06,XDWT,84.6300,85.6800,84.4900,85.3400,7686
2025-06-09,XDWT,85.1000,85.9700,85.0100,85.4700,3126
2025-06-10,XDWT,85.3700,85.5200,85.0500,85.3100,3847
2025-06-11,XDWT,85.5500,85.7500,85.3000,85.4900,9392
2025-06-12,XDWT,84.7800,85.0100,83.8000,84.9100,9262
2025-06-13,XDWT,83.9200,84.9000,83.7600,84.2400,5157
2025-06-16,XDWT,84.1600,85.1000,84.0500,85.0600,6033
2025-06-17,XDWT,84.6600,85.1900,84.3200,85.1300,4173
2025-06-18,XDWT,84.9800,85.4000,84.8300,85.0800,8371
2025-06-19,XDWT,85.0500,85.0500,84.0700,84.2500,2409
2025-06-20,XDWT,84.7500,85.5000,84.4000,84.5800,9397
2025-06-23,XDWT,84.4900,85.2500,84.4700,84.7000,5120
2025-06-24,XDWT,86.0300,86.1100,85.7600,86.1000,6415
2025-06-25,XDWT,86.4500,87.2800,86.3800,86.8700,6056
2025-06-26,XDWT,86.9700,87.1200,86.4400,86.7600,10665
2025-06-27,XDWT,87.2500,87.5400,87.0500,87.5700,4842
2025-06-30,XDWT,87.6000,87.7900,87.2800,87.3700,4621
2025-07-01,XDWT,87.4800,87.5700,86.3500,86.5400,17017
2025-07-02,XDWT,86.9000,87.5100,86.1900,87.2200,11437
2025-07-03,XDWT,87.4200,88.9200,87.2400,88.8600,10671
2025-07-04,XDWT,88.4500,88.4500,87.9800,88.0100,5278
2025-07-07,XDWT,88.4000,88.8400,88.4000,88.5200,11322
2025-07-08,XDWT,88.4400,88.9800,88.3900,88.6400,3910
2025-07-09,XDWT,88.7400,89.8400,88.6300,89.1700,6687
2025-07-10,XDWT,89.1700,89.9300,89.1500,89.5700,4389
2025-07-11,XDWT,89.3600,89.6300,88.7800,89.4100,10170
2025-07-14,XDWT,88.9000,89.1600,88.4200,89.1400,5920
2025-07-15,XDWT,90.0500,91.1100,89.9400,91.1100,14222
2025-07-16,XDWT,90.1800,90.9100,89.5500,89.7300,13085
2025-07-17,XDWT,91.4300,91.9700,91.1400,91.8700,7081
2025-07-18,XDWT,91.8300,91.8700,91.0500,91.1800,9765
2025-07-21,XDWT,91.5000,91.7000,91.1100,91.3300,12348
2025-07-22,XDWT,90.9200,91.0200,89.4300,89.8900,7797
2025-07-23,XDWT,89.9700,90.1500,89.5000,89.9800,3049
2025-07-24,XDWT,90.4500,90.6600,89.9800,90.4800,14147
2025-07-25,XDWT,90.7800,91.1100,90.5900,91.0200,5585
2025-07-28,XDWT,91.8100,92.3300,91.6600,92.1600,12657
2025-07-29,XDWT,93.4500,94.3100,93.0500,93.1500,13657
2025-07-30,XDWT,93.0900,93.9400,93.0000,93.6900,14206
2025-07-31,XDWT,95.9500,96.2300,94.2300,94.5100,63009
2025-08-01,XDWT,94.0200,94.0200,90.3600,91.0300,79336
2025-08-04,XDWT,91.2400,92.5400,91.1400,92.4000,11716
2025-08-05,XDWT,93.2400,93.5100,91.8800,91.8600,12386
2025-08-06,XDWT,92.2000,92.3300,91.5700,92.3000,10352
2025-08-07,XDWT,92.8900,94.0000,92.8500,93.3700,24627
2025-08-08,XDWT,93.2200,93.6000,93.1500,93.4800,10621
2025-08-11,XDWT,94.0700,94.5500,93.5400,94.4200,14806
2025-08-12,XDWT,93.7500,94.1500,93.3500,94.0200,10719
2025-08-13,XDWT,94.4400,94.6900,93.8700,93.9700,6877
2025-08-14,XDWT,94.1500,94.5600,93.8300,94.1400,9626
2025-08-18,XDWT,93.4900,93.7300,93.2100,93.4000,3208
2025-08-19,XDWT,93.6500,93.8000,92.5000,92.7500,11529
2025-08-20,XDWT,91.9700,92.2100,90.0500,91.1000,12661
2025-08-21,XDWT,91.7700,91.8100,91.0700,91.4900,15300
2025-08-22,XDWT,91.1700,92.4000,91.1000,92.2300,9907
2025-08-25,XDWT,91.7600,92.5500,91.6200,92.5500,20378
2025-08-26,XDWT,92.4000,92.6000,92.1300,92.4000,17348
2025-08-27,XDWT,93.1500,93.5300,92.8500,93.3000,4074
2025-08-28,XDWT,93.1200,93.8100,92.7100,93.5200,20534
2025-08-29,XDWT,93.7000,93.7000,91.7800,92.0400,4934
2025-09-01,XDWT,91.7800,92.1300,91.6900,92.1300,7023
2025-09-02,XDWT,91.8800,91.9700,90.4500,90.5900,48722
2025-09-03,XDWT,91.8300,92.2300,91.6000,91.6000,6678
2025-09-04,XDWT,92.0900,92.3900,91.7400,92.3600,12202
2025-09-05,XDWT,93.0600,93.1300,91.1900,91.7000,14528
2025-09-08,XDWT,92.4600,93.1000,92.3200,93.0500,32679
2025-09-09,XDWT,92.8100,93.0500,92.3300,92.5900,11024
2025-09-10,XDWT,94.2400,94.8000,93.9600,94.6800,41957
2025-09-11,XDWT,94.8000,95.0100,94.3600,94.7200,11312
2025-09-12,XDWT,94.4800,94.9900,94.4800,94.9600,33059
2025-09-15,XDWT,94.9700,95.0500,94.1700,95.0500,20908
2025-09-16,XDWT,95.4000,95.5500,94.5200,94.5500,16520
2025-09-17,XDWT,94.4600,94.5500,93.6100,93.6900,32727
2025-09-18,XDWT,94.8700,96.0700,94.7400,96.0400,8346
2025-09-19,XDWT,95.8300,96.6000,95.6900,96.4000,14771
2025-09-22,XDWT,96.9900,97.6500,96.5500,97.6100,14984
2025-09-23,XDWT,98.3400,98.4900,97.8400,98.0100,13854
2025-09-24,XDWT,97.5700,98.1400,97.4000,97.4000,7432
2025-09-25,XDWT,97.0300,97.6400,96.2200,97.3800,9827
2025-09-26,XDWT,97.5400,97.9100,96.9500,97.1700,9949
2025-09-29,XDWT,97.7800,98.4100,97.7200,97.9900,7405
2025-09-30,XDWT,97.7400,98.5000,97.4800,98.3000,17410
2025-10-01,XDWT,97.3000,98.8800,97.1400,98.8800,32343
2025-10-02,XDWT,99.6100,100.3000,99.5300,100.0700,12443
2025-10-03,XDWT,100.5300,100.5600,99.9100,100.4700,5622
2025-10-06,XDWT,100.6500,101.2200,100.4100,101.0300,15638
2025-10-07,XDWT,100.8000,101.6700,100.2800,100.2800,11498
2025-10-08,XDWT,100.8200,101.8800,100.6300,101.8400,24177
2025-10-09,XDWT,102.4600,102.7500,102.2000,102.5500,10360
2025-10-10,XDWT,102.6200,102.9100,99.5800,99.5800,23186
2025-10-13,XDWT,100.1700,101.0800,100.0800,100.7900,26508
2025-10-14,XDWT,99.7300,99.9600,98.3500,99.2200,37728
2025-10-15,XDWT,99.7000,100.6600,99.6200,100.0200,17343
2025-10-16,XDWT,100.1800,100.5600,99.9600,100.1400,9631
2025-10-17,XDWT,98.0300,99.9000,97.2000,98.7100,78033
2025-10-20,XDWT,100.5800,101.6400,100.3100,101.5300,22076
2025-10-21,XDWT,101.2600,101.6400,101.0000,101.6000,13352
2025-10-22,XDWT,101.3900,101.8000,100.2000,100.2000,8168
2025-10-23,XDWT,101.0400,101.5200,100.2000,101.5200,15255
2025-10-27,XDWT,104.2600,104.5700,104.0900,104.4300,7939
2025-10-28,XDWT,104.6200,105.8800,104.5100,105.5000,21572
2025-10-29,XDWT,107.5100,108.0000,106.7900,107.0700,10780
2025-10-30,XDWT,107.4000,107.7300,106.7000,107.2300,10781
2025-10-31,XDWT,107.9900,108.3500,106.7400,106.8900,15221
2025-11-03,XDWT,106.9900,108.4700,106.9900,107.2900,22103
2025-11-04,XDWT,105.9000,106.6700,105.5400,106.0500,24930
2025-11-05,XDWT,104.5000,106.0000,104.2100,105.8700,33424
2025-11-06,XDWT,104.5700,105.1400,102.8600,102.9000,116119
2025-11-07,XDWT,102.9000,103.0500,99.8000,100.0700,33103
2025-11-10,XDWT,103.3300,104.4300,103.1400,103.5000,45208
2025-11-11,XDWT,104.2700,104.4000,102.8400,103.0600,17540
2025-11-12,XDWT,104.1900,104.5900,103.1000,103.4700,49672
2025-11-13,XDWT,103.7600,103.8500,101.1700,101.3900,34001
2025-11-14,XDWT,100.5400,102.2900,98.8800,102.1500,32667
2025-11-17,XDWT,102.2900,102.5700,100.4700,100.9200,19610
2025-11-18,XDWT,99.5900,100.1200,97.9500,99.0700,41347
2025-11-19,XDWT,98.7200,101.0000,98.6600,99.9700,17585
2025-11-20,XDWT,102.6000,102.8800,100.6400,100.6400,42566
2025-11-21,XDWT,97.2300,98.0600,95.9800,97.4000,30221
2025-11-24,XDWT,98.2100,99.7900,97.6000,99.7900,17981
2025-11-25,XDWT,99.5000,99.5500,97.3800,98.8300,15136
2025-11-26,XDWT,100.0100,100.9600,99.6300,100.9600,22731
2025-11-27,XDWT,100.8400,100.9200,100.5400,100.5400,6412
2025-11-28,XDWT,100.9200,101.4700,100.6600,100.9400,5809
2025-12-01,XDWT,100.2200,100.7800,99.6000,100.7800,11500
2025-12-02,XDWT,100.9400,102.7300,100.9100,101.7400,5059
2025-12-03,XDWT,102.1100,102.2200,100.7300,101.4700,7573
2025-12-04,XDWT,101.6000,101.7200,101.2200,101.7200,6713
2025-12-05,XDWT,102.3100,102.8100,101.8700,102.2600,7913
2025-12-08,XDWT,102.6400,103.5000,102.4700,103.1000,2512
2025-12-09,XDWT,103.9500,103.9500,102.9600,103.5000,6129
2025-12-10,XDWT,103.5500,103.6100,102.4200,102.8300,6357
2025-12-11,XDWT,101.6000,102.2100,100.5400,100.7500,13346
2025-12-12,XDWT,101.8500,101.9100,99.3000,99.4500,29103
2025-12-15,XDWT,99.6400,100.0300,98.1400,98.8200,110268
2025-12-16,XDWT,97.4300,98.2400,97.3500,97.8800,8983
2025-12-17,XDWT,98.7600,99.2300,96.7000,96.7000,7389
2025-12-18,XDWT,97.1000,98.3700,97.0000,98.3100,3275
2025-12-19,XDWT,98.6900,99.5900,98.2500,99.3400,10230
2025-12-22,XDWT,100.3900,100.5800,99.7600,100.0400,9265
2025-12-23,XDWT,99.8600,100.3500,99.5000,100.3100,5615
2025-12-29,XDWT,100.7400,100.9400,100.0100,100.4900,10019
2025-12-30,XDWT,100.5400,100.9600,100.4600,100.9000,6600
2026-01-02,XDWT,100.8100,101.8700,99.7500,100.1800,11273
2026-01-05,XDWT,100.8700,101.8900,100.7500,101.0900,9924
2026-01-06,XDWT,100.5000,101.3500,100.2300,101.1500,13203
2026-01-07,XDWT,101.1800,101.9300,100.8900,101.8300,16637
2026-01-08,XDWT,101.1900,101.3200,99.6800,99.6800,5690
2026-01-09,XDWT,100.1700,101.1800,100.1700,101.0300,11832
2026-01-12,XDWT,100.1800,101.4600,99.7400,101.3600,11322
2026-01-13,XDWT,101.3400,101.8000,101.0800,101.7600,15536
2026-01-14,XDWT,101.4600,101.4700,99.5500,99.8100,19920
2026-01-15,XDWT,100.7900,102.2200,100.7300,101.9500,19587
2026-01-16,XDWT,101.6200,101.9600,101.0200,101.4300,10384
2026-01-19,XDWT,99.5800,99.7200,98.9000,99.1600,9062
2026-01-20,XDWT,98.4200,98.5700,97.4400,98.3700,25324
2026-01-21,XDWT,97.8400,98.5800,97.0000,98.2100,13560
2026-01-22,XDWT,99.0800,99.5900,98.4900,98.8400,12853
2026-01-23,XDWT,98.8200,99.3900,98.1600,99.0200,17025
2026-01-26,XDWT,98.2000,99.0400,97.5600,98.9800,16410
2026-01-27,XDWT,99.8300,99.9600,99.1200,99.8800,5992
2026-01-28,XDWT,100.9100,101.0400,100.1100,100.2200,20039
2026-01-29,XDWT,99.4200,99.5900,96.0800,96.7300,14563
2026-01-30,XDWT,97.1600,98.4300,97.0700,98.0600,49724
2026-02-02,XDWT,96.1600,99.0300,96.0400,98.9000,13765
2026-02-03,XDWT,99.1800,99.2600,96.1000,96.0900,20476
2026-02-04,XDWT,96.1400,96.2200,94.5900,94.6300,27635
2026-02-05,XDWT,95.1200,95.4000,92.9200,94.2200,35827
2026-02-06,XDWT,93.1000,96.0000,93.1000,96.0200,16216
2026-02-09,XDWT,96.3400,97.5500,95.3700,97.5500,30541
2026-02-10,XDWT,97.4100,98.0000,97.2500,97.7300,22768
2026-02-11,XDWT,97.3000,98.7500,96.7700,97.3400,26500
2026-02-12,XDWT,97.7800,97.9100,95.1400,95.2200,15426
2026-02-13,XDWT,95.0000,95.6100,94.1300,94.8500,33036
2026-02-16,XDWT,94.7600,95.1600,94.3000,94.3600,8634
2026-02-17,XDWT,94.5400,95.0600,93.5700,95.0400,31832
2026-02-18,XDWT,95.7500,97.1700,95.5500,97.1700,13639
2026-02-19,XDWT,96.8200,96.9200,96.0400,96.4600,33858
2026-02-20,XDWT,96.6200,97.1400,95.5400,96.8000,15393
2026-02-23,XDWT,95.6600,96.6000,95.1800,95.5900,10386
2026-02-24,XDWT,95.9700,96.9000,95.3400,96.7000,28039
2026-02-25,XDWT,96.8000,98.5000,96.8000,98.1500,6927
2026-02-26,XDWT,98.3300,98.6600,95.9200,96.7400,12497
2026-02-27,XDWT,96.6000,96.6200,94.5000,95.1800,19829
2026-03-02,XDWT,93.1500,96.0000,92.9600,95.7200,25143
2026-03-03,XDWT,94.8400,95.3300,93.9200,95.2800,15122
2026-03-04,XDWT,95.1900,96.7800,95.1900,96.7800,28170
2026-03-05,XDWT,96.9000,97.7600,96.5400,97.4400,31137
2026-03-09,XDWT,94.1100,96.1000,93.8800,96.1000,22430
2026-03-10,XDWT,97.1500,97.6900,96.5400,97.6000,10322
2026-03-11,XDWT,97.3600,98.2000,97.0500,97.7400,40043
2026-03-12,XDWT,97.6000,97.6900,96.4300,96.9400,13475
2026-03-13,XDWT,96.5300,97.8700,96.0800,96.2800,21203
2026-03-16,XDWT,96.6700,97.3800,96.3000,97.0500,11328
2026-03-17,XDWT,96.4700,97.3300,96.2300,96.7600,3999
2026-03-18,XDWT,97.5300,97.6900,96.3800,96.4700,16986
2026-03-19,XDWT,95.8100,96.0200,94.4500,95.1400,46203
2026-03-20,XDWT,95.3100,95.3400,93.8900,94.0300,7160
2026-03-23,XDWT,92.3700,95.6500,92.3000,94.2100,25846
2026-03-24,XDWT,94.6200,94.6200,93.2500,93.9600,9344
2026-03-25,XDWT,94.7700,95.1200,94.4500,94.7300,18337
2026-03-26,XDWT,94.2200,94.2200,93.2000,93.2000,13115
2026-03-27,XDWT,92.8300,92.8300,90.7000,91.0500,13364
2026-03-30,XDWT,90.7200,91.5700,90.0300,90.6600,14863
2026-03-31,XDWT,90.0000,91.0000,89.8100,90.7500,17483
2026-04-01,XDWT,93.4800,93.6600,92.7000,93.6600,13151
2026-04-02,XDWT,92.1300,93.8900,91.4400,93.7900,12342
2026-04-07,XDWT,94.2200,94.6000,92.5100,93.1800,24015
2026-04-08,XDWT,97.2600,97.9400,96.1200,96.6900,34726
2026-04-09,XDWT,96.4800,96.4900,95.8600,96.0600,11023
2026-04-10,XDWT,96.8500,97.8000,96.7200,97.6400,8415
2026-04-13,XDWT,96.8100,98.2600,96.6300,98.0900,6600
2026-04-14,XDWT,98.8500,99.6200,98.8500,99.4400,11346
2026-04-15,XDWT,100.2100,101.5100,100.1200,101.3900,9438
2026-04-16,XDWT,102.7700,102.9600,101.9600,102.8900,11713
2026-04-17,XDWT,103.1800,104.7700,103.1200,104.7700,16143
2026-04-20,XDWT,104.0500,104.8500,103.7600,104.2600,14779
2026-04-21,XDWT,104.9400,105.5400,104.8400,105.1500,7229
2026-04-22,XDWT,105.7400,106.7900,105.6300,106.7900,6082
2026-04-23,XDWT,106.7400,107.1400,106.4300,107.1300,11402
2026-04-24,XDWT,106.8100,108.0700,106.7000,107.9900,11810
2026-04-27,XDWT,108.2200,108.4400,107.3000,107.6200,12994
2026-04-28,XDWT,108.2700,108.2700,106.4100,106.3600,18752
2026-04-29,XDWT,107.7300,107.7500,107.0900,107.3900,20229
2026-04-30,XDWT,107.2700,108.3500,105.6600,106.6100,15716
2026-05-04,XDWT,108.7300,109.0500,107.9300,108.1600,17526
2026-05-05,XDWT,109.1000,110.0000,109.0300,109.9100,15295
2026-05-06,XDWT,110.3600,111.9300,110.3200,111.9000,19475
2026-05-07,XDWT,112.6700,113.8100,112.4000,113.6800,8386
2026-05-08,XDWT,113.3400,114.7100,113.1100,114.6000,19766
2026-05-11,XDWT,114.9700,116.1000,114.6100,116.0700,29936
2026-05-12,XDWT,115.4800,116.1400,113.7000,113.9500,23952
2026-05-13,XDWT,116.2900,117.0700,115.1300,116.2900,7987
2026-05-14,XDWT,117.7600,119.6600,117.2500,119.5500,21777
2026-05-15,XDWT,118.4100,118.5000,116.8300,118.4800,13741
2026-05-18,XDWT,117.1800,118.5400,115.6600,115.9400,47643
2026-05-19,XDWT,115.8700,117.0100,114.9100,115.5800,25197
2026-05-20,XDWT,116.7000,117.8500,116.5000,117.7600,27417
2026-05-21,XDWT,117.7300,119.0300,117.4000,117.8500,26766
2026-05-22,XDWT,119.3500,120.3900,119.0400,120.3700,17174
2026-05-25,XDWT,121.5300,121.6100,121.1300,121.4500,15029
2026-05-26,XDWT,120.8800,122.2900,120.5000,121.5400,6792
2026-05-27,XDWT,121.3300,122.5400,119.9400,120.4500,14026
2026-05-28,XDWT,120.7500,122.4000,120.6900,122.4000,15942
2026-05-29,XDWT,123.2800,125.1300,123.1000,124.2600,8536
2026-06-01,XDWT,126.3900,127.6300,125.7400,127.6300,13928
2026-06-02,XDWT,128.3100,129.5400,128.1800,129.4600,11879
2026-06-03,XDWT,130.0500,130.6800,128.1600,128.7800,12218
2026-06-04,XDWT,127.2400,127.3200,124.4200,126.2200,22253
2026-06-05,XDWT,124.5000,125.4000,122.7900,123.1000,18363
2026-06-08,XDWT,120.5800,123.4900,120.5400,122.8200,27131
2026-06-09,XDWT,123.0300,123.0300,118.0500,118.0500,19407
2026-06-10,XDWT,118.7600,119.9400,116.9000,117.6500,47626
2026-06-11,XDWT,118.0900,119.2200,117.0900,118.3000,41904
2026-06-12,XDWT,119.7000,121.3400,119.2200,121.1600,33006
2026-06-15,XDWT,123.4200,124.2900,123.2200,124.2900,12345
2026-06-16,XDWT,124.6400,124.8900,122.6900,122.6900,10859
2026-06-17,XDWT,122.9700,123.5800,122.5000,123.0400,35943
2026-06-18,XDWT,124.3100,125.7400,124.3000,125.1300,9585
2026-06-19,XDWT,125.5500,125.7800,125.1000,125.7400,3310
2026-06-22,XDWT,126.2300,128.0400,126.0000,126.2700,17646
2026-06-23,XDWT,123.0900,124.0200,121.7500,122.7400,16033
2026-06-24,XDWT,122.9700,123.4400,121.8500,122.9200,6103
2026-06-25,XDWT,124.3900,125.0400,120.0000,121.0600,10279
2026-06-26,XDWT,119.9700,120.3900,118.2600,119.9700,10092
2026-06-29,XDWT,120.7100,121.3700,118.5000,120.5300,10493
2026-06-30,XDWT,122.4500,124.3400,122.0000,124.1000,3993
2026-07-01,XDWT,124.3300,124.8300,122.7800,123.8400,5904
2026-07-02,XDWT,122.1200,123.5600,120.5000,121.0300,16812
2026-07-03,XDWT,121.7000,122.1000,121.2600,121.9400,14833
2026-07-06,XDWT,121.6300,123.3700,121.4000,123.2300,12337
2026-07-07,XDWT,121.2100,121.3700,118.3200,119.3400,19024
2026-07-08,XDWT,119.5100,120.6700,117.4800,119.5200,17170
2026-07-09,XDWT,122.2600,123.7200,121.9100,123.6500,11618
2026-07-10,XDWT,122.9600,123.7700,122.6800,123.5900,6419
2026-07-13,XDWT,122.4500,123.2500,122.0000,123.1500,18183
2026-07-14,XDWT,122.3500,123.1700,121.3800,122.9700,11287
2026-07-15,XDWT,124.2800,124.2800,121.7500,122.0100,3917
2026-07-16,XDWT,122.1100,122.1600,119.8500,120.8200,5898
2026-07-17,XDWT,118.2300,119.2800,116.6700,118.6800,7575
2026-07-20,XDWT,119.4500,121.0800,119.4200,120.1700,14325
2026-07-21,XDWT,120.8800,122.2000,120.7000,122.2000,26435
2026-07-22,XDWT,121.1800,122.5600,120.7000,122.4700,18693
2026-07-23,XDWT,121.9800,122.5900,120.4000,120.6200,20962
2026-07-24,XDWT,120.5400,121.4800,119.7000,120.8000,5885
2026-07-27,XDWT,121.4800,121.8900,117.7000,118.0700,9677
2026-07-28,XDWT,117.6400,118.1400,115.4000,117.3900,17105
2026-07-29,XDWT,117.0000,117.6200,115.3500,115.7000,3316
2026-07-30,XDWT,115.6800,119.1700,114.8900,118.4000,39237
2026-07-31,XDWT,118.5200,120.1000,117.0000,117.1300,13261
2026-08-03,XDWT,119.3500,120.1300,117.4200,119.9400,34710
2026-08-04,XDWT,121.5200,124.6100,121.3000,124.5700,12747
2026-08-05,XDWT,126.0300,126.3500,125.1300,125.4900,25892
2026-08-06,XDWT,124.8100,126.0100,124.0000,125.4500,25128
2026-08-07,XDWT,125.7600,126.9700,125.7600,126.5900,13532
2026-08-10,XDWT,127.2100,127.3900,126.0300,126.0300,6046
2026-08-11,XDWT,125.8900,126.5800,125.4100,125.7200,7931
2026-08-12,XDWT,126.1900,127.3800,126.0200,127.0000,6287
2026-08-13,XDWT,127.1200,129.0000,127.0200,128.2600,6277
2026-08-14,XDWT,128.2500,128.4000,127.0000,127.0000,2300
2026-08-17,XDWT,127.7400,127.9200,127.1600,127.7700,12355
2026-08-18,XDWT,125.9300,125.9300,123.7900,124.0700,21143
2026-08-19,XDWT,123.8300,124.2600,121.9300,122.9300,21861
2026-08-20,XDWT,122.8900,123.0400,121.6300,121.9900,10585
2026-08-21,XDWT,122.1800,122.7400,121.3200,122.1100,12239
2026-08-24,XDWT,121.1100,121.5900,119.8300,120.3500,8738
2026-08-25,XDWT,121.1200,121.8800,120.7400,121.1500,9060
2026-08-26,XDWT,121.2500,121.9000,120.6000,121.5600,10861
2026-08-27,XDWT,123.5900,125.0300,123.5900,124.9600,4816
2026-08-28,XDWT,125.5000,126.4400,125.1700,126.3700,6895
2026-08-31,XDWT,124.8800,125.0800,124.1600,124.1600,10788
2026-09-01,XDWT,124.8100,125.0300,122.7300,123.7700,13084
2026-09-02,XDWT,123.5000,123.8900,122.6900,123.8900,13563
2026-09-03,XDWT,123.6300,124.9000,123.1000,124.9000,6939
2026-09-04,XDWT,125.4600,126.2600,125.3700,125.3700,13901
2026-09-07,XDWT,126.2100,126.4000,125.6700,125.9000,3876
2026-09-08,XDWT,125.9800,126.5100,125.2800,125.8400,14470
2024-09-09,XESC,80.4700,80.8500,80.4700,80.6800,16656
2024-09-10,XESC,80.6300,81.0100,80.0700,80.1300,4870
2024-09-11,XESC,80.5000,80.7300,80.0700,80.4300,1670
2024-09-12,XESC,81.5400,81.6700,80.9900,81.3300,8333
2024-09-13,XESC,81.4600,81.9400,81.4600,81.7600,9718
2024-09-16,XESC,81.5900,81.9000,81.4700,81.5800,13466
2024-09-17,XESC,81.8200,82.3000,81.8200,82.1100,7336
2024-09-18,XESC,82.0400,82.1100,81.5900,81.7300,2143
2024-09-19,XESC,82.7100,83.4700,82.3700,83.4400,13228
2024-09-20,XESC,83.1800,83.1800,82.2600,82.2600,4008
2024-09-23,XESC,82.3200,82.6500,82.1100,82.5400,4592
2024-09-24,XESC,83.3300,83.6700,83.0500,83.4300,4027
2024-09-25,XESC,82.9700,83.2700,82.9700,83.1300,2275
2024-09-26,XESC,84.4000,85.0800,84.3700,84.9600,3560
2024-09-27,XESC,85.2800,85.7100,85.1100,85.6800,43923
2024-09-30,XESC,85.3700,85.5500,84.6100,84.6200,41358
2024-10-01,XESC,84.4300,84.7900,83.4200,83.7700,10184
2024-10-02,XESC,83.9100,84.2100,83.4300,83.8300,6227
2024-10-03,XESC,83.6500,83.6500,82.9500,83.1900,12936
2024-10-04,XESC,83.1100,84.0800,83.1100,83.7700,4096
2024-10-07,XESC,84.0000,84.1300,83.4200,83.9800,5341
2024-10-08,XESC,83.1500,83.8200,83.1400,83.7100,3387
2024-10-09,XESC,83.5700,84.2500,83.4700,84.2700,2140
2024-10-10,XESC,84.2200,84.3000,83.9000,84.0500,580
2024-10-11,XESC,84.0000,84.5900,83.9100,84.5900,4407
2024-10-14,XESC,84.7300,85.2500,84.5100,85.1900,3267
2024-10-15,XESC,85.3100,85.3900,83.6400,83.6400,18016
2024-10-16,XESC,82.8900,83.2500,82.8200,82.9900,3585
2024-10-17,XESC,83.2700,83.9700,83.2700,83.6400,5419
2024-10-18,XESC,83.7800,84.2600,83.7200,84.2300,1184
2024-10-21,XESC,84.0700,84.1700,83.4800,83.5000,2717
2024-10-22,XESC,83.6200,83.6200,83.0200,83.5100,1755
2024-10-23,XESC,83.5700,83.5700,82.9600,83.2100,962
2024-10-24,XESC,83.5200,83.8700,83.4200,83.4200,2212
2024-10-25,XESC,83.3600,83.6900,83.1100,83.5300,3844
2024-10-28,XESC,83.9200,84.1100,83.3800,84.0200,9204
2024-10-29,XESC,84.3600,84.4800,83.6600,83.6600,1893
2024-10-30,XESC,83.3500,83.3500,82.3000,82.6400,3246
2024-10-31,XESC,81.8800,82.0600,81.3400,81.5900,3731
2024-11-01,XESC,81.8200,82.5400,81.8200,82.5400,1121
2024-11-04,XESC,82.4900,82.5300,82.2500,82.1900,8050
2024-11-05,XESC,82.1900,82.2200,82.1400,82.4200,211
2024-11-06,XESC,82.8300,83.6300,81.1800,81.1400,5261
2024-11-07,XESC,81.5000,82.3500,81.4000,82.0500,3292
2024-11-08,XESC,82.1400,82.1400,81.1500,81.2300,1721
2024-11-11,XESC,81.9100,82.3300,81.8300,82.0600,1598
2024-11-12,XESC,81.2800,81.5100,80.2400,80.2800,5556
2024-11-13,XESC,79.9200,80.4400,79.5700,80.1100,8389
2024-11-14,XESC,80.4400,81.7300,80.4400,81.6700,5686
2024-11-15,XESC,81.1600,81.6400,80.9400,81.1200,7313
2024-11-18,XESC,81.2200,81.2200,80.6100,81.0500,2335
2024-11-19,XESC,81.2300,81.2300,79.6500,80.4500,4522
2024-11-20,XESC,80.9200,80.9800,79.9900,80.1000,1448
2024-11-21,XESC,80.1300,80.4400,79.5400,80.5500,3881
2024-11-22,XESC,80.9800,81.1500,80.0000,81.0900,1504
2024-11-25,XESC,81.8000,81.8000,81.2900,81.3300,5399
2024-11-26,XESC,80.7400,81.1600,80.5300,80.7400,4050
2024-11-27,XESC,80.2900,80.3600,79.8000,80.2300,7003
2024-11-28,XESC,80.6900,80.9600,80.6000,80.6400,10124
2024-11-29,XESC,80.4400,81.4900,80.4100,81.3700,8408
2024-12-02,XESC,80.8600,82.1800,80.7800,82.1800,14521
2024-12-03,XESC,82.5100,83.0500,82.4000,82.8000,14529
2024-12-04,XESC,83.0900,83.5400,83.0000,83.3800,1984
2024-12-05,XESC,83.3900,84.0000,83.3900,84.0100,3879
2024-12-06,XESC,83.8200,84.5100,83.8200,84.3700,4295
2024-12-09,XESC,84.7400,84.8000,84.3100,84.5300,5677
2024-12-10,XESC,84.2000,84.3400,83.9400,83.9800,2393
2024-12-11,XESC,83.8400,84.1800,83.8400,84.1000,1211
2024-12-12,XESC,84.3000,84.3000,84.0700,84.2300,8657
2024-12-13,XESC,84.1600,84.6300,84.0000,84.2000,1889
2024-12-16,XESC,84.0000,84.0400,83.7700,83.8500,6100
2024-12-17,XESC,83.6000,84.0700,83.6000,83.7500,3449
2024-12-18,XESC,83.9400,84.2100,83.8200,84.0900,5950
2024-12-19,XESC,82.8100,83.0700,82.5400,82.7500,8917
2024-12-20,XESC,82.1200,82.6300,81.5800,82.6100,13357
2024-12-23,XESC,82.1700,82.4800,82.0300,82.3100,1502
2024-12-27,XESC,82.2900,83.1200,82.2900,83.1200,1353
2024-12-30,XESC,82.7600,83.1300,82.1800,82.4000,716
2025-01-02,XESC,82.4500,83.4300,82.3600,83.4300,8625
2025-01-03,XESC,83.3400,83.3400,82.5200,82.6200,16421
2025-01-06,XESC,83.1900,84.6200,83.1200,84.6200,8875
2025-01-07,XESC,84.6200,85.3000,84.6000,85.1200,6616
2025-01-08,XESC,84.9800,85.3200,84.4000,84.7600,4831
2025-01-09,XESC,84.3700,85.1000,84.3700,85.1000,1293
2025-01-10,XESC,85.1300,85.3400,84.3900,84.4700,1563
2025-01-13,XESC,83.9700,84.2000,83.6500,84.0500,6243
2025-01-14,XESC,84.7500,85.0600,84.4700,84.5100,6146
2025-01-15,XESC,84.6300,85.6600,84.6000,85.5000,4304
2025-01-16,XESC,86.4200,86.6900,86.2000,86.6500,1812
2025-01-17,XESC,87.0200,87.5500,87.0200,87.4100,18226
2025-01-20,XESC,87.6100,88.0600,87.3100,87.7700,13034
2025-01-21,XESC,87.6300,87.7900,87.5400,87.7900,2849
2025-01-22,XESC,88.0100,88.6100,88.0100,88.4600,1710
2025-01-23,XESC,88.2900,88.7200,88.2100,88.6800,5345
2025-01-24,XESC,89.0900,89.3700,88.5300,88.6800,7494
2025-01-27,XESC,87.7400,88.3000,87.2600,88.1500,3851
2025-01-28,XESC,88.2600,88.6000,88.0700,88.3800,2471
2025-01-29,XESC,88.9300,89.0000,88.7300,88.8200,3248
2025-01-30,XESC,89.3200,89.7900,89.3200,89.7700,5893
2025-01-31,XESC,89.9300,90.2500,89.5500,89.6800,1964
2025-02-03,XESC,87.9600,88.6700,87.8800,88.6300,14913
2025-02-04,XESC,88.7900,89.4400,88.4400,89.4700,24420
2025-02-05,XESC,89.0900,89.3800,89.0700,89.4300,7533
2025-02-06,XESC,89.9200,90.8300,89.8300,91.1000,3432
2025-02-07,XESC,90.9500,90.9700,90.3900,90.4100,5063
2025-02-10,XESC,90.7500,91.1000,90.6600,91.0800,4286
2025-02-11,XESC,91.1400,91.6100,91.0500,91.6300,4601
2025-02-12,XESC,91.9400,92.0200,91.2200,91.8200,2519
2025-02-13,XESC,92.7900,93.4800,92.4700,93.4800,6952
2025-02-14,XESC,93.4800,93.9700,93.3800,93.3300,4485
2025-02-17,XESC,93.4200,93.9400,93.4200,93.9100,4157
2025-02-18,XESC,94.0200,94.2500,93.7200,94.1400,27876
2025-02-19,XESC,94.2100,94.2100,92.8000,92.8700,24013
2025-02-20,XESC,93.1600,93.5100,92.7800,92.9100,4676
2025-02-21,XESC,92.9600,93.3300,92.7500,93.0700,15594
2025-02-24,XESC,93.1100,93.2200,92.4300,92.7400,9271
2025-02-25,XESC,92.4600,93.1400,92.4200,92.5800,2578
2025-02-26,XESC,93.3200,94.0900,93.2000,94.0900,5635
2025-02-27,XESC,93.1900,93.5000,92.5000,92.9500,7510
2025-02-28,XESC,92.2900,92.9300,92.0800,92.9300,2498
2025-03-03,XESC,93.1800,94.6000,92.6400,94.3300,4971
2025-03-04,XESC,93.1000,93.1000,91.3500,91.6300,18295
2025-03-05,XESC,93.1700,93.9700,93.1300,93.5400,6103
2025-03-06,XESC,94.0500,94.1800,92.8000,94.1200,4986
2025-03-07,XESC,93.2900,93.4300,92.4900,92.9300,14345
2025-03-10,XESC,93.3500,93.3500,91.4500,91.6400,20105
2025-03-11,XESC,91.8000,92.2100,90.0800,90.1900,16052
2025-03-12,XESC,91.0100,91.8200,90.7000,91.1400,9191
2025-03-13,XESC,90.9700,91.5200,90.2600,90.6300,4792
2025-03-14,XESC,90.3900,92.0200,90.3900,91.8800,8815
2025-03-17,XESC,91.7300,92.5800,91.7300,92.5800,9090
2025-03-18,XESC,92.9100,93.4700,92.8900,93.2500,4096
2025-03-19,XESC,92.8900,93.7400,92.8300,93.6400,52477
2025-03-20,XESC,93.6500,93.6500,92.3800,92.5900,9052
2025-03-21,XESC,92.3500,92.3700,91.8500,92.3000,17319
2025-03-24,XESC,92.9900,92.9900,92.0200,92.1500,6170
2025-03-25,XESC,92.6000,93.4500,92.4500,93.2000,8037
2025-03-26,XESC,92.9000,92.9000,92.1500,92.0600,5552
2025-03-27,XESC,91.1800,91.9200,90.8700,91.5600,9293
2025-03-28,XESC,91.2600,91.3900,90.4900,90.8100,1982
2025-03-31,XESC,89.9800,90.1100,88.9200,89.4100,6596
2025-04-01,XESC,90.1700,90.6300,89.8700,90.6300,8706
2025-04-02,XESC,90.3400,90.3400,89.4600,90.3200,4099
2025-04-03,XESC,88.3000,88.7700,86.8800,87.0600,8372
2025-04-04,XESC,86.3000,86.3900,82.2200,83.2600,44047
2025-04-07,XESC,77.9600,81.2900,77.5000,79.0200,48818
2025-04-08,XESC,80.6400,82.2400,79.6400,81.3100,34622
2025-04-09,XESC,79.3300,79.9600,77.8000,78.7400,28037
2025-04-10,XESC,85.6000,85.8700,82.2800,82.2800,24641
2025-04-11,XESC,82.9700,82.9700,80.7600,81.6200,22962
2025-04-14,XESC,83.4900,84.0100,83.0800,83.6100,11053
2025-04-15,XESC,84.0100,84.9600,83.9000,84.8300,18219
2025-04-16,XESC,84.0000,84.7200,83.5000,84.7200,3667
2025-04-17,XESC,84.5600,84.7200,84.0000,84.2400,21491
2025-04-22,XESC,84.0800,84.8400,83.7900,84.8400,6172
2025-04-23,XESC,86.5200,87.5600,86.4600,87.2600,39570
2025-04-24,XESC,86.9400,87.5800,86.3100,87.5800,10947
2025-04-25,XESC,88.2900,88.4400,87.8300,88.2400,6100
2025-04-28,XESC,88.6400,88.9800,88.4800,88.4500,1507
2025-04-29,XESC,88.6400,88.7300,88.0000,88.3500,8619
2025-04-30,XESC,88.6300,88.7200,87.4100,88.2600,5396
2025-05-02,XESC,89.4600,90.5900,89.3900,90.5900,10362
2025-05-05,XESC,90.5400,90.8400,90.4500,90.7800,4268
2025-05-06,XESC,90.9300,90.9400,89.7000,90.3800,6849
2025-05-07,XESC,90.3800,90.4100,89.7700,89.8900,67670
2025-05-08,XESC,90.5500,91.1700,90.5500,91.0000,23586
2025-05-09,XESC,91.3300,91.6300,91.2800,91.4500,7924
2025-05-12,XESC,93.0000,93.4000,92.5500,92.9600,13778
2025-05-13,XESC,92.9200,93.3900,92.9100,93.3700,6281
2025-05-14,XESC,93.6100,93.6300,92.8600,93.2200,7785
2025-05-15,XESC,92.9400,93.4500,92.6800,93.4400,15711
2025-05-16,XESC,93.7200,94.1300,93.4800,93.8200,5711
2025-05-19,XESC,93.7400,94.0800,93.3300,94.0800,6180
2025-05-20,XESC,94.2600,94.6800,94.0300,94.5300,2419
2025-05-21,XESC,94.2700,94.6300,93.9100,94.5200,9731
2025-05-22,XESC,93.7700,93.9900,93.3300,93.9900,7369
2025-05-23,XESC,94.2100,94.2700,91.0000,92.2300,38531
2025-05-26,XESC,93.7200,93.7200,93.3400,93.5000,7234
2025-05-27,XESC,93.5300,94.2500,93.4800,93.9300,23935
2025-05-28,XESC,93.9000,94.0300,93.2400,93.2500,8527
2025-05-29,XESC,94.1000,94.2800,93.1000,93.2200,8309
2025-05-30,XESC,93.1800,93.6300,92.9500,93.0000,12416
2025-06-02,XESC,92.7000,92.9300,92.2000,92.8000,50444
2025-06-03,XESC,93.1900,93.2000,92.3300,93.1100,13942
2025-06-04,XESC,93.5900,93.9600,93.4200,93.6800,7897
2025-06-05,XESC,93.8900,94.1100,93.3000,93.7100,4601
2025-06-06,XESC,93.7800,94.1700,93.5300,94.0800,9147
2025-06-09,XESC,94.0500,94.0500,93.5500,94.0200,4804
2025-06-10,XESC,94.0500,94.0700,93.6000,93.8600,5180
2025-06-11,XESC,94.0300,94.1500,93.4800,93.5500,8928
2025-06-12,XESC,93.0400,93.3300,92.3900,92.9800,3783
2025-06-13,XESC,91.6700,92.1300,91.4600,91.7400,18579
2025-06-16,XESC,92.1200,92.6900,91.9400,92.6400,4627
2025-06-17,XESC,91.5100,91.9500,91.3300,91.6900,7629
2025-06-18,XESC,91.8400,91.8700,91.1000,91.3900,18864
2025-06-19,XESC,90.8000,90.8600,90.2000,90.1800,14436
2025-06-20,XESC,90.6600,91.3800,90.6600,90.6700,10265
2025-06-23,XESC,90.3200,90.9900,89.9500,90.5700,11155
2025-06-24,XESC,92.3000,92.3700,91.7500,92.0100,19870
2025-06-25,XESC,92.1400,92.1900,91.1600,91.1600,2453
2025-06-26,XESC,91.4500,91.5000,90.7400,91.0600,1230
2025-06-27,XESC,91.7300,92.3800,91.7300,92.3700,4712
2025-06-30,XESC,92.6600,92.6600,92.0000,92.0900,2567
2025-07-01,XESC,92.2700,92.2700,91.5000,91.7200,5787
2025-07-02,XESC,92.2900,92.4500,91.7500,92.2900,3365
2025-07-03,XESC,92.5000,92.6700,92.0300,92.6400,3350
2025-07-04,XESC,92.3400,92.3400,91.6400,91.8700,4599
2025-07-07,XESC,92.0400,92.6800,91.9200,92.7100,16154
2025-07-08,XESC,92.8600,93.3100,92.6100,93.3100,4379
2025-07-09,XESC,93.6000,94.6700,93.4800,94.5200,5584
2025-07-10,XESC,94.8700,94.9400,94.3500,94.4800,21753
2025-07-11,XESC,94.0700,94.0700,93.2200,93.3800,5247
2025-07-14,XESC,92.6800,93.2700,92.6600,93.2600,6252
2025-07-15,XESC,93.6300,93.7000,93.0000,93.0300,4953
2025-07-16,XESC,92.4800,92.9200,92.0400,92.0400,2348
2025-07-17,XESC,92.9500,93.4100,92.8300,93.4000,1951
2025-07-18,XESC,93.7800,93.8800,93.0800,93.0800,5972
2025-07-21,XESC,93.1200,93.1200,92.4900,92.8500,11173
2025-07-22,XESC,92.6100,92.6100,91.7600,91.8900,11333
2025-07-23,XESC,92.8100,93.3100,92.6600,92.9100,4918
2025-07-24,XESC,93.6300,93.8100,92.8000,93.1000,7134
2025-07-25,XESC,92.5700,93.1200,92.4600,93.1300,1451
2025-07-28,XESC,94.1700,94.1700,92.7000,92.7600,6653
2025-07-29,XESC,93.1600,93.9400,93.1600,93.4300,4345
2025-07-30,XESC,93.4100,93.9100,93.2100,93.7800,4638
2025-07-31,XESC,94.0000,94.0800,92.5000,92.5700,1894
2025-08-01,XESC,91.4900,91.5400,89.6700,89.8400,39304
2025-08-04,XESC,90.2500,91.2000,90.2300,91.2000,11001
2025-08-05,XESC,91.6000,91.6500,91.1100,91.3800,4610
2025-08-06,XESC,91.7200,91.8500,91.3900,91.5300,5777
2025-08-07,XESC,91.8400,93.0700,91.7600,92.7500,98874
2025-08-08,XESC,92.8300,93.2600,92.6600,92.9800,31440
2025-08-11,XESC,93.2900,93.2900,92.6300,92.7200,30621
2025-08-12,XESC,93.0000,93.1300,92.3900,92.8400,15548
2025-08-13,XESC,93.2300,93.7300,93.2300,93.6600,5478
2025-08-14,XESC,93.6900,94.4800,93.6900,94.3800,13426
2025-08-18,XESC,94.4700,94.4700,94.0800,94.4200,3699
2025-08-19,XESC,94.6800,95.3200,94.5300,95.2700,20125
2025-08-20,XESC,94.7600,95.3400,94.7600,95.0600,3996
2025-08-21,XESC,94.9200,94.9900,94.5600,94.8700,13615
2025-08-22,XESC,94.7900,95.7100,94.7900,95.3900,7628
2025-08-25,XESC,95.0400,95.1000,94.5000,94.5600,6183
2025-08-26,XESC,93.8000,93.9300,93.5300,93.5300,10449
2025-08-27,XESC,93.7900,93.8100,93.2100,93.6900,7570
2025-08-28,XESC,94.0500,94.3000,93.4000,93.7800,7698
2025-08-29,XESC,93.5700,93.5700,92.9700,92.9900,7274
2025-09-01,XESC,93.2500,93.3400,93.0400,93.2100,34864
2025-09-02,XESC,93.2300,93.2400,91.8800,91.8800,8547
2025-09-03,XESC,92.6100,92.7900,92.1600,92.4900,15749
2025-09-04,XESC,92.4300,92.9000,92.3000,92.9000,18836
2025-09-05,XESC,93.2000,93.2400,92.1600,92.4000,30834
2025-09-08,XESC,92.8900,93.2100,92.7200,93.2100,5423
2025-09-09,XESC,93.3400,93.6000,92.9600,93.3500,3481
2025-09-10,XESC,93.7500,94.0000,93.0300,93.1000,3366
2025-09-11,XESC,93.2800,93.8300,93.1500,93.5500,10046
2025-09-12,XESC,93.7400,93.7400,93.1300,93.5500,49960
2025-09-15,XESC,94.0800,94.5900,94.0300,94.5400,24133
2025-09-16,XESC,94.4400,94.5000,93.2900,93.2900,6063
2025-09-17,XESC,93.6700,93.6800,93.1000,93.2000,17722
2025-09-18,XESC,93.8600,94.7800,93.8600,94.7500,19100
2025-09-19,XESC,94.8700,95.3800,94.7100,94.9400,4247
2025-09-22,XESC,94.8500,94.8500,94.2800,94.5600,9905
2025-09-23,XESC,94.6700,95.4100,94.6700,95.1000,3909
2025-09-24,XESC,95.0100,95.2000,94.7200,94.9700,5924
2025-09-25,XESC,94.6800,94.8300,94.0700,94.5600,7957
2025-09-26,XESC,94.9700,95.6700,94.9400,95.6700,2750
2025-09-29,XESC,95.8700,95.9800,95.6200,95.8100,4603
2025-09-30,XESC,95.6100,96.1000,95.3500,96.1200,3236
2025-10-01,XESC,95.9000,97.2200,95.7900,97.1500,17952
2025-10-02,XESC,98.1800,98.7300,97.9700,98.4300,1927
2025-10-03,XESC,98.6500,98.6700,98.2400,98.4100,6861
2025-10-06,XESC,98.2500,98.4000,97.6600,98.0800,1602
2025-10-07,XESC,97.9300,98.2400,97.7500,97.7700,5878
2025-10-08,XESC,97.6800,98.4800,97.6600,98.4200,5401
2025-10-09,XESC,98.6100,98.6300,97.9500,97.9500,3842
2025-10-10,XESC,98.1900,98.2600,96.2700,96.2700,7227
2025-10-13,XESC,96.9000,97.3500,96.6700,96.9700,3218
2025-10-14,XESC,96.0800,96.7400,95.6700,96.7400,14540
2025-10-15,XESC,97.8500,98.2400,97.6600,97.6600,4338
2025-10-16,XESC,97.7400,98.4500,97.3300,98.4500,8680
2025-10-17,XESC,96.9900,98.1900,96.8000,97.7000,7809
2025-10-20,XESC,98.4000,99.0500,98.1600,98.9700,3065
2025-10-21,XESC,98.9100,99.1700,98.8200,99.0800,1959
2025-10-22,XESC,98.5400,98.9700,98.2000,98.2100,1345
2025-10-23,XESC,98.4400,98.7000,98.3000,98.7000,11251
2025-10-27,XESC,99.1900,99.5100,99.0000,99.4800,5651
2025-10-28,XESC,99.2000,99.5000,99.0500,99.3200,20766
2025-10-29,XESC,99.4900,99.8000,99.1800,99.2600,25298
2025-10-30,XESC,99.3600,99.4800,98.7900,99.2500,11741
2025-10-31,XESC,99.2000,99.2100,98.5800,98.6500,1762
2025-11-03,XESC,98.5800,99.3600,98.5800,98.9200,4734
2025-11-04,XESC,97.6100,98.5700,97.1700,98.5600,3992
2025-11-05,XESC,97.7300,98.8500,97.7300,98.7900,2938
2025-11-06,XESC,98.4000,98.7700,97.7000,97.7800,3559
2025-11-07,XESC,98.0700,98.1500,96.8400,97.0400,8291
2025-11-10,XESC,98.4500,98.8700,98.2000,98.7500,4314
2025-11-11,XESC,99.1300,99.8400,99.1300,99.8100,4140
2025-11-12,XESC,100.3400,101.1200,100.3400,100.8200,2287
2025-11-13,XESC,101.2000,101.3800,100.0600,100.1000,3936
2025-11-14,XESC,99.4700,99.5200,98.1900,99.2000,5543
2025-11-17,XESC,99.3000,99.3000,98.1000,98.2900,6947
2025-11-18,XESC,97.0200,97.2800,96.0000,96.4400,15308
2025-11-19,XESC,96.4400,97.3300,96.0000,96.6400,4783
2025-11-20,XESC,97.8200,98.0500,97.0600,97.0600,6498
2025-11-21,XESC,95.6600,96.5400,95.4300,96.0900,7732
2025-11-24,XESC,96.7500,97.0600,96.1500,96.5600,2793
2025-11-25,XESC,96.7700,97.4800,96.1700,97.3600,18924
2025-11-26,XESC,98.0000,98.7400,97.6600,98.7400,5539
2025-11-27,XESC,98.5300,98.8500,98.4800,98.6900,5045
2025-11-28,XESC,98.7200,99.1400,98.5400,98.9700,4738
2025-12-01,XESC,98.6200,98.9800,98.2800,98.9600,2783
2025-12-02,XESC,99.0100,99.6700,99.0100,99.3100,5599
2025-12-03,XESC,99.7500,99.9500,99.2300,99.4100,11014
2025-12-04,XESC,99.9000,100.1000,99.6700,99.7900,37257
2025-12-05,XESC,100.0400,100.3000,99.8900,99.8900,4589
2025-12-08,XESC,99.7500,100.1200,99.7400,99.9500,17519
2025-12-09,XESC,100.1800,100.4200,99.6900,99.8700,3503
2025-12-10,XESC,99.7600,99.9000,99.4900,99.5200,2178
2025-12-11,XESC,99.4800,100.7400,99.3400,100.5200,9761
2025-12-12,XESC,100.9800,101.1000,99.8800,99.8800,7539
2025-12-15,XESC,100.2200,100.6200,100.2200,100.4400,4013
2025-12-16,XESC,100.1000,100.4600,99.7300,99.9300,7800
2025-12-17,XESC,100.1800,100.2000,99.1500,99.1800,10284
2025-12-18,XESC,99.1800,100.2800,99.1800,100.2800,3607
2025-12-19,XESC,100.2600,100.7600,99.9900,100.6000,4970
2025-12-22,XESC,100.5800,100.6600,100.1600,100.3400,2294
2025-12-23,XESC,100.3200,100.4600,100.0000,100.3600,6714
2025-12-29,XESC,100.4400,100.6000,100.0800,100.5200,9920
2025-12-30,XESC,100.4800,101.6000,100.4600,101.5200,2405
2026-01-02,XESC,101.2800,102.3000,101.2800,102.1800,11573
2026-01-05,XESC,102.9000,103.4600,102.7400,103.4600,8815
2026-01-06,XESC,103.4800,103.7800,102.9200,103.6000,1632
2026-01-07,XESC,103.6400,103.6400,103.2600,103.4000,17528
2026-01-08,XESC,103.2800,103.6000,103.0200,103.0600,10520
2026-01-09,XESC,103.5400,104.6600,103.5400,104.6200,10047
2026-01-12,XESC,104.6000,105.1200,104.2600,105.0400,3649
2026-01-13,XESC,105.2200,105.4000,104.8600,105.1800,12966
2026-01-14,XESC,105.5200,105.6000,104.8600,104.8600,5479
2026-01-15,XESC,105.4000,105.6400,105.1800,105.4800,4177
2026-01-16,XESC,105.5000,105.5000,104.8600,105.1000,10050
2026-01-19,XESC,103.6200,104.1000,103.3600,103.4800,27949
2026-01-20,XESC,102.7600,102.9000,101.9600,102.9000,10924
2026-01-21,XESC,102.7600,102.9800,101.7000,102.7000,23667
2026-01-22,XESC,104.0600,104.3200,103.8400,104.0600,15935
2026-01-23,XESC,103.7200,104.0000,103.5000,103.8800,4395
2026-01-26,XESC,103.8800,104.3000,103.6000,104.1400,8809
2026-01-27,XESC,104.4800,104.9200,104.1400,104.8200,6141
2026-01-28,XESC,105.2000,105.2000,103.6800,103.6800,8912
2026-01-29,XESC,103.9200,104.3400,102.7800,102.8800,11843
2026-01-30,XESC,103.2800,104.1400,103.2000,103.7400,6642
2026-02-02,XESC,103.0200,105.1200,103.0000,104.9600,14129
2026-02-03,XESC,105.7800,106.0600,104.4600,104.6600,7593
2026-02-04,XESC,104.9200,105.2800,104.3600,104.3600,12506
2026-02-05,XESC,104.4800,104.7200,102.9800,103.4800,15884
2026-02-06,XESC,103.4400,104.8800,103.2600,104.7800,18878
2026-02-09,XESC,105.4200,105.9000,104.7800,105.9000,9656
2026-02-10,XESC,105.8200,106.1800,105.7000,105.7000,3959
2026-02-11,XESC,105.7600,106.0000,105.1400,105.5200,9747
2026-02-12,XESC,106.5000,106.5600,104.9800,105.1000,10847
2026-02-13,XESC,104.9800,105.2200,104.3000,104.7200,16031
2026-02-16,XESC,105.0200,105.2000,104.5800,104.6200,16928
2026-02-17,XESC,104.5600,105.3400,104.2000,105.3200,18431
2026-02-18,XESC,105.8600,106.7800,105.7400,106.7400,20148
2026-02-19,XESC,106.4400,106.4600,105.4400,105.8400,21372
2026-02-20,XESC,106.1400,107.1000,105.9800,107.0600,11031
2026-02-23,XESC,106.8200,107.5000,106.7000,106.9400,17569
2026-02-24,XESC,106.6800,107.3000,106.4200,107.0000,5857
2026-02-25,XESC,107.6000,107.9200,107.3800,107.8800,11321
2026-02-26,XESC,107.8400,108.4000,107.3200,107.7200,21574
2026-02-27,XESC,107.8000,108.0200,106.9400,107.3800,12824
2026-03-02,XESC,104.7800,105.5000,104.3800,104.6800,38846
2026-03-03,XESC,102.9400,102.9400,100.3000,100.8800,38446
2026-03-04,XESC,101.3000,102.9000,100.9800,102.6200,26474
2026-03-05,XESC,102.0000,103.2400,100.8000,100.8200,16623
2026-03-09,XESC,97.3300,99.4200,97.0000,99.3600,17453
2026-03-10,XESC,101.6800,102.4200,101.1400,102.0000,34803
2026-03-11,XESC,101.0000,101.6800,100.5600,100.9600,23059
2026-03-12,XESC,100.8000,101.0000,99.4600,100.5400,11679
2026-03-13,XESC,99.5200,101.2400,99.2100,99.9100,18299
2026-03-16,XESC,99.9400,100.8800,99.2800,100.3400,19555
2026-03-17,XESC,100.0200,101.3600,99.9900,100.7800,10911
2026-03-18,XESC,101.5800,101.8600,99.8800,100.2000,12991
2026-03-19,XESC,98.8000,98.9400,97.5000,98.1000,34143
2026-03-20,XESC,99.1000,99.3800,96.1800,96.2000,20184
2026-03-23,XESC,94.5500,99.2900,94.0000,97.5200,75600
2026-03-24,XESC,97.9500,97.9500,96.2600,97.5000,26998
2026-03-25,XESC,98.9500,99.3200,98.1000,98.7600,36641
2026-03-26,XESC,98.0300,98.0800,97.1100,97.2500,16011
2026-03-27,XESC,97.2900,97.3100,95.8200,96.3100,17752
2026-03-30,XESC,96.0400,96.9300,95.9900,96.9000,33219
2026-03-31,XESC,96.9100,98.0000,96.9100,97.3400,14345
2026-04-01,XESC,100.0600,100.3400,99.0900,100.3400,24187
2026-04-02,XESC,98.5500,99.6000,98.0000,99.4800,12906
2026-04-07,XESC,99.6600,100.7400,98.2600,98.6100,41808
2026-04-08,XESC,103.4800,104.0000,102.9000,103.6800,26869
2026-04-09,XESC,103.3200,103.3600,102.5800,103.3600,4332
2026-04-10,XESC,103.5200,104.4600,103.3400,103.8000,24495
2026-04-13,XESC,102.8000,103.4000,102.5200,103.5000,4837
2026-04-14,XESC,104.2800,105.0000,104.2800,104.9800,31062
2026-04-15,XESC,104.7400,104.8600,104.1200,104.2200,15854
2026-04-16,XESC,104.6200,104.7400,104.0200,104.0600,20612
2026-04-17,XESC,104.1200,106.6200,104.1200,106.3400,47416
2026-04-20,XESC,105.0000,105.3800,104.7800,105.1400,29786
2026-04-21,XESC,105.3000,105.6800,104.1800,104.2000,12633
2026-04-22,XESC,104.7000,104.7000,103.7800,103.8400,5903
2026-04-23,XESC,103.2400,103.8000,102.7800,103.6000,10939
2026-04-24,XESC,103.4000,104.0600,102.7400,103.4400,79192
2026-04-27,XESC,103.6400,104.1800,103.0000,103.0800,9549
2026-04-28,XESC,103.0200,103.4800,102.5000,102.6800,7699
2026-04-29,XESC,102.8800,102.8800,102.1000,102.4000,30373
2026-04-30,XESC,101.4400,103.5200,101.3800,103.5800,30262
2026-05-04,XESC,103.6000,103.6800,101.5200,101.5400,32516
2026-05-05,XESC,101.9000,103.5000,101.9000,103.6200,33009
2026-05-06,XESC,104.8600,107.1200,104.8600,106.5400,75756
2026-05-07,XESC,106.7000,107.2000,105.5200,105.5200,35646
2026-05-08,XESC,104.7200,105.2200,104.4600,104.6400,12144
2026-05-11,XESC,104.7400,104.7600,104.2800,104.5000,12605
2026-05-12,XESC,103.2400,103.8400,102.9000,102.9000,34052
2026-05-13,XESC,103.8000,103.8600,103.0000,103.8600,5910
2026-05-14,XESC,104.6600,105.2200,104.3400,105.0800,21747
2026-05-15,XESC,104.1200,104.2200,103.1000,103.3200,14351
2026-05-18,XESC,102.5800,104.4400,102.4200,103.9600,119899
2026-05-19,XESC,104.0800,104.9800,103.8800,104.0400,47815
2026-05-20,XESC,103.9200,106.7400,103.7800,106.1000,54108
2026-05-21,XESC,105.9800,106.6800,105.3600,105.8200,55540
2026-05-22,XESC,106.6800,107.2200,106.4800,107.0600,54949
2026-05-25,XESC,108.1200,109.2000,107.8200,109.0600,22936
2026-05-26,XESC,108.7800,108.7800,107.8600,107.8600,61613
2026-05-27,XESC,108.4000,108.9600,107.5800,107.9000,77387
2026-05-28,XESC,107.6000,108.1000,107.0800,107.6200,49666
2026-05-29,XESC,107.9000,108.4600,107.5000,107.5400,37688
2026-06-01,XESC,107.6600,108.1000,106.7000,107.2200,74332
2026-06-02,XESC,108.1200,108.6400,107.9800,108.5400,16367
2026-06-03,XESC,108.2600,108.3400,107.5600,107.5600,49113
2026-06-04,XESC,107.8200,108.5200,107.7000,108.5200,41587
2026-06-05,XESC,108.2200,108.6000,107.7800,107.7800,33268
2026-06-08,XESC,106.5400,108.1800,106.4800,107.8200,46120
2026-06-09,XESC,108.0600,109.2600,107.6600,107.6600,12711
2026-06-10,XESC,107.8200,107.9000,106.1600,106.8800,14469
2026-06-11,XESC,107.2400,108.1800,107.1800,107.7200,21901
2026-06-12,XESC,109.0800,110.2400,108.9400,109.8400,56970
2026-06-15,XESC,111.8400,111.9000,110.6600,110.8800,19544
2026-06-16,XESC,111.1800,111.7800,111.1000,111.3000,10671
2026-06-17,XESC,111.2800,112.0400,111.2800,112.0000,16858
2026-06-18,XESC,112.2800,112.7400,111.9800,112.6000,57562
2026-06-19,XESC,112.5800,112.7400,111.9800,111.9800,7610
2026-06-22,XESC,112.2800,112.5600,111.7600,112.2800,29079
2026-06-23,XESC,110.9400,111.3600,110.5400,110.9400,15849
2026-06-24,XESC,110.6600,110.7400,110.1600,110.5600,26893
2026-06-25,XESC,111.1400,111.6400,110.8800,111.4800,19863
2026-06-26,XESC,111.0400,111.1600,109.9600,110.7800,17352
2026-06-29,XESC,110.7600,111.0600,110.4200,110.9400,11959
2026-06-30,XESC,111.7600,112.5800,111.5400,112.5800,26417
2026-07-01,XESC,112.3000,112.6000,111.6400,111.8800,15876
2026-07-02,XESC,111.6400,113.7000,111.6400,113.2400,15776
2026-07-03,XESC,113.7800,114.2400,113.3800,114.1600,2988
2026-07-06,XESC,114.1400,114.4200,113.6400,113.9400,2749
2026-07-07,XESC,113.6000,113.8400,112.6600,112.6600,32911
2026-07-08,XESC,111.8600,111.8800,110.1600,110.4800,16561
2026-07-09,XESC,111.5400,111.9000,111.0600,111.9000,15734
2026-07-10,XESC,111.6600,111.9400,111.4400,111.6600,32209
2026-07-13,XESC,111.3600,111.9000,111.2000,111.7200,25061
2026-07-14,XESC,110.9800,111.9600,110.7000,111.9000,48280
2026-07-15,XESC,112.1000,112.1000,111.5000,111.6400,9344
2026-07-16,XESC,111.8400,111.8800,110.5600,111.8800,26684
2026-07-17,XESC,110.9200,111.1000,110.4000,110.9400,20143
2026-07-20,XESC,110.9200,111.5000,110.7600,110.9200,14598
2026-07-21,XESC,111.6400,111.9800,111.2000,111.9800,8969
2026-07-22,XESC,111.6000,112.6800,111.6000,112.6200,9346
2026-07-23,XESC,111.9800,111.9800,110.4200,110.6800,6633
2026-07-24,XESC,110.8000,111.8600,110.7800,111.9000,22513
2026-07-27,XESC,113.1400,113.4800,111.9800,111.9800,31669
2026-07-28,XESC,112.2200,112.3600,111.5400,112.1200,7839
2026-07-29,XESC,112.2200,112.3000,111.1000,111.3200,5210
2026-07-30,XESC,111.6800,113.1800,111.5200,113.0200,20240
2026-07-31,XESC,113.6400,114.3800,112.8400,113.1800,38637
2026-08-03,XESC,114.0600,114.7400,114.0600,114.6600,6053
2026-08-04,XESC,115.4200,115.7200,114.9600,115.7000,10057
2026-08-05,XESC,116.1400,116.1400,115.5000,115.5000,21785
2026-08-06,XESC,115.9200,116.4200,115.9200,116.0200,9482
2026-08-07,XESC,116.2600,116.9800,116.1800,116.4000,5878
2026-08-10,XESC,116.4600,116.9000,116.3600,116.5400,5908
2026-08-11,XESC,116.7400,117.2600,116.4400,116.9000,29388
2026-08-12,XESC,117.1800,117.3000,116.5200,116.5800,8789
2026-08-13,XESC,117.1800,117.2800,116.7400,116.8400,6753
2026-08-14,XESC,116.9400,117.1400,116.6800,116.6600,24853
2026-08-17,XESC,117.0200,117.0800,116.4800,116.4800,7928
2026-08-18,XESC,116.1600,116.2200,115.3000,115.3400,17314
2026-08-19,XESC,115.6000,115.6600,115.0000,115.1000,9697
2026-08-20,XESC,114.8800,115.0000,114.3400,114.5400,10889
2026-08-21,XESC,114.7400,115.3000,114.7400,115.2600,7738
2026-08-24,XESC,114.9200,115.2400,114.8000,114.9600,8379
2026-08-25,XESC,115.5600,115.6800,115.0600,115.1600,4360
2026-08-26,XESC,115.4800,115.8200,115.2000,115.3600,5217
2026-08-27,XESC,115.6800,115.6800,114.4200,114.6200,4107
2026-08-28,XESC,115.4600,115.8600,115.3000,115.7800,6381
2026-08-31,XESC,115.6400,115.6600,114.6600,114.6600,12318
2026-09-01,XESC,114.4800,114.5800,113.4600,113.7000,3752
2026-09-02,XESC,113.7000,113.8200,113.0400,113.5200,2985
2026-09-03,XESC,113.6400,113.9200,113.2400,113.9200,7869
2026-09-04,XESC,113.6600,114.4400,113.6000,114.1400,3672
2026-09-07,XESC,114.2200,114.3200,113.7800,114.3000,2728
2026-09-08,XESC,114.0600,114.5200,113.6600,114.4000,19974
2024-09-09,XMEM,45.9050,45.9050,45.9050,46.0000,95
2024-09-10,XMEM,46.0000,46.0000,46.0000,46.0000,0
2024-09-11,XMEM,46.0000,46.0000,46.0000,46.0000,0
2024-09-12,XMEM,46.0000,46.0000,46.0000,46.0000,0
2024-09-13,XMEM,46.6850,46.6850,46.6850,46.7150,36
2024-09-16,XMEM,46.7400,46.7400,46.7200,46.5900,73
2024-09-17,XMEM,46.9150,46.9150,46.8550,46.8550,83
2024-09-18,XMEM,46.8300,46.8300,46.7350,46.6850,333
2024-09-19,XMEM,47.2050,47.4650,47.2050,47.4300,210
2024-09-20,XMEM,47.4350,47.4350,47.3650,47.3650,20
2024-09-23,XMEM,47.4700,47.9050,47.4700,47.9050,157
2024-09-24,XMEM,48.6700,48.6700,48.6700,49.0950,1000
2024-09-25,XMEM,48.6000,48.6650,48.6000,49.0650,64
2024-09-26,XMEM,50.0100,50.9300,50.0100,50.3400,617
2024-09-27,XMEM,50.4800,50.4800,50.4800,50.5800,344
2024-09-30,XMEM,50.3000,50.3000,50.0600,50.0300,26
2024-10-01,XMEM,50.1200,50.1200,50.1100,50.1100,1163
2024-10-02,XMEM,51.3300,51.4500,51.3200,51.0900,305
2024-10-03,XMEM,50.7600,50.8700,50.7100,50.8500,245
2024-10-04,XMEM,51.4000,51.4400,51.1400,51.2900,308
2024-10-07,XMEM,51.8900,51.9400,51.7400,51.7400,250
2024-10-08,XMEM,50.0500,50.7000,50.0500,50.6100,1857
2024-10-09,XMEM,50.2500,50.6300,50.2500,50.6300,353
2024-10-10,XMEM,50.6400,50.6400,50.6400,50.6900,56
2024-10-11,XMEM,50.3500,50.8900,50.3500,50.8900,213
2024-10-14,XMEM,50.8200,50.8200,50.8200,50.9500,32
2024-10-15,XMEM,50.3700,50.3700,50.0600,50.0600,149
2024-10-16,XMEM,50.2400,50.4900,50.2400,50.5200,62
2024-10-17,XMEM,50.5200,50.5200,50.5200,50.5200,0
2024-10-18,XMEM,50.9800,50.9800,50.9800,50.9600,70
2024-10-21,XMEM,50.9600,50.9600,50.9600,50.9600,0
2024-10-22,XMEM,50.9600,50.9600,50.9600,50.9600,0
2024-10-23,XMEM,50.6400,50.6400,50.6400,50.4300,200
2024-10-24,XMEM,50.2700,50.2700,50.1200,50.1400,264
2024-10-25,XMEM,50.1400,50.2600,50.1400,50.2600,40
2024-10-28,XMEM,50.2600,50.2600,50.2600,50.2600,0
2024-10-29,XMEM,50.2600,50.2600,50.2600,50.2600,0
2024-10-30,XMEM,49.5350,49.5350,49.5300,49.4750,175
2024-10-31,XMEM,49.1600,49.1600,48.9950,48.9950,18
2024-11-01,XMEM,49.4150,49.5400,49.4150,49.5150,209
2024-11-04,XMEM,49.4450,49.4450,49.4450,49.5400,63
2024-11-05,XMEM,49.8500,49.8850,49.8500,49.8850,139
2024-11-06,XMEM,50.0200,50.1500,49.9050,49.9200,397
2024-11-07,XMEM,49.9200,49.9200,49.9200,49.9200,0
2024-11-08,XMEM,49.9200,49.9200,49.9200,49.9200,0
2024-11-11,XMEM,50.1300,50.1300,49.9250,49.9250,56
2024-11-12,XMEM,49.3350,49.3350,49.1650,49.1650,78
2024-11-13,XMEM,49.3300,49.3300,49.0000,49.0800,455
2024-11-14,XMEM,49.0300,49.0300,49.0300,49.0000,31
2024-11-15,XMEM,48.9550,49.0300,48.9550,48.9450,36
2024-11-18,XMEM,48.9450,48.9450,48.9450,48.9450,0
2024-11-19,XMEM,48.9450,48.9450,48.9450,48.9450,0
2024-11-20,XMEM,48.9450,48.9450,48.9450,48.9450,0
2024-11-21,XMEM,48.9450,48.9450,48.9450,48.9450,0
2024-11-22,XMEM,49.6950,49.7850,49.6300,49.7850,2171
2024-11-25,XMEM,49.6000,49.6000,49.4650,49.5150,489
2024-11-26,XMEM,49.3500,49.3500,49.3500,49.4050,50
2024-11-27,XMEM,49.5150,49.5150,49.0000,49.0000,48
2024-11-28,XMEM,48.8950,48.8950,48.8300,48.8350,388
2024-11-29,XMEM,48.7300,49.2350,48.7300,49.2350,30
2024-12-02,XMEM,49.3050,49.4650,49.3050,49.6050,80
2024-12-03,XMEM,49.8800,49.8800,49.8200,49.6800,267
2024-12-04,XMEM,49.8750,50.0000,49.8750,49.7450,173
2024-12-05,XMEM,49.9300,49.9350,49.9300,49.9350,400
2024-12-06,XMEM,49.9350,49.9350,49.9350,49.9350,0
2024-12-09,XMEM,49.9350,49.9350,49.9350,49.9350,0
2024-12-10,XMEM,50.2200,50.2200,50.2200,50.3700,55
2024-12-11,XMEM,50.2500,50.4400,50.2500,50.4400,30
2024-12-12,XMEM,50.6500,50.6500,50.6500,50.4400,353
2024-12-13,XMEM,50.4000,50.4100,50.3100,50.2600,150
2024-12-16,XMEM,50.1200,50.2500,50.1200,50.1200,208
2024-12-17,XMEM,50.1200,50.1200,50.1200,50.1200,0
2024-12-18,XMEM,50.0100,50.0100,49.9450,49.9450,100
2024-12-19,XMEM,49.9450,49.9450,49.9450,49.9450,0
2024-12-20,XMEM,49.5200,49.5200,49.5200,49.5500,56
2024-12-23,XMEM,49.6550,49.6550,49.5200,49.6300,1310
2024-12-27,XMEM,49.6650,49.6650,49.5300,49.4100,48
2024-12-30,XMEM,49.4100,49.4100,49.1650,49.2100,138
2025-01-02,XMEM,49.2550,49.6700,49.2300,49.8700,1001
2025-01-03,XMEM,49.8500,49.8500,49.8500,49.8850,151
2025-01-06,XMEM,50.1300,50.1300,49.8800,49.8800,420
2025-01-07,XMEM,49.5800,49.5800,49.5800,49.6600,5
2025-01-08,XMEM,49.3800,49.3800,49.3650,49.3650,136
2025-01-09,XMEM,49.3450,49.4950,49.3300,49.4400,394
2025-01-10,XMEM,49.1100,49.1800,49.0400,48.9150,1673
2025-01-13,XMEM,48.6350,48.6350,48.4300,48.6050,310
2025-01-14,XMEM,49.0700,49.1500,48.7150,48.7950,2755
2025-01-15,XMEM,48.9250,49.3600,48.8350,49.3600,154
2025-01-16,XMEM,49.8350,49.8350,49.8350,49.5700,100
2025-01-17,XMEM,49.8350,49.8350,49.8350,50.0200,30
2025-01-20,XMEM,50.1100,50.1200,50.1100,50.0500,53
2025-01-21,XMEM,49.8900,49.8900,49.6900,49.6950,146
2025-01-22,XMEM,49.7650,49.7650,49.7650,49.7750,20
2025-01-23,XMEM,49.7400,49.7700,49.7400,49.8450,440
2025-01-24,XMEM,49.8450,49.8450,49.8450,49.8450,0
2025-01-27,XMEM,49.8450,49.8450,49.8450,49.8450,0
2025-01-28,XMEM,49.1900,49.1900,49.1900,49.0950,90
2025-01-29,XMEM,49.0950,49.0950,49.0950,49.0950,0
2025-01-30,XMEM,50.0100,50.0100,50.0100,50.3900,1883
2025-01-31,XMEM,50.6800,50.6800,50.6800,50.5500,40
2025-02-03,XMEM,49.9500,50.3000,49.9050,50.3300,575
2025-02-04,XMEM,50.4600,50.4800,50.4600,50.8100,15
2025-02-05,XMEM,50.2000,50.2000,50.2000,50.3600,80
2025-02-06,XMEM,50.3600,50.3600,50.3600,50.3600,0
2025-02-07,XMEM,51.0000,51.1100,51.0000,50.9800,1244
2025-02-10,XMEM,51.4700,51.4700,51.4700,51.5200,35
2025-02-11,XMEM,51.5200,51.5200,51.5200,51.5200,0
2025-02-12,XMEM,51.3900,51.3900,51.3900,51.2600,117
2025-02-13,XMEM,51.2600,51.2600,51.2600,51.2600,0
2025-02-14,XMEM,51.2600,51.2600,51.2600,51.2600,0
2025-02-17,XMEM,51.6100,51.6100,51.6100,51.7800,50
2025-02-18,XMEM,52.0000,52.0900,52.0000,52.0200,331
2025-02-19,XMEM,52.2100,52.2600,52.1200,52.1400,237
2025-02-20,XMEM,51.8600,52.3400,51.8600,52.2100,774
2025-02-21,XMEM,52.3900,52.5200,52.3900,52.5800,276
2025-02-24,XMEM,52.0100,52.0100,51.5000,51.5000,249
2025-02-25,XMEM,51.2900,51.2900,51.2900,51.1200,44
2025-02-26,XMEM,51.1200,51.1200,51.1200,51.1200,0
2025-02-27,XMEM,51.1200,51.1200,51.1200,51.1200,0
2025-02-28,XMEM,50.1100,50.3700,50.1100,50.3400,504
2025-03-03,XMEM,50.5400,50.5400,50.4700,50.2500,194
2025-03-04,XMEM,49.7550,49.7550,49.6550,49.3600,1112
2025-03-05,XMEM,50.0000,50.0000,49.7700,49.7150,1196
2025-03-06,XMEM,49.9000,49.9400,49.9000,49.9850,2100
2025-03-07,XMEM,49.7100,49.7100,49.6900,49.5500,2500
2025-03-10,XMEM,49.5500,49.5500,49.5500,49.5500,0
2025-03-11,XMEM,48.9350,48.9350,48.5500,48.5500,275
2025-03-12,XMEM,48.8700,48.9700,48.8250,48.9700,367
2025-03-13,XMEM,49.0600,49.0600,49.0600,49.0200,2144
2025-03-14,XMEM,49.5800,49.6700,49.5800,49.6750,439
2025-03-17,XMEM,50.2700,50.2700,50.2700,50.3600,30
2025-03-18,XMEM,50.5200,50.5200,50.5200,50.3200,208
2025-03-19,XMEM,50.4500,50.6200,50.4300,50.5300,4620
2025-03-20,XMEM,50.4400,50.4400,50.1800,50.2100,282
2025-03-21,XMEM,50.0600,50.0700,50.0300,50.2200,2171
2025-03-24,XMEM,50.5800,50.5800,50.5800,50.5800,1
2025-03-25,XMEM,50.5400,50.5400,50.5400,50.4400,100
2025-03-26,XMEM,50.4000,50.4000,50.4000,50.3100,1030
2025-03-27,XMEM,50.4300,50.4300,50.4300,50.5100,400
2025-03-28,XMEM,49.8300,49.8300,49.4500,49.3300,713
2025-03-31,XMEM,49.3300,49.3300,49.3300,49.3300,0
2025-04-01,XMEM,49.3000,49.3000,49.2250,49.5850,2757
2025-04-02,XMEM,49.4450,49.4450,49.1800,49.2900,1442
2025-04-03,XMEM,49.2900,49.2900,49.2900,49.2900,0
2025-04-04,XMEM,47.2350,47.2800,45.3950,45.1950,340
2025-04-07,XMEM,42.2950,44.1250,42.2450,43.3850,2340
2025-04-08,XMEM,44.0050,44.4600,43.9000,44.2550,536
2025-04-09,XMEM,43.2450,43.2700,42.2750,42.5650,2354
2025-04-10,XMEM,42.5650,42.5650,42.5650,42.5650,0
2025-04-11,XMEM,43.8550,44.4650,43.8550,44.1650,562
2025-04-14,XMEM,44.1650,44.1650,44.1650,44.1650,0
2025-04-15,XMEM,45.3350,45.6250,45.2800,45.5600,8371
2025-04-16,XMEM,44.5500,44.9050,44.5500,45.0850,2681
2025-04-17,XMEM,45.0850,45.0850,45.0850,45.0850,0
2025-04-22,XMEM,44.9100,45.1500,44.9100,45.2300,213
2025-04-23,XMEM,46.2300,46.7550,46.1800,46.4350,12662
2025-04-24,XMEM,46.4350,46.4350,46.4350,46.4350,0
2025-04-25,XMEM,46.4400,46.4400,46.4400,46.4150,85
2025-04-28,XMEM,46.7250,46.7250,46.7250,46.5100,100
2025-04-29,XMEM,46.7500,46.7500,46.7500,46.7050,41
2025-04-30,XMEM,47.0400,47.0400,47.0400,46.8700,1109
2025-05-02,XMEM,48.2800,48.3300,48.2800,48.3400,186
2025-05-05,XMEM,48.8000,48.8800,48.8000,49.0350,259
2025-05-06,XMEM,48.3950,48.7100,48.3750,48.6850,4654
2025-05-07,XMEM,48.2100,48.2100,48.0600,48.0600,102
2025-05-08,XMEM,48.0600,48.0600,48.0600,48.0600,0
2025-05-09,XMEM,48.8200,48.8200,48.6500,48.6450,246
2025-05-12,XMEM,50.2300,50.3200,50.2300,50.3200,74
2025-05-13,XMEM,49.9400,50.2500,49.8700,50.2500,763
2025-05-14,XMEM,50.2500,50.2500,50.2500,50.2500,0
2025-05-15,XMEM,50.3700,50.3700,50.3700,50.4400,34
2025-05-16,XMEM,50.4100,50.4600,50.4100,50.5500,268
2025-05-19,XMEM,49.9100,49.9100,49.9100,50.2100,800
2025-05-20,XMEM,50.0500,50.0900,50.0300,50.0900,52
2025-05-21,XMEM,50.0000,50.1400,50.0000,50.1100,1728
2025-05-22,XMEM,49.7250,49.8200,49.7250,49.8000,1605
2025-05-23,XMEM,49.9000,49.9000,49.3100,49.6650,85
2025-05-26,XMEM,49.6650,49.6650,49.6650,49.6650,0
2025-05-27,XMEM,49.5800,49.5800,49.5800,49.5500,2116
2025-05-28,XMEM,49.7000,49.7000,49.7000,49.5600,200
2025-05-29,XMEM,50.0200,50.0200,49.4450,49.4500,109
2025-05-30,XMEM,49.2350,49.2350,49.1950,48.9150,2553
2025-06-02,XMEM,48.6050,48.6050,48.6050,48.6900,33
2025-06-03,XMEM,49.0850,49.0900,49.0850,49.2000,1837
2025-06-04,XMEM,49.6600,49.6600,49.6600,49.6500,400
2025-06-05,XMEM,49.9150,50.0800,49.7550,50.0000,4791
2025-06-06,XMEM,49.9050,50.1000,49.9000,50.1000,394
2025-06-09,XMEM,50.5000,50.5000,50.5000,50.5700,30
2025-06-10,XMEM,50.6800,50.7400,50.6800,50.7100,600
2025-06-11,XMEM,50.9400,50.9400,50.9400,50.9100,400
2025-06-12,XMEM,50.9100,50.9100,50.9100,50.9100,0
2025-06-13,XMEM,50.9100,50.9100,50.9100,50.9100,0
2025-06-16,XMEM,50.1200,50.4300,50.1200,50.4300,113
2025-06-17,XMEM,50.4300,50.4300,50.4300,50.4300,0
2025-06-18,XMEM,50.0100,50.0100,50.0000,49.9200,91
2025-06-19,XMEM,49.5750,49.5750,49.3750,49.3350,3239
2025-06-20,XMEM,49.7850,49.7850,49.7850,49.5650,96
2025-06-23,XMEM,49.5700,49.5900,49.5700,49.5900,2
2025-06-24,XMEM,50.6200,50.6200,50.6200,50.6300,141
2025-06-25,XMEM,50.8000,50.8200,50.8000,50.7600,430
2025-06-26,XMEM,50.7100,50.7100,50.7100,50.8400,4
2025-06-27,XMEM,50.6700,50.6700,50.5500,50.7200,2046
2025-06-30,XMEM,50.7200,50.7200,50.7200,50.7200,0
2025-07-01,XMEM,50.4500,50.5800,50.4500,50.5200,34
2025-07-02,XMEM,50.5200,50.5200,50.5200,50.5200,0
2025-07-03,XMEM,50.8000,50.8000,50.8000,51.1100,151
2025-07-04,XMEM,50.5100,50.5100,50.5100,50.5200,30
2025-07-07,XMEM,50.6100,50.7600,50.6100,50.6800,3437
2025-07-08,XMEM,50.6800,50.6800,50.6800,50.6800,0
2025-07-09,XMEM,50.7500,50.7500,50.7500,50.6900,25
2025-07-10,XMEM,50.9400,50.9400,50.9400,50.9400,50
2025-07-11,XMEM,51.1200,51.1200,51.1200,50.8100,50
2025-07-14,XMEM,50.9200,50.9200,50.9200,50.8900,10
2025-07-15,XMEM,51.4300,51.6300,51.3600,51.6300,1026
2025-07-16,XMEM,51.6600,51.6600,51.3600,51.3800,133
2025-07-17,XMEM,51.9300,52.0000,51.8700,52.2100,860
2025-07-18,XMEM,52.1000,52.1200,52.0800,52.0800,444
2025-07-21,XMEM,52.0800,52.0800,52.0800,52.0800,0
2025-07-22,XMEM,51.7800,51.7800,51.7800,51.7700,38
2025-07-23,XMEM,52.2700,52.3100,52.2300,52.3100,230
2025-07-24,XMEM,52.1400,52.1500,52.1400,52.0300,22
2025-07-25,XMEM,51.8400,51.8400,51.8400,51.8200,2
2025-07-28,XMEM,52.2000,52.2000,52.2000,52.2000,74
2025-07-29,XMEM,52.3900,52.6200,52.3900,52.5600,143
2025-07-30,XMEM,52.4800,52.5500,52.4800,52.5500,206
2025-07-31,XMEM,52.7700,52.7700,52.5300,52.4900,90
2025-08-01,XMEM,51.9500,51.9500,51.3700,51.3700,6987
2025-08-04,XMEM,51.8900,51.8900,51.8300,51.8300,36
2025-08-05,XMEM,52.2200,52.3000,51.9800,51.9800,18
2025-08-06,XMEM,51.9400,51.9400,51.9400,51.7700,5
2025-08-07,XMEM,52.1900,52.3300,52.1900,52.3300,176
2025-08-08,XMEM,52.3300,52.3300,52.3300,52.3300,0
2025-08-11,XMEM,52.4500,52.4500,52.4500,52.4300,2
2025-08-12,XMEM,52.4100,52.4100,52.4100,52.5300,7
2025-08-13,XMEM,53.0400,53.0400,53.0400,53.1000,12
2025-08-14,XMEM,53.1000,53.1000,53.1000,53.1000,0
2025-08-18,XMEM,52.8900,52.9500,52.8300,52.9200,398
2025-08-19,XMEM,52.9000,52.9000,52.8500,52.7200,35
2025-08-20,XMEM,52.6600,52.6600,52.5300,52.5300,12
2025-08-21,XMEM,52.5400,52.7300,52.4900,52.7300,170
2025-08-22,XMEM,52.9900,53.0400,52.9900,53.1400,346
2025-08-25,XMEM,53.3700,53.4300,53.3000,53.4300,909
2025-08-26,XMEM,53.1400,53.1400,53.1400,53.2000,62
2025-08-27,XMEM,52.7900,52.8300,52.7900,52.8300,136
2025-08-28,XMEM,52.7100,52.7100,52.7100,52.8300,270
2025-08-29,XMEM,52.8300,52.8300,52.8300,52.8300,0
2025-09-01,XMEM,52.5700,52.5700,52.5700,52.5700,2
2025-09-02,XMEM,52.5900,52.6000,52.4000,52.4000,158
2025-09-03,XMEM,52.4000,52.4000,52.4000,52.4000,0
2025-09-04,XMEM,52.5500,52.5500,52.5500,52.5500,2
2025-09-05,XMEM,53.0100,53.0500,52.8100,52.8100,626
2025-09-08,XMEM,53.2900,53.3000,53.2600,53.2600,226
2025-09-09,XMEM,53.8100,53.8100,53.8100,53.7800,223
2025-09-10,XMEM,54.3000,54.3100,54.2400,54.2900,307
2025-09-11,XMEM,54.2900,54.2900,54.2900,54.2900,0
2025-09-12,XMEM,54.2900,54.2900,54.2900,54.2900,0
2025-09-15,XMEM,55.0000,55.1000,54.9600,55.0900,624
2025-09-16,XMEM,55.2000,55.2400,54.9300,54.9700,463
2025-09-17,XMEM,55.2900,55.4200,55.2900,55.4200,6
2025-09-18,XMEM,55.3300,55.4600,55.3300,55.5100,468
2025-09-19,XMEM,55.5000,55.6600,55.4400,55.5800,3784
2025-09-22,XMEM,55.5800,55.5800,55.5800,55.5800,0
2025-09-23,XMEM,55.3700,55.8700,55.3700,55.8700,18
2025-09-24,XMEM,55.7600,55.8100,55.7600,55.8300,12
2025-09-25,XMEM,55.7100,55.7100,55.6500,55.6600,235
2025-09-26,XMEM,55.2000,55.2000,55.2000,55.3100,1120
2025-09-29,XMEM,55.7600,55.8800,55.7600,55.8700,201
2025-09-30,XMEM,55.8100,56.0000,55.8100,55.8600,3112
2025-10-01,XMEM,56.2300,56.2400,56.2300,56.3400,103
2025-10-02,XMEM,56.8400,56.8400,56.7300,56.7800,339
2025-10-03,XMEM,56.9400,56.9600,56.9100,56.9300,40
2025-10-06,XMEM,57.0200,57.3500,57.0200,57.2600,172
2025-10-07,XMEM,57.6300,57.6300,57.3800,57.2700,32
2025-10-08,XMEM,57.1700,57.6400,57.1700,57.6400,30
2025-10-09,XMEM,57.7400,57.7400,57.5400,57.5700,88
2025-10-10,XMEM,57.4500,57.4500,57.2900,55.7600,1847
2025-10-13,XMEM,56.3200,56.8300,56.3200,57.0300,801
2025-10-14,XMEM,56.0300,56.3000,56.0300,56.3000,4516
2025-10-15,XMEM,57.0700,57.1500,56.8800,57.1600,9257
2025-10-16,XMEM,57.4400,57.5200,57.4300,57.5000,557
2025-10-17,XMEM,56.4200,56.7800,56.4200,57.0100,356
2025-10-20,XMEM,57.5900,57.5900,57.5900,58.1200,35
2025-10-21,XMEM,58.1500,58.1500,57.8100,57.8600,170
2025-10-22,XMEM,57.8600,57.8600,57.8600,57.8600,0
2025-10-23,XMEM,57.9700,58.1600,57.9700,58.1600,151
2025-10-27,XMEM,59.0300,59.0300,59.0300,59.0500,3
2025-10-28,XMEM,58.3800,58.8700,58.3800,58.8700,6664
2025-10-29,XMEM,59.4200,59.5000,59.4200,59.5000,134
2025-10-30,XMEM,59.2500,59.2600,59.1400,59.2600,66
2025-10-31,XMEM,58.9800,59.1200,58.9700,58.9900,153
2025-11-03,XMEM,59.7200,59.7200,59.5100,59.5100,37
2025-11-04,XMEM,58.6900,58.7200,58.6900,59.0500,1920
2025-11-05,XMEM,59.1300,59.1300,59.1300,59.0900,1
2025-11-06,XMEM,59.0500,59.0500,58.6600,58.4200,1530
2025-11-07,XMEM,58.1400,58.1400,57.5700,57.4600,376
2025-11-10,XMEM,58.9200,58.9700,58.8600,58.8600,779
2025-11-11,XMEM,58.9600,59.0900,58.9600,59.0200,3764
2025-11-12,XMEM,59.4200,59.4200,59.4200,58.9900,3
2025-11-13,XMEM,59.3300,59.3300,58.4800,58.4800,217
2025-11-14,XMEM,57.8200,58.6300,57.8200,58.6300,357
2025-11-17,XMEM,58.0100,58.3500,58.0100,58.1400,123
2025-11-18,XMEM,58.1400,58.1400,58.1400,58.1400,0
2025-11-19,XMEM,58.1400,58.1400,58.1400,58.1400,0
2025-11-20,XMEM,58.0200,58.2000,57.5200,57.5200,302
2025-11-21,XMEM,56.1100,56.4900,56.0600,56.4900,2759
2025-11-24,XMEM,56.6700,57.2300,56.4800,57.2300,1342
2025-11-25,XMEM,57.2100,57.2100,57.2100,57.0000,1
2025-11-26,XMEM,57.4000,57.4000,57.4000,57.5900,44
2025-11-27,XMEM,57.5900,57.5900,57.5900,57.5900,0
2025-11-28,XMEM,57.4700,57.7400,57.4700,57.6500,208
2025-12-01,XMEM,57.2700,57.6200,57.2700,57.5600,100
2025-12-02,XMEM,57.6400,57.6400,57.6400,57.4000,100
2025-12-03,XMEM,57.3400,57.4200,57.2800,57.3200,12632
2025-12-04,XMEM,57.3700,57.5200,57.3700,57.5000,11411
2025-12-05,XMEM,58.2900,58.3800,58.1400,58.1400,144
2025-12-08,XMEM,58.0500,58.0700,57.9500,57.9500,24
2025-12-09,XMEM,57.7600,57.8400,57.7100,57.8400,63
2025-12-10,XMEM,57.9200,57.9700,57.9000,57.9400,399
2025-12-11,XMEM,57.3900,57.3900,57.3900,57.4600,2
2025-12-12,XMEM,57.7700,57.7800,56.9900,56.9900,206
2025-12-15,XMEM,57.2400,57.2500,57.0000,57.1000,9758
2025-12-16,XMEM,56.3600,56.4700,56.1900,56.1900,2403
2025-12-17,XMEM,56.3600,56.3600,56.3600,56.2200,107
2025-12-18,XMEM,56.2200,56.2200,56.2200,56.2200,0
2025-12-19,XMEM,57.0000,57.0800,57.0000,57.4500,114
2025-12-22,XMEM,57.4700,57.5200,57.4200,57.4300,431
2025-12-23,XMEM,57.3200,57.5000,57.3200,57.5000,7
2025-12-29,XMEM,57.9300,58.0100,57.9300,57.9500,338
2025-12-30,XMEM,58.3000,58.4300,58.3000,58.4300,745
2026-01-02,XMEM,58.4300,58.4300,58.4300,58.4300,0
2026-01-05,XMEM,60.5100,60.6600,60.5000,60.6800,1968
2026-01-06,XMEM,60.9700,61.3500,60.9700,61.3500,581
2026-01-07,XMEM,61.1600,61.1600,61.1600,61.0700,325
2026-01-08,XMEM,60.8400,60.9200,60.8400,60.9100,944
2026-01-09,XMEM,61.0500,61.3000,61.0200,61.3200,329
2026-01-12,XMEM,61.3500,61.6400,61.2900,61.8200,232
2026-01-13,XMEM,61.6600,61.9900,61.6300,61.9900,208
2026-01-14,XMEM,61.9300,61.9300,61.7400,61.9600,2461
2026-01-15,XMEM,62.4100,62.7600,62.4100,62.9000,393
2026-01-16,XMEM,62.6900,62.6900,62.2600,62.2700,45
2026-01-19,XMEM,62.2900,62.3300,62.2900,62.3800,103
2026-01-20,XMEM,61.7500,61.7500,61.2800,61.5400,40
2026-01-21,XMEM,61.6700,61.6700,61.6700,62.3500,108
2026-01-22,XMEM,62.6300,62.8000,62.6300,62.7400,32
2026-01-23,XMEM,62.3800,62.4300,62.3400,62.4600,133
2026-01-26,XMEM,62.1500,62.3800,62.1500,62.3300,164
2026-01-27,XMEM,62.3300,62.3300,62.3300,62.3300,0
2026-01-28,XMEM,63.5900,63.5900,63.3100,63.4300,917
2026-01-29,XMEM,63.6000,63.6000,63.5200,62.8500,157
2026-01-30,XMEM,62.9300,62.9300,62.8000,62.6300,113
2026-02-02,XMEM,61.4500,62.5500,61.4500,62.6800,1218
2026-02-03,XMEM,63.4600,63.5700,63.4600,63.3100,1949
2026-02-04,XMEM,63.4500,63.5800,63.4500,62.7400,30
2026-02-05,XMEM,62.7000,62.7000,62.0100,62.4000,283
2026-02-06,XMEM,62.2900,63.1400,62.2900,63.2300,2366
2026-02-09,XMEM,63.4100,63.7500,63.1100,63.7500,275
2026-02-10,XMEM,63.7500,63.8400,63.7500,63.8100,81
2026-02-11,XMEM,64.1400,64.7100,64.1400,64.4700,103
2026-02-12,XMEM,64.4700,64.4700,64.4700,64.4700,0
2026-02-13,XMEM,64.0300,64.2200,64.0300,64.2100,206
2026-02-16,XMEM,64.7600,64.8100,64.4500,64.4100,6746
2026-02-17,XMEM,64.4900,64.4900,64.0400,64.3700,329
2026-02-18,XMEM,64.8700,65.2800,64.8300,65.2800,536
2026-02-19,XMEM,64.8800,64.9700,64.8700,64.8800,498
2026-02-20,XMEM,65.3800,65.9900,65.3800,65.9900,2208
2026-02-23,XMEM,65.6800,66.0600,65.5300,65.6500,1661
2026-02-24,XMEM,66.2900,66.4000,66.2300,66.8000,86
2026-02-25,XMEM,67.2100,67.4700,67.0700,67.1300,146
2026-02-26,XMEM,67.4400,67.4400,66.5200,66.6200,395
2026-02-27,XMEM,66.6100,66.6200,66.0600,66.3400,2576
2026-03-02,XMEM,65.3900,65.7200,65.1900,65.5900,468
2026-03-03,XMEM,64.1500,64.1500,61.7800,62.5400,4764
2026-03-04,XMEM,61.9600,63.1900,61.9600,63.1700,445
2026-03-05,XMEM,63.1000,63.1000,62.9600,61.9800,324
2026-03-09,XMEM,60.9900,62.1200,60.9800,62.1200,1968
2026-03-10,XMEM,63.4900,64.0200,63.0900,63.7500,97
2026-03-11,XMEM,63.7500,63.7500,63.7500,63.7500,0
2026-03-12,XMEM,63.3200,63.5200,62.0100,62.1900,247
2026-03-13,XMEM,61.9700,63.0500,61.9700,62.2100,1324
2026-03-16,XMEM,63.5600,63.5600,63.5600,63.2900,26
2026-03-17,XMEM,63.5600,64.0300,63.5600,63.8300,18
2026-03-18,XMEM,64.6700,64.6700,63.2800,63.2800,442
2026-03-19,XMEM,62.6400,62.6400,61.9500,62.0000,458
2026-03-20,XMEM,62.0200,62.0200,61.0300,60.7900,245
2026-03-23,XMEM,59.4600,62.1200,59.4200,61.3600,1623
2026-03-24,XMEM,60.9500,61.2300,60.5000,61.1700,6915
2026-03-25,XMEM,62.0900,62.0900,62.0900,62.1700,1200
2026-03-26,XMEM,61.4000,61.4000,60.7400,60.7400,98
2026-03-27,XMEM,60.1900,60.1900,60.1900,60.0900,41
2026-03-30,XMEM,60.2000,60.4100,60.0000,60.1800,1744
2026-03-31,XMEM,59.6400,59.6400,59.6400,60.0100,1740
2026-04-01,XMEM,62.0400,62.1200,61.5200,62.1200,2050
2026-04-02,XMEM,60.6100,61.4400,60.6100,61.2000,61
2026-04-07,XMEM,61.3000,62.1700,61.2700,61.1300,2377
2026-04-08,XMEM,64.6700,64.9900,64.4300,64.5800,749
2026-04-09,XMEM,63.9900,64.1200,63.9900,64.1500,6047
2026-04-10,XMEM,64.6800,64.9600,64.6300,64.8300,297
2026-04-13,XMEM,64.3100,64.5400,64.3100,64.6100,24
2026-04-14,XMEM,65.4500,65.5400,65.4500,65.9300,162
2026-04-15,XMEM,66.0500,66.2600,66.0100,66.1600,2055
2026-04-16,XMEM,66.8200,66.8200,66.4000,66.6300,111
2026-04-17,XMEM,67.3400,68.0200,67.3400,67.8600,1462
2026-04-20,XMEM,66.8200,67.4300,66.8200,67.2200,54
2026-04-21,XMEM,67.7500,67.7500,67.3900,67.0700,369
2026-04-22,XMEM,67.2200,67.8100,67.2200,67.8100,74
2026-04-23,XMEM,67.4400,67.6000,67.4400,67.6000,16
2026-04-24,XMEM,67.6300,67.9700,67.6300,68.0900,1059
2026-04-27,XMEM,68.3200,68.3200,68.0800,68.0900,1917
2026-04-28,XMEM,67.9000,67.9000,67.2000,67.2700,1614
2026-04-29,XMEM,67.2700,67.2700,67.2700,67.2700,0
2026-04-30,XMEM,67.9100,67.9100,67.6000,67.7900,699
2026-05-04,XMEM,69.4800,69.4800,68.8500,68.8500,95
2026-05-05,XMEM,69.2700,70.2100,69.1700,70.2100,97
2026-05-06,XMEM,70.8200,71.6600,70.8200,71.8200,488
2026-05-07,XMEM,72.3700,72.3700,71.7600,71.5900,113
2026-05-08,XMEM,71.4300,72.1500,71.4100,72.1500,604
2026-05-11,XMEM,71.9500,72.3600,71.8600,72.3700,110
2026-05-12,XMEM,70.8200,70.8200,69.7900,69.7100,568
2026-05-13,XMEM,71.5300,71.5300,71.5300,71.8200,4
2026-05-14,XMEM,71.9300,72.1100,71.8700,72.4300,495
2026-05-15,XMEM,70.3400,70.3400,69.9800,70.4300,91
2026-05-18,XMEM,69.9400,70.3600,69.9400,69.7500,1868
2026-05-19,XMEM,69.6100,69.6200,68.8600,69.0400,3182
2026-05-20,XMEM,69.2300,69.9000,69.2300,70.2900,58
2026-05-21,XMEM,70.5800,70.5800,70.5800,70.6500,536
2026-05-22,XMEM,71.4000,71.4000,71.0500,71.3800,429
2026-05-25,XMEM,71.9700,72.7800,71.9700,72.7800,493
2026-05-26,XMEM,72.6700,73.5100,72.6700,73.3600,333
2026-05-27,XMEM,73.5300,74.3600,73.3100,73.5000,5982
2026-05-28,XMEM,72.7800,73.7700,72.7800,73.7600,2644
2026-05-29,XMEM,74.2200,74.2300,73.8700,73.8700,1548
2026-06-01,XMEM,75.1500,75.4800,74.6600,75.2100,8963
2026-06-02,XMEM,75.9200,75.9200,75.9200,76.2300,3
2026-06-03,XMEM,75.9700,76.0700,75.1900,75.4900,4133
2026-06-04,XMEM,74.3000,74.3000,73.6000,74.2500,585
2026-06-05,XMEM,72.5000,72.5000,71.6500,71.6300,1799
2026-06-08,XMEM,70.6300,71.9300,70.6300,71.6100,2894
2026-06-09,XMEM,72.9700,73.0000,70.9800,70.9800,3968
2026-06-10,XMEM,70.5600,71.4300,70.0700,70.8800,1855
2026-06-11,XMEM,70.8300,71.1200,70.6800,71.3900,1945
2026-06-12,XMEM,72.3700,73.4600,72.3700,73.7600,498
2026-06-15,XMEM,75.0400,75.7100,75.0400,75.7100,93
2026-06-16,XMEM,75.4100,75.6400,74.9200,74.9200,21
2026-06-17,XMEM,75.6500,75.7900,75.4700,75.9100,704
2026-06-18,XMEM,76.5700,77.6400,76.5700,77.5200,2041
2026-06-19,XMEM,77.2100,77.2500,77.0300,76.8600,48
2026-06-22,XMEM,77.8800,78.8200,77.8300,78.3700,179
2026-06-23,XMEM,74.5600,75.2200,74.2000,74.7700,2064
2026-06-24,XMEM,75.0700,75.1200,74.7800,74.8300,807
2026-06-25,XMEM,76.1800,76.4500,74.7800,75.1200,1199
2026-06-26,XMEM,73.7100,74.0000,73.5700,74.3400,240
2026-06-29,XMEM,74.3400,74.3400,74.3400,74.3400,0
2026-06-30,XMEM,74.7300,75.0800,74.5400,75.1400,511
2026-07-01,XMEM,74.3600,74.5100,73.8500,74.2600,395
2026-07-02,XMEM,73.5900,73.8900,73.5900,72.5900,20
2026-07-03,XMEM,74.1400,74.2200,74.1400,74.5500,45
2026-07-06,XMEM,74.3700,74.5700,74.2200,74.7000,225
2026-07-07,XMEM,73.0000,73.0000,72.7400,71.9400,652
2026-07-08,XMEM,72.4900,72.4900,71.9400,71.9400,371
2026-07-09,XMEM,71.9400,71.9400,71.9400,71.9400,0
2026-07-10,XMEM,73.0100,73.5200,73.0100,73.7300,1830
2026-07-13,XMEM,71.3800,72.1000,71.3800,72.0200,1478
2026-07-14,XMEM,71.4000,72.4000,71.4000,72.3200,2070
2026-07-15,XMEM,72.4800,72.6500,71.9000,71.8800,569
2026-07-16,XMEM,71.5600,71.5600,70.6300,70.9500,1958
2026-07-17,XMEM,70.9500,70.9500,70.9500,70.9500,0
2026-07-20,XMEM,69.8000,70.6700,69.8000,70.6300,429
2026-07-21,XMEM,71.7900,71.8100,71.7900,72.1800,28
2026-07-22,XMEM,71.2600,71.9900,71.1500,71.9600,1593
2026-07-23,XMEM,72.4500,72.4500,71.2300,71.2300,252
2026-07-24,XMEM,70.8500,71.2000,70.8500,70.8000,160
2026-07-27,XMEM,71.4000,71.4500,69.7900,69.8500,1659
2026-07-28,XMEM,68.8200,68.8200,68.3800,69.0700,1600
2026-07-29,XMEM,68.0000,68.0000,68.0000,67.7700,7
2026-07-30,XMEM,66.9900,68.8900,66.9900,68.9800,12
2026-07-31,XMEM,71.3800,71.4400,71.3800,69.9600,176
2026-08-03,XMEM,70.5600,70.5600,69.8200,69.8700,121
2026-08-04,XMEM,70.8500,71.8200,70.8500,71.9500,199
2026-08-05,XMEM,72.0700,72.0700,71.8000,72.0400,435
2026-08-06,XMEM,70.9300,71.4600,70.9300,71.5700,125
2026-08-07,XMEM,71.3100,71.8000,71.2600,71.5200,767
2026-08-10,XMEM,71.5900,71.5900,71.2000,71.2200,890
2026-08-11,XMEM,71.7300,71.7800,71.7300,71.6800,32
2026-08-12,XMEM,72.0700,72.7100,72.0700,72.6100,1569
2026-08-13,XMEM,72.4800,72.4800,72.4600,73.0600,13
2026-08-14,XMEM,72.7200,72.7200,72.7000,72.5300,29
2026-08-17,XMEM,73.3700,73.5400,73.2500,73.8600,439
2026-08-18,XMEM,72.4800,72.4800,71.2900,71.3200,671
2026-08-19,XMEM,71.3500,71.5300,71.3100,71.5700,47
2026-08-20,XMEM,71.9900,71.9900,71.5300,71.8300,417
2026-08-21,XMEM,72.7200,72.9500,72.7200,72.5400,1201
2026-08-24,XMEM,71.8100,71.8700,71.2600,71.5100,1320
2026-08-25,XMEM,72.0700,72.4000,72.0700,72.4300,1768
2026-08-26,XMEM,73.0000,73.0000,72.8800,72.8700,164
2026-08-27,XMEM,73.0600,73.0600,72.9400,73.0100,155
2026-08-28,XMEM,73.3500,73.5800,73.3500,73.5200,291
2026-08-31,XMEM,73.2100,73.2100,73.1200,72.8800,7492
2026-09-01,XMEM,73.7200,73.8200,72.8600,73.2000,3739
2026-09-02,XMEM,72.8800,72.8800,72.7700,72.9400,3098
2026-09-03,XMEM,72.5700,72.8000,72.5700,73.0300,171
2026-09-04,XMEM,73.5200,73.7600,73.5200,74.2600,156
2026-09-07,XMEM,74.9200,74.9200,74.5700,74.5800,403
2026-09-08,XMEM,74.5000,74.8200,74.2000,74.8200,156
2024-09-09,XMJP,73.0600,73.6000,73.0100,73.4800,2938
2024-09-10,XMJP,73.0400,73.1700,72.7700,72.7700,3260
2024-09-11,XMJP,73.0500,73.2000,72.3800,72.5400,6221
2024-09-12,XMJP,73.9300,73.9800,73.5100,73.7100,1896
2024-09-13,XMJP,73.7100,73.8900,73.7000,73.8900,1123
2024-09-16,XMJP,73.8000,73.9700,73.7600,73.7900,2764
2024-09-17,XMJP,73.1400,73.6100,73.1100,73.4300,913
2024-09-18,XMJP,72.9700,73.0300,72.7000,72.7400,624
2024-09-19,XMJP,73.8400,74.5700,73.8400,74.5300,1024
2024-09-20,XMJP,74.6900,75.1200,74.3600,74.5000,835
2024-09-23,XMJP,74.8700,75.2600,74.8700,75.2400,398
2024-09-24,XMJP,74.6900,74.6900,74.4100,74.5500,421
2024-09-25,XMJP,74.0500,74.4100,74.0500,74.4100,3223
2024-09-26,XMJP,76.0500,76.4500,76.0000,75.9900,12413
2024-09-27,XMJP,75.6300,75.6300,74.8500,75.2300,885
2024-09-30,XMJP,75.2400,75.3800,75.0200,74.9900,199
2024-10-01,XMJP,75.9900,76.2500,75.4800,75.8300,866
2024-10-02,XMJP,75.1800,75.3100,74.7800,75.3100,15179
2024-10-03,XMJP,74.9300,75.0500,74.6800,75.0500,614
2024-10-04,XMJP,75.4200,76.3800,75.4200,76.2100,7511
2024-10-07,XMJP,76.1800,76.1800,75.6000,75.7200,5339
2024-10-08,XMJP,75.3600,75.9600,75.3000,75.9300,4330
2024-10-09,XMJP,75.3600,75.4600,75.1900,75.6100,356
2024-10-10,XMJP,75.3900,75.3900,74.9900,75.5500,1680
2024-10-11,XMJP,75.3300,75.5900,75.2800,75.7700,1758
2024-10-14,XMJP,75.7600,76.0900,75.5500,76.0400,19970
2024-10-15,XMJP,75.8400,75.8400,75.1400,75.1400,1596
2024-10-16,XMJP,74.8800,75.0400,74.8800,75.1800,71
2024-10-17,XMJP,75.4200,75.7900,75.3100,75.4800,1036
2024-10-18,XMJP,75.1200,75.4200,75.1200,75.2900,178
2024-10-21,XMJP,75.1000,75.1000,74.3300,74.2500,365
2024-10-22,XMJP,73.8500,73.8500,73.6400,73.3700,1624
2024-10-23,XMJP,72.8800,72.8800,72.1000,72.1700,545
2024-10-24,XMJP,72.7800,73.0000,72.5000,72.4600,1568
2024-10-25,XMJP,72.4600,72.9000,72.4600,72.7100,1778
2024-10-28,XMJP,73.1900,73.1900,72.8100,73.1900,3351
2024-10-29,XMJP,74.0500,74.0500,73.8100,73.9300,87
2024-10-30,XMJP,74.4400,74.4400,73.9400,73.8000,10
2024-10-31,XMJP,73.2700,73.4000,72.5900,72.6600,37913
2024-11-01,XMJP,72.5900,73.4500,72.5500,73.4500,284
2024-11-04,XMJP,73.0600,73.3500,72.9900,73.3800,4380
2024-11-05,XMJP,73.0900,73.0900,73.0900,73.7900,8
2024-11-06,XMJP,75.3600,76.0000,74.9900,75.0600,7047
2024-11-07,XMJP,75.3900,75.5500,75.3700,75.3700,358
2024-11-08,XMJP,75.5300,75.5600,75.2600,75.5600,10308
2024-11-11,XMJP,75.9200,76.4300,75.9200,76.4400,1006
2024-11-12,XMJP,76.0900,76.1400,75.3400,75.3400,18328
2024-11-13,XMJP,74.7100,74.9100,74.7000,74.9000,2783
2024-11-14,XMJP,75.1100,75.3500,75.1100,75.1600,299
2024-11-15,XMJP,74.7300,74.8900,74.5400,74.7400,3036
2024-11-18,XMJP,74.8000,74.8600,74.7100,75.0500,1915
2024-11-19,XMJP,75.2100,75.2100,74.5900,74.9000,6158
2024-11-20,XMJP,74.5900,74.5900,74.5300,74.3200,39
2024-11-21,XMJP,74.4300,74.9600,74.4300,75.3100,1288
2024-11-22,XMJP,75.4100,76.0000,75.4100,76.2200,5470
2024-11-25,XMJP,76.0100,76.1000,75.8900,76.0700,269
2024-11-26,XMJP,75.3900,75.7000,75.3100,75.6300,2814
2024-11-27,XMJP,75.4300,75.5600,75.4300,75.2600,2539
2024-11-28,XMJP,76.2000,76.2100,76.1900,76.1900,186
2024-11-29,XMJP,76.4100,76.8200,76.4100,76.8200,3912
2024-12-02,XMJP,77.7900,78.5500,77.7900,78.5500,3386
2024-12-03,XMJP,79.3300,79.4500,79.1400,79.3700,7253
2024-12-04,XMJP,79.0900,79.2500,79.0900,79.1200,1672
2024-12-05,XMJP,79.0300,79.0300,78.7000,78.7400,3064
2024-12-06,XMJP,77.9000,78.5500,77.9000,78.5400,230
2024-12-09,XMJP,78.5100,78.5400,77.9900,78.0900,3386
2024-12-10,XMJP,77.9000,78.1300,77.7600,78.0300,7350
2024-12-11,XMJP,78.3800,79.0600,78.2900,79.0600,6890
2024-12-12,XMJP,78.5100,78.7100,78.4900,78.6500,1285
2024-12-13,XMJP,78.0400,78.0400,77.6300,77.3600,1500
2024-12-16,XMJP,77.0600,77.1400,76.9600,76.9900,1518
2024-12-17,XMJP,76.6000,76.8900,76.6000,76.8200,1104
2024-12-18,XMJP,76.8500,77.1000,76.7900,76.9200,2594
2024-12-19,XMJP,76.2900,76.3400,75.7400,75.9600,2478
2024-12-20,XMJP,75.2100,75.8100,74.6100,75.8400,6887
2024-12-23,XMJP,75.6500,75.7200,75.3100,75.4300,1480
2024-12-27,XMJP,77.3200,77.6400,77.0500,77.2400,4157
2024-12-30,XMJP,76.7000,76.9000,76.5500,76.6900,478
2025-01-02,XMJP,76.8500,77.9500,76.8500,77.9500,8629
2025-01-03,XMJP,77.1300,77.4000,76.8400,77.3900,419
2025-01-06,XMJP,76.8400,77.5000,76.8400,77.4200,7515
2025-01-07,XMJP,77.2500,77.6200,77.2500,77.4300,3138
2025-01-08,XMJP,77.1600,77.4700,77.0400,77.4700,334
2025-01-09,XMJP,76.5900,76.6600,76.5500,76.5500,1708
2025-01-10,XMJP,75.8600,76.0100,75.6400,75.7600,1941
2025-01-13,XMJP,75.4400,75.6500,75.2500,75.6300,6965
2025-01-14,XMJP,75.6300,75.6300,75.5600,75.2500,1164
2025-01-15,XMJP,75.5200,76.2400,75.5200,76.2200,267
2025-01-16,XMJP,76.2900,76.3000,76.1500,76.1300,322
2025-01-17,XMJP,76.1500,76.4200,76.1200,76.4700,151
2025-01-20,XMJP,76.7100,76.7100,76.1100,76.3700,8217
2025-01-21,XMJP,76.6500,76.6500,76.4900,76.6300,12045
2025-01-22,XMJP,76.7200,76.8500,76.6900,76.8700,2700
2025-01-23,XMJP,76.9500,77.1700,76.8500,77.1700,2413
2025-01-24,XMJP,76.9300,77.0800,76.8800,77.4400,848
2025-01-27,XMJP,76.7000,76.7200,76.3300,76.5400,5771
2025-01-28,XMJP,77.1900,77.6200,77.1900,77.4500,2227
2025-01-29,XMJP,78.0200,78.0700,77.7700,77.7900,883
2025-01-30,XMJP,78.4000,78.6500,78.4000,78.6300,10909
2025-01-31,XMJP,78.8800,79.1500,78.8800,78.7400,1621
2025-02-03,XMJP,78.0500,78.4100,78.0000,78.4100,6967
2025-02-04,XMJP,77.6600,78.0000,77.5700,78.1300,1560
2025-02-05,XMJP,78.3600,78.4100,78.3300,78.4800,561
2025-02-06,XMJP,79.0300,79.5500,79.0300,79.6000,3972
2025-02-07,XMJP,78.9000,79.0400,78.8700,78.9000,2273
2025-02-10,XMJP,79.0700,79.3500,78.9300,79.3300,2137
2025-02-11,XMJP,78.9300,78.9900,78.7600,78.9800,11674
2025-02-12,XMJP,77.8700,78.0700,77.4000,77.4000,2019
2025-02-13,XMJP,78.1000,78.7000,78.0500,78.5400,4703
2025-02-14,XMJP,78.4200,78.5700,78.3300,78.3300,2038
2025-02-17,XMJP,79.1800,79.4700,79.1600,79.4000,2134
2025-02-18,XMJP,79.4100,79.6900,79.4000,79.5400,416
2025-02-19,XMJP,79.3600,79.4500,79.0200,79.2700,3552
2025-02-20,XMJP,79.3200,79.5300,78.9500,78.9900,2015
2025-02-21,XMJP,78.8500,79.1500,78.8500,79.0100,12591
2025-02-24,XMJP,78.3600,78.4600,77.9900,78.2000,41900
2025-02-25,XMJP,78.9800,78.9900,78.6600,78.3100,1484
2025-02-26,XMJP,78.8600,78.9600,78.7400,79.1300,2767
2025-02-27,XMJP,79.3300,79.5900,79.1500,79.5100,5332
2025-02-28,XMJP,77.7700,78.1800,77.7300,78.1600,13618
2025-03-03,XMJP,79.3300,79.3300,78.9500,79.1700,14884
2025-03-04,XMJP,78.3900,78.4500,77.0000,76.9300,9584
2025-03-05,XMJP,77.3200,77.3200,76.7700,76.8800,586
2025-03-06,XMJP,77.5500,77.5700,76.7200,77.0800,50261
2025-03-07,XMJP,76.4200,76.5900,76.1000,76.1400,4745
2025-03-10,XMJP,76.3800,76.3800,75.5000,75.6500,5520
2025-03-11,XMJP,75.3300,75.3300,74.1400,74.1400,4714
2025-03-12,XMJP,75.2000,75.6000,75.1300,75.6200,2726
2025-03-13,XMJP,75.9000,76.0500,75.8900,75.8600,2920
2025-03-14,XMJP,76.0300,76.7500,75.9800,76.6600,668
2025-03-17,XMJP,76.8800,77.3000,76.8200,77.2500,1496
2025-03-18,XMJP,76.9900,77.0000,76.7700,76.9700,1567
2025-03-19,XMJP,77.5000,77.6700,77.4600,77.7000,1575
2025-03-20,XMJP,78.2000,78.3700,77.8100,77.9700,2076
2025-03-21,XMJP,78.3700,78.3700,77.9900,78.3200,1299
2025-03-24,XMJP,78.0300,78.2500,77.8000,78.2300,1031
2025-03-25,XMJP,77.9400,78.5900,77.9400,78.5900,1246
2025-03-26,XMJP,78.4600,78.5800,78.0700,78.0500,5885
2025-03-27,XMJP,78.3400,78.3400,77.7800,77.9300,2195
2025-03-28,XMJP,77.0000,77.0000,75.8900,75.8400,1730
2025-03-31,XMJP,75.0200,75.2600,74.7700,75.0800,960
2025-04-01,XMJP,74.8100,75.1200,74.3000,74.9900,15447
2025-04-02,XMJP,74.5800,74.5800,74.1700,74.2700,2116
2025-04-03,XMJP,72.3500,72.4600,70.1100,70.3500,22439
2025-04-04,XMJP,69.7000,69.7000,66.8200,67.5300,7902
2025-04-07,XMJP,63.3000,66.8200,63.3000,66.2800,23049
2025-04-08,XMJP,68.7400,70.1600,68.0000,69.3000,3500
2025-04-09,XMJP,67.1900,67.7900,65.2000,66.0700,11028
2025-04-10,XMJP,71.9800,71.9800,68.9100,68.3200,980
2025-04-11,XMJP,68.1500,68.3600,66.6500,67.5900,7393
2025-04-14,XMJP,69.5200,70.0900,69.4500,69.7400,2961
2025-04-15,XMJP,70.2800,71.1100,70.2800,71.1100,4833
2025-04-16,XMJP,69.9100,70.8700,69.7300,70.5800,12971
2025-04-17,XMJP,70.5800,71.6700,70.5800,71.4300,7077
2025-04-22,XMJP,71.0400,71.8300,71.0400,71.7600,1201
2025-04-23,XMJP,72.7000,73.4000,72.7000,72.9400,3024
2025-04-24,XMJP,72.3900,73.1300,72.2300,73.0900,9622
2025-04-25,XMJP,73.6600,73.7700,73.2100,73.4300,2510
2025-04-28,XMJP,74.2100,74.5900,74.2100,74.3200,305
2025-04-29,XMJP,75.0500,75.0900,74.7400,74.7900,5877
2025-04-30,XMJP,74.7200,74.7600,73.8400,74.5800,4054
2025-05-02,XMJP,74.5900,75.1900,74.4800,75.1900,6800
2025-05-05,XMJP,75.4000,76.0000,75.4000,76.0000,829
2025-05-06,XMJP,75.9200,76.0000,75.4900,75.9900,12374
2025-05-07,XMJP,75.6000,75.6000,75.2700,75.4800,3070
2025-05-08,XMJP,75.6600,76.0900,75.6400,76.0900,6867
2025-05-09,XMJP,76.3400,76.3800,75.9200,75.9600,870
2025-05-12,XMJP,77.1000,77.7200,76.9400,77.7200,8991
2025-05-13,XMJP,77.0700,77.0700,76.5400,76.8500,3824
2025-05-14,XMJP,76.7700,76.7700,75.9100,75.9100,14000
2025-05-15,XMJP,76.2000,76.7100,76.1800,76.7100,4211
2025-05-16,XMJP,76.7200,77.0700,76.7200,77.0700,189
2025-05-19,XMJP,76.6100,76.6100,75.9300,76.3700,20081
2025-05-20,XMJP,76.6500,77.0800,76.6500,76.9500,3732
2025-05-21,XMJP,76.4900,76.4900,76.1100,76.4600,2592
2025-05-22,XMJP,76.3900,76.3900,75.7200,76.2600,3308
2025-05-23,XMJP,76.8800,76.8800,75.6700,76.2900,11476
2025-05-26,XMJP,77.3000,77.3600,77.2100,77.1600,272
2025-05-27,XMJP,77.6800,78.4100,77.6800,78.4100,4105
2025-05-28,XMJP,77.3900,77.5500,77.2300,77.4200,1851
2025-05-29,XMJP,78.2500,78.2500,77.1100,77.4000,4186
2025-05-30,XMJP,78.1700,78.2300,77.5500,77.4100,7232
2025-06-02,XMJP,77.4900,77.6100,77.0800,77.5700,1581
2025-06-03,XMJP,77.1900,77.5200,77.1900,77.5300,922
2025-06-04,XMJP,77.4700,77.4900,77.0000,77.0800,3077
2025-06-05,XMJP,76.7300,76.7300,76.0000,76.3300,2202
2025-06-06,XMJP,76.5100,77.2000,76.5100,76.9500,8585
2025-06-09,XMJP,77.0200,77.1600,77.0200,77.0500,3497
2025-06-10,XMJP,77.0100,77.0100,76.6500,76.7500,3024
2025-06-11,XMJP,76.7700,76.7700,76.5000,76.5000,517
2025-06-12,XMJP,76.2900,76.2900,75.7000,76.1700,3203
2025-06-13,XMJP,75.7000,76.1300,75.6400,75.8900,11045
2025-06-16,XMJP,75.8100,76.1400,75.7400,76.1400,6378
2025-06-17,XMJP,75.5600,75.5600,75.2800,75.4600,1474
2025-06-18,XMJP,76.5700,76.5800,76.2500,76.2800,91
2025-06-19,XMJP,76.1500,76.1500,75.7400,75.6700,664
2025-06-20,XMJP,75.1000,75.2500,74.7800,74.8000,2695
2025-06-23,XMJP,74.0100,74.4100,74.0100,74.3900,2610
2025-06-24,XMJP,75.0900,75.0900,74.7200,74.7800,1904
2025-06-25,XMJP,74.9700,75.0500,74.6300,74.6300,204
2025-06-26,XMJP,75.3900,75.5800,75.2700,75.5400,3302
2025-06-27,XMJP,76.6800,76.9300,76.6800,77.0400,676
2025-06-30,XMJP,76.8000,76.8000,76.5400,76.4800,1783
2025-07-01,XMJP,76.0200,76.1900,75.8300,75.9600,328
2025-07-02,XMJP,75.7900,75.7900,75.6100,75.6400,477
2025-07-03,XMJP,75.6800,76.0600,75.6800,76.0300,3089
2025-07-04,XMJP,75.6300,75.6900,75.4300,75.4200,3064
2025-07-07,XMJP,74.9500,75.2400,74.9100,74.9500,468
2025-07-08,XMJP,74.7200,74.8600,74.6000,74.7900,4424
2025-07-09,XMJP,74.5800,74.8500,74.5800,74.7400,437
2025-07-10,XMJP,74.3900,74.7500,74.3500,74.7400,958
2025-07-11,XMJP,74.3900,74.3900,74.0200,74.0700,3634
2025-07-14,XMJP,74.4300,74.4300,74.0900,74.2800,3876
2025-07-15,XMJP,74.2800,74.3500,74.0000,74.0400,9217
2025-07-16,XMJP,73.8300,74.2300,73.8000,73.5600,2299
2025-07-17,XMJP,74.6200,74.8000,74.5600,74.8400,1181
2025-07-18,XMJP,74.3500,74.3800,74.0700,74.0700,2837
2025-07-21,XMJP,74.4900,74.7200,74.4600,74.6400,784
2025-07-22,XMJP,74.5500,74.8900,74.4700,74.5800,3283
2025-07-23,XMJP,76.9900,78.0300,76.9900,78.0300,2115
2025-07-24,XMJP,78.8100,78.8100,78.2500,78.2200,565
2025-07-25,XMJP,77.2200,77.4000,77.2000,77.1900,762
2025-07-28,XMJP,76.7600,76.9500,76.6300,76.6600,3369
2025-07-29,XMJP,77.0900,77.2100,76.8800,76.7700,10580
2025-07-30,XMJP,77.4900,77.8000,77.4900,77.4800,1256
2025-07-31,XMJP,78.1800,78.4500,77.3200,77.3900,11267
2025-08-01,XMJP,77.4000,77.5100,76.1700,76.6200,26275
2025-08-04,XMJP,77.1400,77.7600,77.1400,77.7300,2655
2025-08-05,XMJP,78.0600,78.0900,77.7100,77.6900,2585
2025-08-06,XMJP,78.4200,78.4200,78.0000,78.2000,885
2025-08-07,XMJP,78.7700,79.2700,78.7700,78.8400,5393
2025-08-08,XMJP,79.8500,80.2000,79.7500,80.2000,6660
2025-08-11,XMJP,80.4100,80.6700,80.3000,80.5700,4537
2025-08-12,XMJP,80.8600,81.2600,80.7200,81.2400,2603
2025-08-13,XMJP,81.6400,81.7000,81.1100,81.1600,1971
2025-08-14,XMJP,81.1600,81.1600,80.9700,81.0700,1111
2025-08-18,XMJP,82.5200,82.6300,82.4200,82.6300,1155
2025-08-19,XMJP,82.2600,82.6000,82.2600,82.3500,5504
2025-08-20,XMJP,82.2700,82.2700,81.7500,81.9100,819
2025-08-21,XMJP,81.3100,81.4500,81.1800,81.4400,1334
2025-08-22,XMJP,81.7300,82.2200,81.5600,81.9800,9354
2025-08-25,XMJP,81.5000,81.6700,81.4200,81.4900,12108
2025-08-26,XMJP,80.9500,81.0800,80.8200,81.0600,2871
2025-08-27,XMJP,81.0500,81.0500,80.7700,80.9700,6130
2025-08-28,XMJP,81.7800,81.9500,81.4800,81.6200,7769
2025-08-29,XMJP,81.0300,81.0300,80.2700,80.2600,1885
2025-09-01,XMJP,80.5400,80.7200,80.4900,80.7200,540
2025-09-02,XMJP,80.4900,80.5600,79.8200,80.0900,12706
2025-09-03,XMJP,79.8300,80.0600,79.7500,79.8900,635
2025-09-04,XMJP,80.7000,80.9800,80.4700,81.0200,3364
2025-09-05,XMJP,81.2900,81.5200,80.7700,80.8800,8280
2025-09-08,XMJP,81.9500,82.6000,81.9400,82.6000,4712
2025-09-09,XMJP,81.8900,81.8900,81.5300,81.7600,2754
2025-09-10,XMJP,82.5900,82.7200,82.2200,82.4700,3117
2025-09-11,XMJP,82.7200,83.1200,82.7000,83.1700,8077
2025-09-12,XMJP,82.8000,82.8000,82.5700,82.5400,1164
2025-09-15,XMJP,82.9600,83.0500,82.5800,82.9500,2279
2025-09-16,XMJP,82.9000,82.9000,82.3100,82.3200,464
2025-09-17,XMJP,82.4100,82.5300,82.2100,82.3900,350
2025-09-18,XMJP,82.8100,83.1500,82.7200,83.1400,502
2025-09-19,XMJP,81.9400,82.5900,81.9400,82.5300,4510
2025-09-22,XMJP,82.5700,82.6200,82.3300,82.5500,1950
2025-09-23,XMJP,82.6700,82.8800,82.5800,82.6500,22833
2025-09-24,XMJP,82.6600,83.0400,82.5100,82.8500,3720
2025-09-25,XMJP,82.6500,82.7200,82.3800,82.5600,1694
2025-09-26,XMJP,82.5100,82.7200,82.3500,82.5100,9498
2025-09-29,XMJP,82.1900,82.4800,82.1900,82.4100,950
2025-09-30,XMJP,82.4100,82.4100,81.6500,81.7200,2550
2025-10-01,XMJP,81.5400,82.2200,81.5400,82.0400,448
2025-10-02,XMJP,81.9000,82.1900,81.8900,81.9600,1230
2025-10-03,XMJP,83.2400,83.6600,83.2100,83.6100,642
2025-10-06,XMJP,84.9300,85.5700,84.9100,85.5600,1487
2025-10-07,XMJP,84.4400,84.8800,84.3900,84.4600,17962
2025-10-08,XMJP,84.4700,84.5100,84.2500,84.4400,301
2025-10-09,XMJP,84.5600,84.9400,84.5100,84.7300,1722
2025-10-10,XMJP,82.8300,83.0500,81.3800,81.6600,3164
2025-10-13,XMJP,81.7100,82.2400,81.5800,82.2100,13540
2025-10-14,XMJP,81.9900,82.6500,81.9900,82.6600,10441
2025-10-15,XMJP,83.6800,84.1300,83.6700,83.8600,6233
2025-10-16,XMJP,84.0000,84.2100,83.9300,84.0300,11500
2025-10-17,XMJP,83.0000,84.3200,82.7200,84.0500,8120
2025-10-20,XMJP,85.5300,86.0100,85.2800,86.0800,8349
2025-10-21,XMJP,85.3200,85.5400,85.2800,85.4800,1361
2025-10-22,XMJP,85.3800,85.3900,85.2600,84.9400,481
2025-10-23,XMJP,84.8500,85.0400,84.7000,84.8700,721
2025-10-27,XMJP,86.3700,86.4200,86.0200,86.0100,5033
2025-10-28,XMJP,85.9200,86.3300,85.7800,86.2900,7976
2025-10-29,XMJP,86.1500,86.2000,85.8000,86.0600,1995
2025-10-30,XMJP,86.2300,86.5600,86.2300,86.5600,2474
2025-10-31,XMJP,87.0200,87.2500,86.7800,86.7500,853
2025-11-03,XMJP,86.6500,87.0900,86.6500,86.9200,730
2025-11-04,XMJP,86.6300,87.0900,86.5100,86.8900,1494
2025-11-05,XMJP,85.8700,86.4100,85.8200,86.3300,4311
2025-11-06,XMJP,86.8300,87.0100,86.3500,86.2500,3290
2025-11-07,XMJP,86.3900,86.4600,85.4700,85.5000,1549
2025-11-10,XMJP,86.2800,86.4900,86.0900,86.4400,1122
2025-11-11,XMJP,86.5200,86.5200,86.3000,86.5000,1659
2025-11-12,XMJP,87.3200,87.4800,87.3200,87.4400,1813
2025-11-13,XMJP,87.2400,87.2600,86.1500,86.1700,4151
2025-11-14,XMJP,86.6000,86.8500,86.0200,86.9200,1530
2025-11-17,XMJP,86.4100,86.4600,85.8900,85.9700,993
2025-11-18,XMJP,83.6100,83.7800,83.2600,83.7300,4733
2025-11-19,XMJP,83.5100,84.2600,83.5100,83.8600,1507
2025-11-20,XMJP,84.3500,84.5800,84.1700,84.0400,3149
2025-11-21,XMJP,83.8600,84.3200,83.7500,84.1200,6239
2025-11-24,XMJP,84.5700,84.9500,84.1300,84.9500,3224
2025-11-25,XMJP,84.1300,84.7400,84.1300,84.7400,1491
2025-11-26,XMJP,85.7200,86.0600,85.4300,86.0600,4832
2025-11-27,XMJP,85.9100,86.0100,85.6700,85.7600,464
2025-11-28,XMJP,86.1000,86.1100,85.8100,85.8800,1579
2025-12-01,XMJP,85.1200,85.4100,84.9000,85.4100,676
2025-12-02,XMJP,85.2400,85.4800,85.2400,85.1900,922
2025-12-03,XMJP,84.9400,84.9400,84.4700,84.9300,2801
2025-12-04,XMJP,86.6800,86.8600,86.2700,86.2700,4891
2025-12-05,XMJP,86.1400,86.2800,86.1400,86.2000,1291
2025-12-08,XMJP,86.3000,86.4200,85.9500,85.9500,4715
2025-12-09,XMJP,86.2400,86.4100,86.1300,86.2700,1311
2025-12-10,XMJP,85.8100,86.0300,85.7200,86.0100,6572
2025-12-11,XMJP,85.1600,86.0300,85.1500,85.9700,11485
2025-12-12,XMJP,86.4500,86.4500,85.8000,85.9300,11323
2025-12-15,XMJP,86.9500,87.2600,86.7500,86.7500,1008
2025-12-16,XMJP,85.6400,85.8900,85.6400,85.7000,8200
2025-12-17,XMJP,85.6300,85.6500,84.9800,85.0000,1478
2025-12-18,XMJP,84.8300,85.4100,84.8200,85.3300,490
2025-12-19,XMJP,85.4000,85.8100,85.3300,85.7700,7936
2025-12-22,XMJP,85.0600,85.1600,84.8800,85.1700,2420
2025-12-23,XMJP,86.0000,86.1400,85.9200,86.0000,4879
2025-12-29,XMJP,85.7200,85.8300,85.6100,85.8200,714
2025-12-30,XMJP,85.7800,86.1200,85.7800,86.0300,744
2026-01-02,XMJP,86.4600,86.7600,85.9900,86.1500,359
2026-01-05,XMJP,87.5700,88.3600,87.5700,88.3600,1223
2026-01-06,XMJP,89.2800,89.2800,88.5100,88.4700,9951
2026-01-07,XMJP,88.6800,88.7000,88.3900,88.4500,2424
2026-01-08,XMJP,88.1400,88.5900,88.1400,88.5900,5261
2026-01-09,XMJP,88.5400,90.8500,88.5100,90.4200,14291
2026-01-12,XMJP,90.8600,91.0800,90.7600,90.8800,3825
2026-01-13,XMJP,90.2200,90.5300,90.2000,90.3800,21826
2026-01-14,XMJP,91.1500,91.2700,90.6500,91.2500,1835
2026-01-15,XMJP,91.9800,92.4600,91.9800,92.0100,958
2026-01-16,XMJP,92.3000,92.3000,91.6900,91.8900,446
2026-01-19,XMJP,91.9600,92.0200,91.5000,91.5000,5845
2026-01-20,XMJP,90.1200,90.1300,89.0300,89.4900,28199
2026-01-21,XMJP,89.6800,90.0400,89.2000,89.9700,7801
2026-01-22,XMJP,90.1300,90.3600,90.0200,90.2300,1323
2026-01-23,XMJP,89.8400,89.8400,89.0600,89.3100,11016
2026-01-26,XMJP,89.7700,89.9900,89.1500,89.1300,1076
2026-01-27,XMJP,89.6000,89.8500,89.2000,89.3000,5416
2026-01-28,XMJP,89.2300,89.2300,88.3100,88.9100,2520
2026-01-29,XMJP,89.2100,89.9500,89.0000,89.1700,2491
2026-01-30,XMJP,89.7500,90.1900,89.5500,90.0100,6321
2026-02-02,XMJP,89.4300,90.6700,89.3500,90.6700,1963
2026-02-03,XMJP,92.0300,92.0300,91.2800,91.2900,1690
2026-02-04,XMJP,91.6600,93.2300,91.5600,92.7600,1975
2026-02-05,XMJP,91.4300,91.4800,91.1500,91.4100,2828
2026-02-06,XMJP,92.6000,93.9900,92.6000,93.8000,4702
2026-02-09,XMJP,94.6700,95.4100,94.2200,95.4100,10637
2026-02-10,XMJP,96.5800,97.9300,96.5800,97.5000,2589
2026-02-11,XMJP,98.2900,98.9900,97.8800,98.3200,6425
2026-02-12,XMJP,98.5700,98.7300,98.0000,98.1400,10286
2026-02-13,XMJP,97.3900,98.2900,97.3900,98.2600,2625
2026-02-16,XMJP,96.3100,96.5900,96.0900,96.1700,6625
2026-02-17,XMJP,96.1300,96.3300,95.9600,96.4200,3044
2026-02-18,XMJP,96.7300,96.9500,96.4800,96.9200,1184
2026-02-19,XMJP,97.0200,97.0200,96.3000,96.5200,1954
2026-02-20,XMJP,95.9600,96.5300,95.6900,96.4000,377
2026-02-23,XMJP,96.2600,97.2200,96.2600,96.6300,10265
2026-02-24,XMJP,95.7000,96.6300,95.2800,96.6500,1589
2026-02-25,XMJP,96.8500,97.5100,96.7200,97.4900,6759
2026-02-26,XMJP,97.1700,97.9400,97.1700,97.9100,6899
2026-02-27,XMJP,98.9600,99.0900,97.6600,97.8200,1713
2026-03-02,XMJP,96.4800,96.4800,95.1100,95.8900,25289
2026-03-03,XMJP,93.6900,93.6900,90.5000,91.3900,17393
2026-03-04,XMJP,92.4400,94.5400,92.4400,94.1800,2491
2026-03-05,XMJP,93.2000,94.2500,92.1500,92.0800,5955
2026-03-09,XMJP,89.2300,90.5500,89.1500,90.5000,16696
2026-03-10,XMJP,92.8900,93.5800,92.1900,93.4900,5445
2026-03-11,XMJP,92.3500,92.4000,91.4800,91.6900,26948
2026-03-12,XMJP,92.1700,92.1700,91.0500,91.4100,4642
2026-03-13,XMJP,90.0600,91.8900,90.0600,91.1300,13756
2026-03-16,XMJP,91.2700,92.3200,90.6900,91.9300,3150
2026-03-17,XMJP,91.4700,92.5600,91.4700,91.9500,1730
2026-03-18,XMJP,93.0600,93.0800,91.6300,91.9100,9625
2026-03-19,XMJP,90.6700,90.7800,89.3400,90.0100,16270
2026-03-20,XMJP,90.9200,91.1600,88.7100,88.6300,4983
2026-03-23,XMJP,87.0100,90.6300,87.0100,89.4900,14901
2026-03-24,XMJP,90.0100,90.1100,89.1500,89.9900,9011
2026-03-25,XMJP,91.7600,91.9000,90.9900,91.4600,10666
2026-03-26,XMJP,91.0200,91.0200,90.0400,90.2400,29090
2026-03-27,XMJP,89.7800,89.7800,88.5000,88.5600,36210
2026-03-30,XMJP,89.2700,89.9400,89.2700,89.7000,22791
2026-03-31,XMJP,88.6700,89.5700,88.4900,89.2800,6780
2026-04-01,XMJP,93.0600,93.6600,92.5100,93.6600,7986
2026-04-02,XMJP,91.0200,92.4500,90.6100,91.9300,19229
2026-04-07,XMJP,91.8700,92.4300,90.3300,90.6300,3744
2026-04-08,XMJP,94.6200,95.8800,94.6200,95.3800,2879
2026-04-09,XMJP,93.5200,93.5200,92.8600,93.3200,4599
2026-04-10,XMJP,93.1300,93.7600,93.0800,93.7200,2053
2026-04-13,XMJP,92.5500,93.1000,92.2900,92.9500,3502
2026-04-14,XMJP,93.2700,94.4300,93.2400,94.4300,475
2026-04-15,XMJP,93.8000,94.0500,93.6000,93.9900,4713
2026-04-16,XMJP,94.6700,94.9300,94.4000,94.5600,8795
2026-04-17,XMJP,93.5900,96.0100,93.4700,95.6200,6085
2026-04-20,XMJP,94.4900,94.7100,94.0500,94.6400,5262
2026-04-21,XMJP,93.9300,93.9800,93.0300,93.1500,4695
2026-04-22,XMJP,93.8400,93.8400,93.1200,93.1500,13286
2026-04-23,XMJP,92.8900,93.4700,92.6600,93.3700,2672
2026-04-24,XMJP,93.1400,93.1400,92.4000,92.7100,2289
2026-04-27,XMJP,93.3700,93.7100,93.2100,93.2200,5338
2026-04-28,XMJP,94.5600,94.5900,93.1700,93.3500,16965
2026-04-29,XMJP,93.4200,93.4200,92.7700,92.8600,15591
2026-04-30,XMJP,93.2300,94.5100,93.0000,94.3300,10029
2026-05-04,XMJP,94.5700,94.7500,93.3300,94.1400,6544
2026-05-05,XMJP,94.3500,95.0000,94.2200,94.9000,17124
2026-05-06,XMJP,96.4300,97.6400,96.3900,97.2100,17512
2026-05-07,XMJP,98.0600,98.4100,96.8800,97.0000,3889
2026-05-08,XMJP,97.3400,97.8300,97.0200,97.4800,4303
2026-05-11,XMJP,97.3600,97.8000,97.1100,97.8900,4077
2026-05-12,XMJP,97.4400,97.9600,97.2800,97.3100,3313
2026-05-13,XMJP,98.8900,99.2300,98.5300,99.1800,74268
2026-05-14,XMJP,98.0400,98.6600,97.7600,98.6500,69571
2026-05-15,XMJP,97.7500,98.0900,97.4400,98.0300,28181
2026-05-18,XMJP,96.5200,97.7000,96.3400,96.9700,25512
2026-05-19,XMJP,97.3200,97.5800,96.5900,96.8000,9812
2026-05-20,XMJP,96.1000,97.6000,96.0000,97.3000,16355
2026-05-21,XMJP,97.2200,97.4600,96.7600,97.4400,25410
2026-05-22,XMJP,98.2800,98.5500,97.9300,98.6100,7054
2026-05-25,XMJP,99.7300,99.8800,99.4300,99.7300,2253
2026-05-26,XMJP,99.5200,99.9400,99.2600,99.7100,535
2026-05-27,XMJP,99.0400,99.1400,98.6000,98.8800,9269
2026-05-28,XMJP,98.4900,99.0400,98.3300,99.1700,8025
2026-05-29,XMJP,100.2400,100.2400,99.2200,99.3600,8266
2026-06-01,XMJP,99.8700,100.0000,99.2000,99.6300,13477
2026-06-02,XMJP,99.7200,99.8000,99.3400,100.2700,949
2026-06-03,XMJP,101.7800,101.8800,101.0200,101.0400,6618
2026-06-04,XMJP,100.6500,100.7600,100.1300,100.7100,8946
2026-06-05,XMJP,99.8900,100.5700,99.7900,99.9400,13806
2026-06-08,XMJP,98.0900,99.6800,98.0900,99.5800,15581
2026-06-09,XMJP,99.7100,99.9100,98.1700,98.2200,17949
2026-06-10,XMJP,97.4300,97.7200,96.2700,96.8100,15071
2026-06-11,XMJP,97.4100,98.0200,97.2700,97.5900,5611
2026-06-12,XMJP,98.3900,99.9500,98.2200,100.0500,4034
2026-06-15,XMJP,101.7700,102.0100,101.3500,101.5600,4547
2026-06-16,XMJP,102.0300,102.5600,101.9700,102.1200,7995
2026-06-17,XMJP,102.4500,103.3700,102.1900,103.3300,9359
2026-06-18,XMJP,104.7800,105.4600,104.7600,105.3500,3580
2026-06-19,XMJP,104.9000,105.2500,104.7900,105.0500,4667
2026-06-22,XMJP,105.9100,106.8600,105.3700,106.5100,1973
2026-06-23,XMJP,102.1700,102.6400,101.7000,102.5300,5684
2026-06-24,XMJP,102.2400,103.1100,102.0400,102.8100,4117
2026-06-25,XMJP,103.9400,104.1600,103.2000,103.2900,1069
2026-06-26,XMJP,102.2400,102.5100,101.6100,102.5100,1519
2026-06-29,XMJP,101.6000,102.1400,100.9800,101.7800,6300
2026-06-30,XMJP,102.1500,102.4200,101.7000,102.3400,7111
2026-07-01,XMJP,102.2800,103.4100,102.2800,103.2100,7091
2026-07-02,XMJP,102.0800,103.4900,101.8800,102.3200,8710
2026-07-03,XMJP,103.7200,103.7200,103.1300,103.5700,1615
2026-07-06,XMJP,104.1200,104.6200,104.0600,104.5200,1111
2026-07-07,XMJP,103.0300,103.2700,102.2700,102.3000,2390
2026-07-08,XMJP,101.1300,101.4500,99.2800,100.7200,10610
2026-07-09,XMJP,101.8900,102.6900,101.2500,102.6400,9480
2026-07-10,XMJP,103.0600,103.7200,102.7600,103.8000,17220
2026-07-13,XMJP,101.8100,102.6500,101.8100,102.6300,1465
2026-07-14,XMJP,102.3200,103.6700,102.1900,103.5600,9085
2026-07-15,XMJP,103.7300,103.7500,102.3800,102.4500,550
2026-07-16,XMJP,101.3000,101.3900,100.5800,101.3100,4945
2026-07-17,XMJP,98.1700,98.9900,97.7700,98.9000,5416
2026-07-20,XMJP,99.2300,100.1600,99.0200,99.9100,2744
2026-07-21,XMJP,101.4200,101.6900,100.8400,102.0900,4272
2026-07-22,XMJP,101.3600,101.6800,100.9000,101.4600,2302
2026-07-23,XMJP,101.7100,101.8100,100.3300,100.3300,3560
2026-07-24,XMJP,100.6700,101.1400,100.6700,101.1600,6544
2026-07-27,XMJP,101.7900,101.8900,100.7700,100.7300,1364
2026-07-28,XMJP,99.2000,99.4000,98.5700,99.3100,11814
2026-07-29,XMJP,99.3700,99.8300,98.5400,98.6900,953
2026-07-30,XMJP,97.8000,100.7100,97.8000,100.7500,995
2026-07-31,XMJP,100.4900,101.4600,100.2800,100.2900,583
2026-08-03,XMJP,101.9600,102.2400,100.4100,101.4000,5806
2026-08-04,XMJP,101.8300,102.6400,101.2200,102.6400,12675
2026-08-05,XMJP,103.7500,104.5700,103.6400,103.7900,59393
2026-08-06,XMJP,103.8600,104.2900,103.3000,104.1100,1572
2026-08-07,XMJP,104.3600,105.1700,104.1600,104.9900,3511
2026-08-10,XMJP,105.0500,105.0800,104.7000,104.7000,3157
2026-08-11,XMJP,104.9700,105.5300,104.4700,105.0400,741
2026-08-12,XMJP,105.6000,106.7700,105.3900,106.5400,642
2026-08-13,XMJP,106.5800,107.0700,106.2600,107.3000,98
2026-08-14,XMJP,106.6100,106.9500,106.6100,106.5400,4622
2026-08-17,XMJP,106.6200,106.8600,105.8900,106.7500,6203
2026-08-18,XMJP,105.1700,105.1700,103.5500,103.5200,855
2026-08-19,XMJP,101.8400,103.0400,101.6600,102.3000,3789
2026-08-20,XMJP,102.1500,102.1500,100.7700,101.7600,8467
2026-08-21,XMJP,102.2600,102.7800,102.2000,102.2700,2222
2026-08-24,XMJP,102.2100,102.5100,101.7400,102.0200,1518
2026-08-25,XMJP,102.3900,103.0600,102.3200,102.6800,3163
2026-08-26,XMJP,103.3600,103.3600,102.9100,102.8000,266
2026-08-27,XMJP,103.3600,103.5300,102.8900,103.1400,1227
2026-08-28,XMJP,104.2100,104.5500,104.1000,104.4000,1444
2026-08-31,XMJP,104.6800,104.7200,103.7900,103.7400,1942
2026-09-01,XMJP,104.8800,104.8800,103.1100,103.9000,3825
2026-09-02,XMJP,103.2700,103.8300,102.3100,103.7600,840
2026-09-03,XMJP,104.9400,105.7900,104.5600,105.9200,10011
2026-09-04,XMJP,105.1500,106.2000,105.1500,106.0900,1870
2026-09-07,XMJP,106.9800,107.2900,106.7600,106.8000,1992
2026-09-08,XMJP,106.5000,106.5400,105.7900,106.2700,1334
2024-09-09,XNAS,38.6450,38.8600,38.5750,38.6850,7989
2024-09-10,XNAS,38.7750,39.1700,38.7700,39.1600,7084
2024-09-11,XNAS,39.1450,39.3100,38.7600,39.0300,13835
2024-09-12,XNAS,40.3450,40.4000,40.2200,40.2200,4430
2024-09-13,XNAS,40.4050,40.5200,40.3000,40.5200,34002
2024-09-16,XNAS,40.3850,40.4400,39.9600,40.1550,5835
2024-09-17,XNAS,40.2850,40.5500,40.2850,40.4250,5191
2024-09-18,XNAS,40.3600,40.3600,40.1950,40.2200,2071
2024-09-19,XNAS,40.6900,41.1450,40.6400,41.1450,6616
2024-09-20,XNAS,40.8300,40.9500,40.6000,40.6950,59724
2024-09-23,XNAS,40.9750,41.1700,40.9600,41.1000,7889
2024-09-24,XNAS,41.1900,41.2550,40.8900,41.0900,13287
2024-09-25,XNAS,40.9400,41.2950,40.9200,41.2550,14366
2024-09-26,XNAS,41.8100,42.0000,41.2950,41.2900,13864
2024-09-27,XNAS,41.5250,41.5300,41.4000,41.3650,22441
2024-09-30,XNAS,41.2250,41.2900,40.9700,41.3500,9765
2024-10-01,XNAS,41.5300,41.7800,40.8400,41.0750,18311
2024-10-02,XNAS,41.0800,41.4150,40.9700,41.4250,3527
2024-10-03,XNAS,41.1600,41.4200,41.1000,41.4250,595
2024-10-04,XNAS,41.3800,42.1700,41.3800,41.7750,1108
2024-10-07,XNAS,41.9600,41.9600,41.7700,41.9150,13873
2024-10-08,XNAS,41.5100,42.1200,41.4600,42.1200,564
2024-10-09,XNAS,42.1650,42.4800,42.1000,42.4750,18301
2024-10-10,XNAS,42.7000,42.7000,42.4750,42.6900,2210
2024-10-11,XNAS,42.6350,42.6700,42.4600,42.6050,1092
2024-10-14,XNAS,42.7300,43.2150,42.7300,43.0050,1057
2024-10-15,XNAS,43.2200,43.2250,42.6600,42.8000,1904
2024-10-16,XNAS,42.7800,42.8300,42.5600,42.6650,11172
2024-10-17,XNAS,42.9900,43.5000,42.9850,43.1300,15793
2024-10-18,XNAS,43.0950,43.1700,43.0800,43.1700,877
2024-10-21,XNAS,43.0750,43.2000,42.8600,42.9950,29138
2024-10-22,XNAS,43.2100,43.4200,43.0850,43.3250,678
2024-10-23,XNAS,43.4900,43.5350,43.0900,43.0900,16155
2024-10-24,XNAS,43.1450,43.2300,43.1000,43.0800,7269
2024-10-25,XNAS,43.1050,43.7200,43.0950,43.6200,13053
2024-10-28,XNAS,43.6750,43.7250,43.4700,43.4650,1657
2024-10-29,XNAS,43.4300,43.6850,43.3700,43.6750,2833
2024-10-30,XNAS,43.8900,43.8900,43.5150,43.5100,16524
2024-10-31,XNAS,42.8400,42.9000,42.3050,42.3550,29662
2024-11-01,XNAS,42.3750,42.7700,42.3600,42.7700,3514
2024-11-04,XNAS,42.4700,42.5000,42.0750,42.4450,1760
2024-11-05,XNAS,42.3550,42.5950,42.3150,42.6050,387
2024-11-06,XNAS,44.1250,44.4350,44.0200,44.3500,30544
2024-11-07,XNAS,44.5800,44.7700,44.5400,44.9500,22948
2024-11-08,XNAS,45.2000,45.3400,45.0000,45.3400,2322
2024-11-11,XNAS,45.6750,45.9100,45.6400,45.6600,1898
2024-11-12,XNAS,45.7500,45.8300,45.6700,45.7700,22004
2024-11-13,XNAS,45.6900,45.8350,45.6100,45.8500,11135
2024-11-14,XNAS,45.9200,46.1900,45.7450,45.7750,4792
2024-11-15,XNAS,45.1700,45.2600,44.7000,44.7500,3741
2024-11-18,XNAS,44.7950,44.9450,44.5450,44.9250,30685
2024-11-19,XNAS,44.8650,44.8650,44.3500,44.8450,1647
2024-11-20,XNAS,45.2200,45.2650,44.6800,44.9450,38232
2024-11-21,XNAS,45.1100,45.3950,44.7450,45.4900,7324
2024-11-22,XNAS,45.5850,46.0950,45.5550,45.9050,19484
2024-11-25,XNAS,46.0550,46.0550,45.7400,45.8600,1975
2024-11-26,XNAS,45.7950,45.9750,45.6250,45.9550,14295
2024-11-27,XNAS,45.8750,45.8750,45.0000,45.1000,13054
2024-11-28,XNAS,45.5700,45.5700,45.4350,45.5400,3452
2024-11-29,XNAS,45.4700,45.7300,45.4600,45.7300,1685
2024-12-02,XNAS,45.8900,46.5250,45.7650,46.4850,2339
2024-12-03,XNAS,46.4900,46.4900,46.2050,46.5050,30205
2024-12-04,XNAS,46.7400,47.0450,46.7100,46.8500,43666
2024-12-05,XNAS,46.9300,47.0300,46.8000,46.8500,14466
2024-12-06,XNAS,46.7150,47.1850,46.6200,47.0650,22000
2024-12-09,XNAS,47.2500,47.2750,46.7700,46.8100,9392
2024-12-10,XNAS,46.8550,47.2700,46.8350,47.0450,9912
2024-12-11,XNAS,47.0000,47.7500,46.9500,47.7500,9791
2024-12-12,XNAS,47.6800,47.7550,47.4750,47.6650,33235
2024-12-13,XNAS,47.8700,47.9250,47.5550,47.6300,27279
2024-12-16,XNAS,47.8150,48.3200,47.7500,48.3200,3612
2024-12-17,XNAS,48.4050,48.6050,48.1700,48.3650,21452
2024-12-18,XNAS,48.4050,48.5600,48.3700,48.4150,20802
2024-12-19,XNAS,47.1650,47.4850,47.0400,47.3700,31905
2024-12-20,XNAS,46.7150,47.4250,45.9950,47.3850,10311
2024-12-23,XNAS,47.4200,47.5000,47.2050,47.3750,14887
2024-12-27,XNAS,48.0800,48.1000,47.1550,47.3750,3348
2024-12-30,XNAS,47.4500,47.4900,46.7500,47.0600,4322
2025-01-02,XNAS,47.1850,47.5100,46.9800,47.4750,13106
2025-01-03,XNAS,47.2450,47.5550,47.0850,47.5550,1610
2025-01-06,XNAS,47.7250,48.1800,47.6500,48.1300,19455
2025-01-07,XNAS,47.6700,47.9300,47.2900,47.5500,15670
2025-01-08,XNAS,47.3650,47.5000,47.2700,47.4200,6285
2025-01-09,XNAS,47.1900,48.0000,47.1900,48.0000,4016
2025-01-10,XNAS,47.2850,47.3500,46.6350,46.8000,2456
2025-01-13,XNAS,46.7900,46.7900,46.3700,46.5400,54946
2025-01-14,XNAS,47.0250,47.0700,46.4400,46.5250,45315
2025-01-15,XNAS,46.4600,47.4700,46.4600,47.4550,38335
2025-01-16,XNAS,47.9150,47.9200,47.5100,47.5100,93833
2025-01-17,XNAS,47.4300,48.1600,47.3550,48.0300,7454
2025-01-20,XNAS,48.0000,48.0250,47.7200,47.7850,9494
2025-01-21,XNAS,47.7600,48.0600,47.5000,47.5600,19353
2025-01-22,XNAS,48.1100,48.5150,47.9550,48.5150,4592
2025-01-23,XNAS,48.3200,48.4500,48.1500,48.4500,35050
2025-01-24,XNAS,48.1700,48.2600,47.9300,47.9850,12103
2025-01-27,XNAS,46.6850,46.7800,45.3250,46.2800,50829
2025-01-28,XNAS,46.9200,47.2100,46.6050,47.0650,11739
2025-01-29,XNAS,47.7100,47.8100,47.2400,47.2950,32636
2025-01-30,XNAS,47.6800,47.8000,47.1300,47.4050,21495
2025-01-31,XNAS,48.0300,48.4900,48.0300,48.3550,10707
2025-02-03,XNAS,47.5000,47.7050,47.2550,47.7050,17572
2025-02-04,XNAS,47.6100,47.9400,47.4100,47.9300,18871
2025-02-05,XNAS,47.4750,47.6000,47.2750,47.6350,7525
2025-02-06,XNAS,48.1800,48.3400,48.1300,48.2350,26493
2025-02-07,XNAS,48.3350,48.5600,48.0100,48.1500,12704
2025-02-10,XNAS,48.3050,48.7050,48.2400,48.6800,8987
2025-02-11,XNAS,48.4700,48.5650,48.2750,48.4650,10045
2025-02-12,XNAS,48.2850,48.3650,47.8250,48.0400,22360
2025-02-13,XNAS,48.2050,48.5050,48.0350,48.4200,2747
2025-02-14,XNAS,48.6250,48.6250,48.3350,48.4400,14277
2025-02-17,XNAS,48.8000,48.8600,48.7150,48.7850,3056
2025-02-18,XNAS,49.0000,49.0550,48.6900,48.7800,6903
2025-02-19,XNAS,49.0000,49.0400,48.7500,49.0800,12395
2025-02-20,XNAS,48.8600,48.9300,48.3400,48.4150,33634
2025-02-21,XNAS,48.5300,48.8350,48.3250,48.3950,42886
2025-02-24,XNAS,47.6850,47.9100,47.1250,47.4400,64458
2025-02-25,XNAS,46.9550,46.9850,46.0350,46.0800,6393
2025-02-26,XNAS,46.6800,46.8250,46.5650,46.7600,4784
2025-02-27,XNAS,46.7050,47.1200,46.3450,46.6450,11217
2025-02-28,XNAS,45.6800,45.9550,45.3300,45.6750,38926
2025-03-03,XNAS,46.4400,46.4400,45.7000,45.7900,17298
2025-03-04,XNAS,44.9950,45.0250,44.0000,44.1650,12875
2025-03-05,XNAS,44.3800,44.3950,43.3250,43.4000,5893
2025-03-06,XNAS,43.8300,43.8300,43.1350,43.4200,9197
2025-03-07,XNAS,42.9250,42.9400,42.2000,42.2400,9214
2025-03-10,XNAS,42.7700,42.7700,41.5000,41.7100,26680
2025-03-11,XNAS,41.2500,41.4050,40.7200,40.8950,17096
2025-03-12,XNAS,41.2000,41.8300,41.0000,41.5550,23144
2025-03-13,XNAS,41.3100,41.6950,40.9450,40.9800,11790
2025-03-14,XNAS,41.2850,41.7600,41.1500,41.6000,7521
2025-03-17,XNAS,41.5750,41.8800,41.4600,41.5850,16302
2025-03-18,XNAS,41.7250,41.8100,41.0350,41.2300,63076
2025-03-19,XNAS,41.2550,41.8250,41.2550,41.7600,5532
2025-03-20,XNAS,42.1150,42.4150,41.6350,41.9450,21677
2025-03-21,XNAS,41.8750,41.9400,41.4400,41.9400,21236
2025-03-24,XNAS,42.5700,43.1250,42.5500,43.0850,2394
2025-03-25,XNAS,43.1300,43.3100,43.0000,43.2050,7232
2025-03-26,XNAS,43.3600,43.4250,42.8250,42.8150,30161
2025-03-27,XNAS,42.6350,42.7500,42.2700,42.5300,32727
2025-03-28,XNAS,42.1000,42.3650,41.1700,41.1850,22265
2025-03-31,XNAS,40.5900,40.7150,40.1800,40.6700,15270
2025-04-01,XNAS,41.1650,41.4900,40.8950,41.4600,7300
2025-04-02,XNAS,41.4950,41.5150,40.9900,41.5250,9140
2025-04-03,XNAS,39.7250,39.9650,38.5900,38.9650,11970
2025-04-04,XNAS,38.6000,38.7900,36.9800,37.4300,28658
2025-04-07,XNAS,34.4050,38.3550,34.3700,36.3600,23696
2025-04-08,XNAS,37.1950,38.5200,37.0950,37.8500,57538
2025-04-09,XNAS,35.8650,36.5250,34.9750,35.9800,65694
2025-04-10,XNAS,40.0200,40.0200,37.8350,37.8350,90277
2025-04-11,XNAS,37.8750,37.8750,36.7350,37.2600,57978
2025-04-14,XNAS,38.4050,39.0250,38.2650,38.2650,19952
2025-04-15,XNAS,38.4250,38.8300,38.2300,38.6500,27615
2025-04-16,XNAS,37.5500,38.0900,37.3300,37.7900,12722
2025-04-17,XNAS,37.5250,37.6100,36.8500,36.9850,13189
2025-04-22,XNAS,36.2200,36.7600,36.0400,36.6850,13833
2025-04-23,XNAS,37.8000,38.6950,37.7150,38.4600,32451
2025-04-24,XNAS,37.8500,38.8250,37.5500,38.7050,21856
2025-04-25,XNAS,39.3700,39.3700,38.8950,39.0800,33271
2025-04-28,XNAS,39.5350,39.6050,39.1400,38.9800,8499
2025-04-29,XNAS,39.4050,39.5400,39.0900,39.3950,6678
2025-04-30,XNAS,39.5300,39.6250,38.6900,39.3650,18277
2025-05-02,XNAS,40.4650,40.8600,40.3100,40.8400,12256
2025-05-05,XNAS,40.7150,40.7950,40.4650,40.7500,9060
2025-05-06,XNAS,40.5200,40.5200,39.9700,40.3950,55706
2025-05-07,XNAS,40.4550,40.5500,40.0900,40.1400,6138
2025-05-08,XNAS,41.1200,41.2800,40.7850,41.1950,15843
2025-05-09,XNAS,41.3150,41.4200,40.9300,41.1050,14024
2025-05-12,XNAS,42.7400,43.4700,42.6700,42.9950,8786
2025-05-13,XNAS,43.1600,43.8850,43.1450,43.8150,9043
2025-05-14,XNAS,43.8850,43.9050,43.4100,43.8900,8874
2025-05-15,XNAS,43.7950,44.0450,43.5600,44.0450,8596
2025-05-16,XNAS,43.8700,44.1900,43.8700,44.1900,2305
2025-05-19,XNAS,43.5500,43.8850,43.1500,43.7750,2422
2025-05-20,XNAS,43.8000,43.9500,43.6850,43.7950,6928
2025-05-21,XNAS,43.3150,43.6700,43.1200,43.6700,8498
2025-05-22,XNAS,43.1650,43.4950,42.9000,43.2750,3289
2025-05-23,XNAS,43.0750,43.1300,42.2000,42.6000,5806
2025-05-26,XNAS,42.9200,43.1400,42.9200,43.0200,3476
2025-05-27,XNAS,43.1000,43.4400,42.9850,43.4700,6675
2025-05-28,XNAS,43.6300,43.9000,43.5150,43.7700,2801
2025-05-29,XNAS,44.4650,44.6550,43.4900,43.4900,8259
2025-05-30,XNAS,43.4100,43.5350,43.1350,43.3250,2376
2025-06-02,XNAS,42.9850,43.3000,42.7550,43.0950,103865
2025-06-03,XNAS,43.3650,43.9200,43.2050,43.9150,6298
2025-06-04,XNAS,43.9750,44.0750,43.8200,43.9150,25176
2025-06-05,XNAS,43.9900,44.1550,43.6050,44.1750,17987
2025-06-06,XNAS,43.7800,44.3000,43.7200,44.1300,18679
2025-06-09,XNAS,43.9850,44.2850,43.9450,44.1250,11563
2025-06-10,XNAS,44.1800,44.2300,44.0450,44.0550,2055
2025-06-11,XNAS,44.3250,44.3900,44.1900,44.2500,7493
2025-06-12,XNAS,43.8000,43.8300,43.3000,43.7350,20504
2025-06-13,XNAS,43.2400,43.6850,43.2400,43.5300,6861
2025-06-16,XNAS,43.4350,43.8200,43.3650,43.8200,12771
2025-06-17,XNAS,43.6450,43.8700,43.5800,43.8350,28674
2025-06-18,XNAS,43.6850,43.8900,43.6850,43.7550,11857
2025-06-19,XNAS,43.6600,43.6600,43.2000,43.2950,9714
2025-06-20,XNAS,43.5400,43.9500,43.2800,43.3900,19243
2025-06-23,XNAS,43.3950,43.6950,43.3950,43.5000,7194
2025-06-24,XNAS,44.0500,44.1050,43.9200,44.0250,8336
2025-06-25,XNAS,44.2100,44.4600,44.1900,44.2200,6930
2025-06-26,XNAS,44.1050,44.1450,43.9800,44.1500,30342
2025-06-27,XNAS,44.4150,44.5600,44.3100,44.5300,3925
2025-06-30,XNAS,44.5850,44.7300,44.4450,44.4900,3452
2025-07-01,XNAS,44.4850,44.4850,44.0000,44.1350,22763
2025-07-02,XNAS,44.3050,44.4000,43.9900,44.3500,7255
2025-07-03,XNAS,44.4350,44.9650,44.3850,44.9200,9917
2025-07-04,XNAS,44.7450,44.7450,44.5650,44.5800,6756
2025-07-07,XNAS,44.7300,44.9000,44.7250,44.7500,3015
2025-07-08,XNAS,44.7350,44.9050,44.7250,44.8100,4951
2025-07-09,XNAS,44.7300,45.2500,44.7300,44.9900,13284
2025-07-10,XNAS,44.9450,45.2050,44.9350,45.1350,5159
2025-07-11,XNAS,45.0900,45.1600,44.8300,45.0000,5352
2025-07-14,XNAS,44.9200,45.1600,44.8050,45.1600,10727
2025-07-15,XNAS,45.4950,45.7800,45.4250,45.7800,42309
2025-07-16,XNAS,45.3500,45.6750,44.9000,44.9000,5656
2025-07-17,XNAS,45.8400,46.0150,45.7000,45.9700,4279
2025-07-18,XNAS,45.9900,45.9900,45.6900,45.7200,2632
2025-07-21,XNAS,45.9050,46.0000,45.7400,45.8450,23227
2025-07-22,XNAS,45.8050,45.8700,45.3700,45.4100,645
2025-07-23,XNAS,45.5000,45.5700,45.3350,45.4550,7094
2025-07-24,XNAS,45.6400,45.7500,45.5600,45.5900,14621
2025-07-25,XNAS,45.7300,45.8650,45.6600,45.8350,13162
2025-07-28,XNAS,46.1900,46.4650,46.1700,46.4150,7637
2025-07-29,XNAS,46.8950,47.1300,46.7950,46.7300,6178
2025-07-30,XNAS,46.7300,47.1150,46.6750,47.0100,6920
2025-07-31,XNAS,47.7650,47.9150,47.2900,47.3050,14270
2025-08-01,XNAS,46.7600,46.7600,45.3500,45.6100,10976
2025-08-04,XNAS,45.6600,46.2350,45.6600,46.1500,9023
2025-08-05,XNAS,46.5400,46.6500,46.0750,46.0250,4279
2025-08-06,XNAS,46.1400,46.1450,45.8300,46.0950,1653
2025-08-07,XNAS,46.2900,46.7500,46.2850,46.5050,13540
2025-08-08,XNAS,46.4850,46.7650,46.4850,46.6550,7408
2025-08-11,XNAS,46.9000,47.1150,46.7800,47.0750,3241
2025-08-12,XNAS,46.9000,47.1200,46.7300,46.9450,17409
2025-08-13,XNAS,47.2050,47.2800,46.9950,47.0100,2619
2025-08-14,XNAS,47.1400,47.3250,47.0000,47.2300,10198
2025-08-18,XNAS,46.9250,46.9700,46.8400,46.8600,5062
2025-08-19,XNAS,46.9050,46.9850,46.4900,46.5500,2813
2025-08-20,XNAS,46.3300,46.3750,45.5100,45.8900,4579
2025-08-21,XNAS,46.2550,46.2550,45.9500,46.1400,14444
2025-08-22,XNAS,46.0750,46.5550,46.0750,46.4450,3461
2025-08-25,XNAS,46.3150,46.5850,46.1900,46.5800,2620
2025-08-26,XNAS,46.5250,46.5650,46.4000,46.5150,1828
2025-08-27,XNAS,46.8600,47.0100,46.7950,46.8750,2144
2025-08-28,XNAS,46.8600,46.9100,46.6000,46.8200,5123
2025-08-29,XNAS,46.9250,46.9300,46.1850,46.2700,15107
2025-09-01,XNAS,46.2050,46.3550,46.1650,46.3550,1940
2025-09-02,XNAS,46.2400,46.3050,45.7300,45.7300,3292
2025-09-03,XNAS,46.3750,46.4750,46.3150,46.2900,4589
2025-09-04,XNAS,46.5300,46.6900,46.5050,46.7050,7477
2025-09-05,XNAS,47.0250,47.0800,46.1800,46.4700,4909
2025-09-08,XNAS,46.8000,46.9450,46.7350,46.9450,8774
2025-09-09,XNAS,46.8300,46.9350,46.8000,46.8550,2050
2025-09-10,XNAS,47.3050,47.3700,47.1250,47.1400,9344
2025-09-11,XNAS,47.2900,47.4450,47.1500,47.3250,20348
2025-09-12,XNAS,47.2850,47.5300,47.2300,47.4950,12889
2025-09-15,XNAS,47.6000,47.7000,47.4150,47.6550,10002
2025-09-16,XNAS,47.7300,47.8350,47.3800,47.4000,2906
2025-09-17,XNAS,47.4650,47.4750,47.1600,47.1600,7197
2025-09-18,XNAS,47.7950,48.1850,47.6850,48.1750,17500
2025-09-19,XNAS,48.0450,48.3000,48.0000,48.2250,4559
2025-09-22,XNAS,48.4000,48.5050,48.1850,48.4800,5094
2025-09-23,XNAS,48.5850,48.6150,48.4400,48.5000,4697
2025-09-24,XNAS,48.3400,48.5650,48.3100,48.3850,2550
2025-09-25,XNAS,48.2200,48.3900,47.8950,48.2800,4695
2025-09-26,XNAS,48.3550,48.5900,48.1050,48.2650,6114
2025-09-29,XNAS,48.5800,48.7450,48.5450,48.5850,3213
2025-09-30,XNAS,48.4650,48.5500,48.3350,48.4450,3320
2025-10-01,XNAS,48.0550,48.7150,47.9800,48.7150,10800
2025-10-02,XNAS,48.9700,49.2050,48.9700,49.1200,16424
2025-10-03,XNAS,49.2950,49.3050,48.9300,49.1050,4216
2025-10-06,XNAS,49.2600,49.5650,49.1550,49.3050,7957
2025-10-07,XNAS,49.4100,49.7150,49.2650,49.2900,25468
2025-10-08,XNAS,49.5100,49.8800,49.4350,49.8800,5916
2025-10-09,XNAS,50.0800,50.1200,49.9700,50.1200,51664
2025-10-10,XNAS,50.2500,50.3900,48.8850,48.8850,11036
2025-10-13,XNAS,49.1450,49.4300,49.0700,49.3950,10417
2025-10-14,XNAS,48.9750,49.0950,48.4550,48.9900,3509
2025-10-15,XNAS,49.1700,49.6050,49.1300,49.3600,3695
2025-10-16,XNAS,49.3650,49.4850,49.2800,49.3450,9872
2025-10-17,XNAS,48.2250,49.1200,47.9550,48.7400,11306
2025-10-20,XNAS,49.5100,49.9000,49.4100,49.8850,4616
2025-10-21,XNAS,49.9200,50.0800,49.9000,50.0200,6135
2025-10-22,XNAS,50.0900,50.1900,49.5500,49.5500,2590
2025-10-23,XNAS,49.7900,49.9200,49.5150,49.9200,4202
2025-10-27,XNAS,51.0200,51.2200,50.9900,51.2100,12769
2025-10-28,XNAS,51.2600,51.5800,51.1900,51.4700,6154
2025-10-29,XNAS,52.0200,52.0500,51.7300,51.7700,5963
2025-10-30,XNAS,52.0600,52.1400,51.6600,51.9100,1956
2025-10-31,XNAS,52.1700,52.2700,51.8700,51.9000,3853
2025-11-03,XNAS,51.9700,52.5300,51.9700,52.0800,10512
2025-11-04,XNAS,51.4500,51.9100,51.3600,51.6200,8190
2025-11-05,XNAS,51.0500,51.6100,50.9400,51.6300,9484
2025-11-06,XNAS,51.2900,51.5600,50.5000,50.5200,8326
2025-11-07,XNAS,50.6300,50.6400,49.2900,49.3100,8957
2025-11-10,XNAS,50.7400,51.1500,50.7300,50.8600,3491
2025-11-11,XNAS,51.1800,51.1800,50.7400,50.7000,2212
2025-11-12,XNAS,51.3000,51.4200,50.7900,50.8500,4467
2025-11-13,XNAS,50.9600,50.9800,49.9000,49.9900,13200
2025-11-14,XNAS,49.5400,49.9550,48.8250,50.1100,20306
2025-11-17,XNAS,50.2800,50.3400,49.6050,49.8350,3546
2025-11-18,XNAS,49.2100,49.4400,48.5200,49.1050,6996
2025-11-19,XNAS,48.9650,49.8400,48.9650,49.3850,1249
2025-11-20,XNAS,50.3500,50.6600,49.8700,49.8050,14401
2025-11-21,XNAS,48.1850,48.7250,47.9500,48.5050,9506
2025-11-24,XNAS,49.0400,49.8200,48.7900,49.7800,4657
2025-11-25,XNAS,49.9100,49.9150,49.1000,49.5950,8740
2025-11-26,XNAS,50.2600,50.4500,50.1600,50.4200,7742
2025-11-27,XNAS,50.4500,50.5100,50.3800,50.3700,579
2025-11-28,XNAS,50.6400,50.7800,50.5300,50.5600,1294
2025-12-01,XNAS,50.3100,50.4600,50.0000,50.4600,4243
2025-12-02,XNAS,50.4300,51.0900,50.4300,50.6700,8699
2025-12-03,XNAS,50.9400,50.9500,50.4200,50.6400,1659
2025-12-04,XNAS,50.8400,50.8400,50.6400,50.7100,2302
2025-12-05,XNAS,51.0200,51.3200,50.8500,51.0200,2536
2025-12-08,XNAS,51.1300,51.2200,51.0000,51.0000,3390
2025-12-09,XNAS,51.0600,51.0600,50.8400,51.0300,1995
2025-12-10,XNAS,51.0800,51.1200,50.8500,50.9100,2173
2025-12-11,XNAS,50.4600,50.7200,50.0700,50.1400,5340
2025-12-12,XNAS,50.5900,50.6200,49.6450,49.6450,3980
2025-12-15,XNAS,49.8100,50.0300,49.4150,49.5900,3773
2025-12-16,XNAS,49.0100,49.3000,48.9700,49.1100,1970
2025-12-17,XNAS,49.7350,49.8950,48.8150,48.8150,586
2025-12-18,XNAS,48.9300,49.6250,48.9100,49.5350,3036
2025-12-19,XNAS,49.6900,50.0500,49.5000,49.9950,880
2025-12-22,XNAS,50.2800,50.3100,50.0000,50.1600,5055
2025-12-23,XNAS,50.0400,50.1800,49.9200,50.1800,3242
2025-12-29,XNAS,50.3000,50.3300,50.0400,50.1600,14758
2025-12-30,XNAS,50.1900,50.3500,50.1500,50.3200,822
2026-01-02,XNAS,50.2400,50.5100,49.5000,49.7200,15617
2026-01-05,XNAS,50.1200,50.5000,50.1000,50.4300,3990
2026-01-06,XNAS,50.2300,50.6800,50.1000,50.5200,2206
2026-01-07,XNAS,50.7300,51.0000,50.6000,50.9500,10800
2026-01-08,XNAS,50.7500,50.8600,50.4300,50.5400,23981
2026-01-09,XNAS,50.6900,51.1700,50.6900,51.1400,8477
2026-01-12,XNAS,50.7000,51.1400,50.5000,51.1000,7311
2026-01-13,XNAS,51.1300,51.3600,51.0000,51.2000,2736
2026-01-14,XNAS,51.1000,51.1200,50.3100,50.4300,2702
2026-01-15,XNAS,50.8300,51.4900,50.8300,51.3200,5196
2026-01-16,XNAS,51.2400,51.2400,50.8300,51.0500,5710
2026-01-19,XNAS,50.2300,50.3100,49.9400,50.0700,8353
2026-01-20,XNAS,49.7300,49.8650,49.3000,49.8350,13173
2026-01-21,XNAS,49.5500,50.1100,49.1650,50.0900,5903
2026-01-22,XNAS,50.4600,50.6400,50.2000,50.3500,3161
2026-01-23,XNAS,50.4100,50.6300,50.1400,50.4400,3270
2026-01-26,XNAS,50.0100,50.1300,49.7350,50.2200,1675
2026-01-27,XNAS,50.4600,50.4600,50.0000,50.2000,1105
2026-01-28,XNAS,50.5600,50.6900,50.4600,50.5000,4511
2026-01-29,XNAS,50.4800,50.5800,49.3400,49.5750,6559
2026-01-30,XNAS,49.6450,50.1800,49.6100,50.0600,1707
2026-02-02,XNAS,49.3400,50.6100,49.3300,50.5700,5208
2026-02-03,XNAS,50.7600,50.8100,49.7700,49.7750,4239
2026-02-04,XNAS,49.6650,49.7350,48.9850,49.0050,4111
2026-02-05,XNAS,49.0150,49.0950,47.9600,48.4850,4301
2026-02-06,XNAS,47.9850,48.8150,47.9750,48.8300,5396
2026-02-09,XNAS,49.0000,49.1950,48.5000,49.1950,2907
2026-02-10,XNAS,49.1000,49.3150,49.0900,49.1450,1303
2026-02-11,XNAS,48.9500,49.5000,48.7750,49.0050,3924
2026-02-12,XNAS,49.2950,49.3650,48.3350,48.2950,5182
2026-02-13,XNAS,48.1850,48.5150,47.8900,48.3600,19196
2026-02-16,XNAS,48.3600,48.5000,48.1450,48.1450,3553
2026-02-17,XNAS,48.2150,48.3650,47.8000,48.2750,2495
2026-02-18,XNAS,48.5200,49.0550,48.4100,49.0550,3085
2026-02-19,XNAS,48.9550,49.0400,48.6750,48.9100,3352
2026-02-20,XNAS,49.0300,49.2200,48.6100,48.9950,4523
2026-02-23,XNAS,48.6750,48.9550,48.3900,48.5100,2394
2026-02-24,XNAS,48.6700,49.0950,48.4900,49.0100,2443
2026-02-25,XNAS,49.0700,49.7150,49.0700,49.5400,2183
2026-02-26,XNAS,49.6500,49.7650,48.7900,49.1300,1982
2026-02-27,XNAS,49.0850,49.1600,48.5500,48.9000,3578
2026-03-02,XNAS,48.4150,49.4750,48.3900,49.3000,6836
2026-03-03,XNAS,49.0000,49.1350,48.6850,49.1400,4428
2026-03-04,XNAS,49.0950,49.9700,49.0950,49.9250,6684
2026-03-05,XNAS,49.9350,50.2000,49.8300,49.9650,3817
2026-03-09,XNAS,48.6050,49.3300,48.5600,49.2850,9917
2026-03-10,XNAS,49.8000,50.0300,49.5500,49.9400,4322
2026-03-11,XNAS,49.8350,50.1000,49.7500,49.9050,15379
2026-03-12,XNAS,49.8900,49.9200,49.4300,49.5650,2648
2026-03-13,XNAS,49.4000,49.9600,49.4000,49.4750,6188
2026-03-16,XNAS,49.7050,49.8350,49.5550,49.7050,2906
2026-03-17,XNAS,49.5350,49.9950,49.4050,49.7850,3773
2026-03-18,XNAS,50.1400,50.1400,49.5450,49.5450,1427
2026-03-19,XNAS,49.2750,49.3200,48.7250,48.7250,18337
2026-03-20,XNAS,48.7950,48.8550,48.2550,48.2650,7011
2026-03-23,XNAS,47.5600,48.9250,47.5450,48.3400,7227
2026-03-24,XNAS,48.4450,48.4450,47.9700,48.2250,5875
2026-03-25,XNAS,48.4400,48.5650,48.4150,48.4750,10300
2026-03-26,XNAS,48.2900,48.2900,47.8250,47.8350,3081
2026-03-27,XNAS,47.6500,47.6500,46.7750,46.8650,9874
2026-03-30,XNAS,46.6900,47.1100,46.6850,46.9800,9012
2026-03-31,XNAS,46.6900,47.0300,46.6400,46.9450,3170
2026-04-01,XNAS,47.9750,48.1200,47.7000,48.1200,7279
2026-04-02,XNAS,47.5250,48.1850,47.3000,48.1450,2226
2026-04-07,XNAS,48.3250,48.5650,47.6450,47.8650,5812
2026-04-08,XNAS,49.5200,49.6900,49.2150,49.3050,10815
2026-04-09,XNAS,49.4050,49.4400,49.2550,49.4400,1332
2026-04-10,XNAS,49.7250,49.8000,49.6450,49.7250,2133
2026-04-13,XNAS,49.4950,49.8650,49.4250,49.7950,2768
2026-04-14,XNAS,50.0400,50.4300,50.0400,50.4300,2936
2026-04-15,XNAS,50.7800,51.1300,50.7400,51.1100,13514
2026-04-16,XNAS,51.6900,51.8400,51.5100,51.7700,16226
2026-04-17,XNAS,51.8000,52.4100,51.7600,52.4100,15402
2026-04-20,XNAS,52.3000,52.4400,52.0600,52.2000,7732
2026-04-21,XNAS,52.5000,52.6700,52.2800,52.4500,3225
2026-04-22,XNAS,52.6200,53.0900,52.5500,53.0600,7296
2026-04-23,XNAS,53.1600,53.4400,53.0400,53.4400,10081
2026-04-24,XNAS,53.4800,53.8500,53.4400,53.8400,4947
2026-04-27,XNAS,53.9400,54.0000,53.7000,53.7300,5602
2026-04-28,XNAS,53.9300,53.9400,53.2200,53.2200,29416
2026-04-29,XNAS,53.7700,53.8900,53.5600,53.8100,20964
2026-04-30,XNAS,53.9400,54.2900,53.5500,53.9000,3845
2026-05-04,XNAS,54.9100,55.0600,54.6000,54.7300,8579
2026-05-05,XNAS,55.0800,55.5000,55.0300,55.4500,4698
2026-05-06,XNAS,55.7500,56.1400,55.7200,56.1200,8601
2026-05-07,XNAS,56.4300,56.7600,56.2800,56.6700,6788
2026-05-08,XNAS,56.6700,57.2400,56.5800,57.2400,3983
2026-05-11,XNAS,57.5400,57.6900,57.3500,57.6600,12258
2026-05-12,XNAS,57.4200,57.6200,56.8300,56.9300,9122
2026-05-13,XNAS,57.7800,58.0800,57.3800,57.8100,2977
2026-05-14,XNAS,58.3900,58.8500,58.1600,58.8400,8966
2026-05-15,XNAS,58.3900,58.4800,57.9000,58.3300,11119
2026-05-18,XNAS,57.8400,58.2900,57.4600,57.5700,5001
2026-05-19,XNAS,57.6200,57.8200,57.1400,57.3600,13671
2026-05-20,XNAS,57.8500,58.2800,57.8500,58.2600,2336
2026-05-21,XNAS,58.2800,58.5300,58.1400,58.3300,24186
2026-05-22,XNAS,58.8700,59.2000,58.7200,59.1700,4831
2026-05-25,XNAS,59.5300,59.5800,59.4200,59.4700,16361
2026-05-26,XNAS,59.2700,59.9000,59.1200,59.7100,8870
2026-05-27,XNAS,59.7800,60.2500,59.3800,59.5500,8481
2026-05-28,XNAS,59.6100,60.0600,59.5000,60.0700,12205
2026-05-29,XNAS,60.2600,60.6500,60.1600,60.2200,4624
2026-06-01,XNAS,60.6900,60.7900,60.2900,60.7900,21451
2026-06-02,XNAS,60.6500,61.0100,60.4900,61.0100,11571
2026-06-03,XNAS,61.1600,61.4700,60.8500,61.1000,5239
2026-06-04,XNAS,60.8800,60.9000,59.9800,60.6200,7361
2026-06-05,XNAS,59.9700,60.1300,59.5500,59.5500,17638
2026-06-08,XNAS,58.5000,59.6600,58.4900,59.3700,15975
2026-06-09,XNAS,59.5300,59.6700,57.8200,57.8200,18904
2026-06-10,XNAS,58.1000,58.5200,57.4500,57.6900,16998
2026-06-11,XNAS,57.8100,58.3300,57.5100,57.9500,11925
2026-06-12,XNAS,58.7400,59.5200,58.6200,59.4300,12914
2026-06-15,XNAS,60.3600,60.9900,60.3100,60.9600,21405
2026-06-16,XNAS,61.0500,61.2600,60.4000,60.4300,6637
2026-06-17,XNAS,60.4200,60.4400,60.0000,60.2400,3840
2026-06-18,XNAS,60.6200,61.2300,60.5800,61.1500,6524
2026-06-19,XNAS,61.2900,61.4400,61.1400,61.4100,5992
2026-06-22,XNAS,61.6300,62.1400,61.3700,61.3700,8140
2026-06-23,XNAS,60.2100,60.5700,59.8000,60.0900,13732
2026-06-24,XNAS,60.2400,60.4900,59.8900,60.2000,13048
2026-06-25,XNAS,60.9200,61.1600,59.3600,59.8000,13910
2026-06-26,XNAS,59.5100,59.6200,58.7900,59.6000,6445
2026-06-29,XNAS,59.5900,59.9900,59.2300,59.8100,4424
2026-06-30,XNAS,60.7300,61.2600,60.5000,61.2300,2184
2026-07-01,XNAS,61.2300,61.3800,60.8000,61.2400,4836
2026-07-02,XNAS,60.3700,60.8400,59.5700,59.8300,5091
2026-07-03,XNAS,59.9600,60.1700,59.9100,60.1200,703
2026-07-06,XNAS,60.1300,60.5500,60.0800,60.5500,17207
2026-07-07,XNAS,59.8400,59.8600,58.8400,58.9500,37898
2026-07-08,XNAS,59.0600,59.2700,58.4000,58.7600,8821
2026-07-09,XNAS,59.6700,60.2200,59.6500,60.1700,5875
2026-07-10,XNAS,60.0400,60.4100,59.8800,60.3800,25795
2026-07-13,XNAS,59.8400,60.0200,59.5700,60.0000,9673
2026-07-14,XNAS,59.8100,60.1100,59.5800,60.1500,1293
2026-07-15,XNAS,60.5300,60.5300,59.6100,59.7100,4699
2026-07-16,XNAS,59.5900,59.6000,58.8900,59.2700,6743
2026-07-17,XNAS,57.8900,58.1900,57.3400,57.9400,37198
2026-07-20,XNAS,58.0900,58.8600,58.0900,58.6400,4825
2026-07-21,XNAS,58.8400,59.1900,58.7600,59.2200,3762
2026-07-22,XNAS,58.8100,59.2600,58.6000,59.2200,31768
2026-07-23,XNAS,58.6900,58.8700,57.7500,57.8600,34904
2026-07-24,XNAS,57.9000,58.1600,57.4000,57.7500,3490
2026-07-27,XNAS,58.0900,58.2300,56.7100,56.8300,16197
2026-07-28,XNAS,56.7400,56.9100,56.0200,56.6600,8521
2026-07-29,XNAS,56.5300,56.7700,55.7100,55.8700,23433
2026-07-30,XNAS,55.4800,56.6500,55.1600,56.2800,11112
2026-07-31,XNAS,57.1100,57.7300,56.5700,56.6000,15938
2026-08-03,XNAS,57.2800,57.7900,56.7100,57.7600,6441
2026-08-04,XNAS,58.4000,59.4600,58.2500,59.4100,23364
2026-08-05,XNAS,59.9900,60.1200,59.6000,59.6700,16010
2026-08-06,XNAS,59.0900,59.4100,58.6000,59.2800,5264
2026-08-07,XNAS,59.2800,59.6600,59.2700,59.6600,7622
2026-08-10,XNAS,59.8500,59.9200,59.4700,59.5500,2705
2026-08-11,XNAS,59.5900,59.8600,59.3200,59.4500,27191
2026-08-12,XNAS,59.5800,60.0000,59.5800,59.8300,13393
2026-08-13,XNAS,59.9500,60.6400,59.8000,60.4500,8373
2026-08-14,XNAS,60.4800,60.5500,60.0000,60.0100,17793
2026-08-17,XNAS,60.4700,60.5000,60.1500,60.3800,12656
2026-08-18,XNAS,59.7100,59.7200,59.0000,59.1200,4980
2026-08-19,XNAS,58.9300,59.1700,58.2900,58.7400,10977
2026-08-20,XNAS,58.7000,58.7500,57.9400,58.0600,6541
2026-08-21,XNAS,58.1600,58.4200,57.9300,58.2800,9707
2026-08-24,XNAS,57.7800,58.0200,57.4800,57.7900,9660
2026-08-25,XNAS,58.1300,58.3700,57.9900,58.0800,1516
2026-08-26,XNAS,58.0300,58.2500,57.8700,58.1000,4925
2026-08-27,XNAS,58.6100,58.9400,58.6000,58.7800,3100
2026-08-28,XNAS,58.9400,59.4200,58.8300,59.4200,4099
2026-08-31,XNAS,58.9900,59.0100,58.6200,58.6200,6690
2026-09-01,XNAS,58.9600,59.0300,58.0700,58.4200,34114
2026-09-02,XNAS,58.2800,58.3800,57.9500,58.3400,1036
2026-09-03,XNAS,58.2900,58.9100,58.1600,58.8700,23725
2026-09-04,XNAS,58.9400,59.2400,58.8200,58.8500,3158
2026-09-07,XNAS,59.2300,59.2400,58.9300,58.9600,8733
2026-09-08,XNAS,59.0600,59.1600,58.7800,59.0300,11791
2024-09-09,XRS2,276.8900,279.8000,276.8900,278.3600,4322
2024-09-10,XRS2,277.1100,277.6300,276.6100,276.6100,2143
2024-09-11,XRS2,275.7000,277.2000,273.1000,274.5400,872
2024-09-12,XRS2,279.4900,281.2600,279.2000,281.3800,613
2024-09-13,XRS2,281.8200,286.7100,281.6200,286.4300,1272
2024-09-16,XRS2,288.2700,288.8500,286.2900,286.6500,1817
2024-09-17,XRS2,287.6600,292.9900,287.6600,292.8200,1763
2024-09-18,XRS2,290.0500,290.6400,289.3500,289.5500,2010
2024-09-19,XRS2,294.4000,298.0000,293.2300,294.6100,1812
2024-09-20,XRS2,293.7500,294.4200,292.8600,292.8600,7855
2024-09-23,XRS2,292.8600,294.6300,290.7800,290.8900,9448
2024-09-24,XRS2,292.8100,292.8200,291.1100,291.0500,2795
2024-09-25,XRS2,288.9200,290.3600,288.8800,289.6400,1338
2024-09-26,XRS2,289.7900,291.4300,288.9700,289.6100,1155
2024-09-27,XRS2,289.6200,293.5800,289.4600,293.3500,377
2024-09-30,XRS2,290.6700,292.5000,288.1000,292.3900,254
2024-10-01,XRS2,292.2700,293.0000,288.3200,290.4700,367
2024-10-02,XRS2,289.6100,291.2100,287.7700,290.8600,425
2024-10-03,XRS2,290.4900,290.4900,287.9900,289.4600,818
2024-10-04,XRS2,289.6200,296.0000,289.6200,293.1900,2815
2024-10-07,XRS2,294.6500,294.9200,291.9200,292.6800,1354
2024-10-08,XRS2,291.2600,293.1600,291.0400,292.8000,148
2024-10-09,XRS2,291.8300,295.2900,291.2300,295.2900,211
2024-10-10,XRS2,293.7500,294.1600,289.8300,291.8900,745
2024-10-11,XRS2,291.7000,296.6700,290.8200,296.6800,501
2024-10-14,XRS2,299.4200,300.0000,298.4600,300.0000,390
2024-10-15,XRS2,301.7300,303.2500,300.4000,303.2500,1056
2024-10-16,XRS2,303.1500,307.5900,303.0900,307.4200,2399
2024-10-17,XRS2,308.3100,309.6200,306.4600,306.8500,2486
2024-10-18,XRS2,307.0600,309.1300,306.4800,306.7000,634
2024-10-21,XRS2,306.5300,307.0500,302.1200,302.2300,438
2024-10-22,XRS2,301.6900,302.1700,300.3200,301.7300,1885
2024-10-23,XRS2,302.2700,302.3500,299.7200,299.9800,308
2024-10-24,XRS2,301.2600,301.2700,300.1600,299.7100,3495
2024-10-25,XRS2,300.2000,301.9800,300.2000,300.4100,526
2024-10-28,XRS2,300.3300,303.5400,300.3300,303.3300,554
2024-10-29,XRS2,304.1300,304.1300,301.5400,301.6600,464
2024-10-30,XRS2,301.6500,303.5000,300.7700,302.5400,2214
2024-10-31,XRS2,299.7800,300.5500,296.7900,298.5600,1478
2024-11-01,XRS2,295.5000,298.7600,295.5000,298.7600,157
2024-11-04,XRS2,295.6300,298.8100,295.6300,299.4200,105
2024-11-05,XRS2,298.6000,300.1300,297.4300,299.6900,551
2024-11-06,XRS2,323.3100,328.9800,321.0000,322.3800,67999
2024-11-07,XRS2,326.3500,328.7300,322.2700,324.1600,3920
2024-11-08,XRS2,323.9900,326.4100,323.0400,326.3400,1022
2024-11-11,XRS2,331.2900,334.6200,331.1500,334.4400,2763
2024-11-12,XRS2,334.6000,335.5500,331.7400,331.7500,1581
2024-11-13,XRS2,328.8100,333.5300,328.2100,333.3500,2576
2024-11-14,XRS2,329.2800,332.3600,326.6000,326.4400,2213
2024-11-15,XRS2,322.6300,324.2100,320.3100,320.9800,1676
2024-11-18,XRS2,320.5600,321.5500,318.5000,321.1300,571
2024-11-19,XRS2,319.4800,319.4800,314.5300,319.4800,2574
2024-11-20,XRS2,322.7300,322.8800,319.7300,321.7700,6052
2024-11-21,XRS2,323.1900,329.7000,321.7700,329.6400,3836
2024-11-22,XRS2,330.4400,337.1800,330.4400,337.1800,1589
2024-11-25,XRS2,340.4200,344.0000,338.2000,343.1200,9382
2024-11-26,XRS2,339.3200,339.4300,337.0000,339.6900,723
2024-11-27,XRS2,338.5500,339.8200,336.1000,336.6200,2147
2024-11-28,XRS2,338.0100,339.5500,337.6500,339.4100,4626
2024-11-29,XRS2,338.9000,340.0000,337.6500,337.9600,1431
2024-12-02,XRS2,339.3100,340.7500,337.9500,339.3000,8077
2024-12-03,XRS2,339.1900,339.2600,336.3100,336.3100,3921
2024-12-04,XRS2,336.7400,339.0200,336.4500,337.7400,2183
2024-12-05,XRS2,336.6700,337.7400,333.4800,334.5200,4698
2024-12-06,XRS2,331.4500,334.2900,331.0700,332.9400,1775
2024-12-09,XRS2,334.6700,336.1000,331.7000,333.3900,1819
2024-12-10,XRS2,332.4900,333.9100,331.6400,333.8900,1217
2024-12-11,XRS2,332.5100,335.0700,332.0000,333.8400,1186
2024-12-12,XRS2,333.4000,333.9100,330.9200,332.1000,4562
2024-12-13,XRS2,330.8200,330.8500,327.1500,327.1500,2991
2024-12-16,XRS2,327.1500,329.7500,327.0000,329.2400,4542
2024-12-17,XRS2,327.9300,329.2000,325.0000,325.7000,3199
2024-12-18,XRS2,326.5900,328.7500,325.7000,327.8600,1611
2024-12-19,XRS2,315.1400,319.4500,313.0000,315.0000,8601
2024-12-20,XRS2,311.0400,317.2200,308.4600,317.2200,2325
2024-12-23,XRS2,316.7400,316.9800,312.1500,313.7100,981
2024-12-27,XRS2,318.5600,319.0400,314.7200,314.8000,1157
2024-12-30,XRS2,314.0000,314.9300,310.5700,312.9200,819
2025-01-02,XRS2,317.2500,321.2500,316.6900,321.0700,901
2025-01-03,XRS2,318.9900,321.1200,317.5000,319.8200,855
2025-01-06,XRS2,321.4600,322.4200,320.6000,322.1600,884
2025-01-07,XRS2,318.0000,320.7500,318.0000,318.9300,454
2025-01-08,XRS2,318.6200,319.4500,314.5000,317.0800,788
2025-01-09,XRS2,317.4500,318.2300,316.5100,317.9900,720
2025-01-10,XRS2,317.3000,317.6000,311.8000,311.7700,527
2025-01-13,XRS2,310.7700,311.4400,309.5300,310.9200,3158
2025-01-14,XRS2,315.0200,316.4400,313.7500,313.7500,1848
2025-01-15,XRS2,316.0400,323.7100,316.0400,321.5800,6074
2025-01-16,XRS2,321.5800,322.4700,320.9000,322.3700,542
2025-01-17,XRS2,323.0100,326.3400,323.0000,323.7600,864
2025-01-20,XRS2,323.2900,325.1000,322.2200,323.9700,764
2025-01-21,XRS2,323.5000,324.9600,323.0000,324.8400,1181
2025-01-22,XRS2,325.9100,326.5500,323.3500,323.7900,2971
2025-01-23,XRS2,324.2100,325.0700,322.0100,325.0700,1068
2025-01-24,XRS2,324.0600,324.0600,321.1700,323.2400,1350
2025-01-27,XRS2,319.2300,322.5500,317.0100,319.0000,1844
2025-01-28,XRS2,319.5000,321.4000,319.5000,319.6700,2345
2025-01-29,XRS2,321.9600,323.7800,321.4800,321.6700,601
2025-01-30,XRS2,324.7200,325.3000,322.9100,324.7800,1074
2025-01-31,XRS2,324.2700,326.5200,324.2700,325.7400,1264
2025-02-03,XRS2,318.2300,322.8600,317.9400,322.8600,1725
2025-02-04,XRS2,318.8600,322.0000,318.6000,321.7300,1483
2025-02-05,XRS2,322.2200,324.1700,321.9200,324.2300,773
2025-02-06,XRS2,327.2100,328.6900,326.8000,327.5300,859
2025-02-07,XRS2,325.5300,326.1600,322.6600,323.4600,3804
2025-02-10,XRS2,324.8300,326.0700,323.8100,324.6500,614
2025-02-11,XRS2,323.9400,323.9500,321.8000,322.5300,462
2025-02-12,XRS2,321.8000,323.3900,316.9600,317.2800,1056
2025-02-13,XRS2,316.9600,320.4700,316.9200,317.2300,830
2025-02-14,XRS2,319.1000,319.9100,318.4700,318.1800,727
2025-02-17,XRS2,319.2000,319.7300,318.1900,318.7100,782
2025-02-18,XRS2,319.5200,321.0200,319.2200,320.4200,1304
2025-02-19,XRS2,321.3400,321.3400,318.8900,321.1900,6779
2025-02-20,XRS2,319.5400,319.9700,314.8600,315.1700,1533
2025-02-21,XRS2,315.9200,318.8600,312.7300,313.2700,576
2025-02-24,XRS2,308.0400,309.7900,304.0800,306.5700,1156
2025-02-25,XRS2,305.2500,305.4100,300.9000,300.9000,626
2025-02-26,XRS2,303.5000,307.1300,303.4700,305.9400,509
2025-02-27,XRS2,305.6400,306.8800,303.0000,305.6600,1066
2025-02-28,XRS2,301.0600,303.0000,299.5100,302.0700,1767
2025-03-03,XRS2,306.3700,306.4700,299.9700,299.9800,932
2025-03-04,XRS2,293.2300,293.6200,285.0000,285.4900,7206
2025-03-05,XRS2,288.2500,288.8500,281.6000,281.6100,1668
2025-03-06,XRS2,283.7100,283.7100,279.1300,283.1200,6865
2025-03-07,XRS2,280.4200,280.6700,276.0400,275.7900,4437
2025-03-10,XRS2,279.0400,279.0700,274.9000,276.7700,4447
2025-03-11,XRS2,273.7400,275.1500,269.1500,270.5000,7224
2025-03-12,XRS2,273.3300,274.8700,270.0000,272.1500,1701
2025-03-13,XRS2,271.7000,274.6200,269.6000,269.6500,2126
2025-03-14,XRS2,271.8100,274.7200,270.6900,273.6600,382
2025-03-17,XRS2,272.6000,276.4500,272.6000,275.9000,575
2025-03-18,XRS2,275.6900,276.8300,274.2700,275.1000,3198
2025-03-19,XRS2,276.2600,278.4400,275.7900,278.3800,958
2025-03-20,XRS2,281.5600,282.8300,279.1900,280.8300,1971
2025-03-21,XRS2,279.2500,279.2500,275.7600,278.8100,1463
2025-03-24,XRS2,281.0000,285.7900,280.9100,285.4200,596
2025-03-25,XRS2,285.2300,285.2700,284.2500,284.6900,1110
2025-03-26,XRS2,284.1500,286.2700,282.4500,282.8200,2223
2025-03-27,XRS2,283.0800,283.1900,280.4700,281.5300,207
2025-03-28,XRS2,280.6000,281.4800,273.3100,273.3100,1148
2025-03-31,XRS2,270.9100,271.4600,268.5000,271.6300,2124
2025-04-01,XRS2,272.6300,274.2100,270.5700,274.2100,2911
2025-04-02,XRS2,273.0000,274.3600,270.3200,274.3600,636
2025-04-03,XRS2,261.8300,262.7600,252.0000,255.3600,5735
2025-04-04,XRS2,252.3300,252.5600,239.3700,244.3500,5935
2025-04-07,XRS2,230.1200,245.3100,229.0300,238.7100,7877
2025-04-08,XRS2,246.0000,250.7300,245.5900,246.8600,2545
2025-04-09,XRS2,234.5500,235.1600,227.0000,230.8300,10733
2025-04-10,XRS2,254.9800,254.9800,239.0000,238.4900,10967
2025-04-11,XRS2,239.1400,239.1400,232.6000,233.9000,7030
2025-04-14,XRS2,239.9100,245.2200,239.6600,240.8100,836
2025-04-15,XRS2,243.9200,246.8100,241.9000,245.2200,5486
2025-04-16,XRS2,241.1400,244.0800,239.8000,242.9400,3338
2025-04-17,XRS2,243.0100,243.6400,240.3000,240.8200,957
2025-04-22,XRS2,237.9600,240.2500,236.8000,240.5200,1229
2025-04-23,XRS2,248.1500,254.2200,247.5800,249.4200,2524
2025-04-24,XRS2,247.2600,249.9600,245.3900,250.1300,1716
2025-04-25,XRS2,252.6400,252.6400,249.8300,250.6300,3552
2025-04-28,XRS2,251.7700,254.8200,251.1800,251.2300,592
2025-04-29,XRS2,253.1800,253.9200,251.4400,252.7200,631
2025-04-30,XRS2,254.7300,255.3800,248.8700,252.5500,871
2025-05-02,XRS2,259.3500,260.1700,257.8300,260.1700,977
2025-05-05,XRS2,259.2800,261.0800,258.5600,261.1700,3007
2025-05-06,XRS2,257.7800,258.2200,255.7800,258.2200,1385
2025-05-07,XRS2,257.6900,258.6300,256.9100,257.2900,633
2025-05-08,XRS2,261.2500,263.0900,259.8300,263.0900,4472
2025-05-09,XRS2,263.7800,265.2800,262.6500,263.7400,3285
2025-05-12,XRS2,274.1100,281.0900,273.6800,274.6000,5521
2025-05-13,XRS2,275.1800,278.1700,275.1800,276.6900,2410
2025-05-14,XRS2,275.1700,275.1700,273.5000,273.6500,481
2025-05-15,XRS2,272.3500,273.6400,271.8200,273.6400,663
2025-05-16,XRS2,274.6300,276.9200,274.6300,276.2200,606
2025-05-19,XRS2,273.4600,273.4600,270.6500,272.6100,2089
2025-05-20,XRS2,272.7400,274.5300,272.6900,274.5300,568
2025-05-21,XRS2,271.4900,271.4900,269.0900,269.7200,3118
2025-05-22,XRS2,266.2800,266.3300,263.0000,266.0400,1530
2025-05-23,XRS2,266.0100,266.1200,257.9300,263.4700,3148
2025-05-26,XRS2,266.1000,266.4000,265.3800,265.6700,394
2025-05-27,XRS2,266.7600,269.7300,265.9800,269.5100,2342
2025-05-28,XRS2,270.6200,270.9100,269.0000,269.4300,844
2025-05-29,XRS2,275.1100,275.9400,267.1600,267.8500,10092
2025-05-30,XRS2,267.8200,268.4700,266.1200,267.9000,2235
2025-06-02,XRS2,264.1700,266.1400,262.5600,264.8900,3474
2025-06-03,XRS2,264.9100,268.2200,264.0400,270.4900,2104
2025-06-04,XRS2,272.0700,272.7600,270.0000,269.7600,1006
2025-06-05,XRS2,269.9300,270.5100,267.1800,270.3100,809
2025-06-06,XRS2,271.7400,275.0000,270.6600,273.9400,968
2025-06-09,XRS2,275.2500,277.2700,274.9700,275.6900,2242
2025-06-10,XRS2,277.1200,278.2800,276.5000,277.8400,2889
2025-06-11,XRS2,277.7500,279.5700,276.8500,277.2200,8370
2025-06-12,XRS2,272.9100,272.9100,269.3700,271.1100,1061
2025-06-13,XRS2,267.0000,269.7400,267.0000,269.0000,1390
2025-06-16,XRS2,268.9600,269.9800,268.5600,269.7100,420
2025-06-17,XRS2,267.2700,270.1600,266.7700,269.8700,1307
2025-06-18,XRS2,268.6200,271.3900,268.1500,270.9400,1117
2025-06-19,XRS2,269.8900,269.8900,266.9500,267.1200,379
2025-06-20,XRS2,268.5500,273.4600,268.5500,269.2800,2682
2025-06-23,XRS2,268.6800,270.2400,268.6800,268.9500,767
2025-06-24,XRS2,273.5500,273.8200,271.7500,273.3300,1222
2025-06-25,XRS2,274.2000,274.2000,270.7800,270.9600,1789
2025-06-26,XRS2,269.0500,271.2900,268.3500,270.6800,1313
2025-06-27,XRS2,273.4800,273.5900,272.7700,273.5400,1993
2025-06-30,XRS2,273.4700,274.3500,272.6500,272.4200,3162
2025-07-01,XRS2,271.4100,274.0600,269.1300,274.0600,5151
2025-07-02,XRS2,276.4900,276.9200,274.0000,276.0800,7811
2025-07-03,XRS2,279.0400,282.6300,278.6200,280.3900,7698
2025-07-04,XRS2,279.0600,279.0600,277.3000,277.7400,2718
2025-07-07,XRS2,279.5200,280.9400,279.1800,278.5400,1364
2025-07-08,XRS2,278.0100,280.7900,277.8700,280.1800,2277
2025-07-09,XRS2,279.8700,281.9000,279.5000,280.7700,2001
2025-07-10,XRS2,281.5900,285.4600,281.5900,285.4600,3727
2025-07-11,XRS2,283.9200,283.9200,281.4800,281.8400,435
2025-07-14,XRS2,278.8900,281.2700,278.8900,281.7300,696
2025-07-15,XRS2,283.6100,284.0000,281.8200,282.4400,353
2025-07-16,XRS2,277.9400,282.1800,277.0400,277.2900,6461
2025-07-17,XRS2,282.5400,285.8800,281.8200,285.7100,1185
2025-07-18,XRS2,285.8000,286.2700,283.6000,283.6000,1026
2025-07-21,XRS2,283.9700,284.7100,283.9600,283.5500,620
2025-07-22,XRS2,280.5300,281.2400,279.8900,281.1300,867
2025-07-23,XRS2,283.4200,285.2500,283.1600,284.8700,2564
2025-07-24,XRS2,284.4100,285.0700,283.1400,282.9700,3382
2025-07-25,XRS2,283.2100,283.5000,281.7400,281.8500,213
2025-07-28,XRS2,285.4400,286.8700,285.2700,285.3500,466
2025-07-29,XRS2,288.1100,290.0000,286.0200,286.0200,1870
2025-07-30,XRS2,285.9400,289.7600,285.9400,288.7700,641
2025-07-31,XRS2,285.5600,287.2200,284.8300,285.7200,3751
2025-08-01,XRS2,282.7700,282.7700,272.2800,274.7400,3127
2025-08-04,XRS2,276.8000,279.2600,276.8000,279.2600,1071
2025-08-05,XRS2,282.8300,283.6500,282.5900,280.6500,244
2025-08-06,XRS2,283.7700,283.7700,280.7000,280.8900,373
2025-08-07,XRS2,280.5700,283.0500,279.1000,279.2000,157
2025-08-08,XRS2,280.6500,281.4700,279.9600,279.9600,59
2025-08-11,XRS2,281.4100,282.4700,281.4000,281.1500,404
2025-08-12,XRS2,281.5900,284.7500,281.4500,284.6900,527
2025-08-13,XRS2,288.0100,290.1200,287.8500,289.7100,1347
2025-08-14,XRS2,293.0000,293.3600,288.7800,289.0000,1373
2025-08-18,XRS2,288.3900,289.4200,288.0000,289.4200,201
2025-08-19,XRS2,288.5900,288.8100,288.3700,288.5300,29
2025-08-20,XRS2,287.1400,288.1100,284.2500,286.0500,1872
2025-08-21,XRS2,287.1900,287.8600,285.0900,287.8600,412
2025-08-22,XRS2,289.8000,297.3200,289.5800,297.3200,2174
2025-08-25,XRS2,296.8800,297.6100,296.0800,296.4800,2490
2025-08-26,XRS2,295.5000,298.0000,295.1900,297.3700,1334
2025-08-27,XRS2,298.8900,301.3100,298.7900,300.8500,5894
2025-08-28,XRS2,301.7900,302.7200,299.2500,299.3400,1912
2025-08-29,XRS2,299.9600,300.1500,297.6300,297.3800,220
2025-09-01,XRS2,297.1700,298.0200,296.9400,298.0200,225
2025-09-02,XRS2,297.4300,297.5700,295.2000,295.3700,302
2025-09-03,XRS2,296.3100,298.9200,296.3100,295.9400,493
2025-09-04,XRS2,297.5200,298.6000,297.3700,298.8200,1706
2025-09-05,XRS2,300.6600,301.8000,296.9800,298.5000,2308
2025-09-08,XRS2,301.0300,301.3300,298.5600,300.1400,789
2025-09-09,XRS2,300.2900,300.8800,297.8100,299.2800,314
2025-09-10,XRS2,299.2700,300.8300,298.7000,299.3500,995
2025-09-11,XRS2,300.1200,303.0800,299.1600,303.0800,612
2025-09-12,XRS2,302.8400,303.9700,302.2400,302.0000,250
2025-09-15,XRS2,301.6600,302.4400,301.2600,301.3900,1095
2025-09-16,XRS2,300.7700,301.4100,297.3000,297.3600,5859
2025-09-17,XRS2,299.4900,301.7500,298.6900,301.7500,245
2025-09-18,XRS2,302.1600,306.5800,302.1600,305.7700,1526
2025-09-19,XRS2,308.5800,310.5100,307.2500,307.4000,6001
2025-09-22,XRS2,307.0200,307.0200,304.2900,307.0000,250
2025-09-23,XRS2,307.9400,310.4700,307.3700,310.2900,670
2025-09-24,XRS2,307.9600,309.7900,307.9400,307.9400,233
2025-09-25,XRS2,305.7000,306.4900,302.5900,303.8500,534
2025-09-26,XRS2,304.5900,306.3900,304.0500,305.3000,561
2025-09-29,XRS2,306.7900,308.0700,305.3500,305.4500,461
2025-09-30,XRS2,304.9900,305.9100,303.7000,303.7000,440
2025-10-01,XRS2,301.9200,306.4400,301.8800,306.4400,743
2025-10-02,XRS2,307.3600,308.5000,306.6900,307.7100,605
2025-10-03,XRS2,310.3500,312.8700,310.1200,312.3900,466
2025-10-06,XRS2,313.3200,315.0000,312.7100,315.0000,1539
2025-10-07,XRS2,312.9500,315.1000,311.2300,311.2700,2401
2025-10-08,XRS2,312.7300,314.4600,312.7200,314.4600,323
2025-10-09,XRS2,315.4200,315.9300,314.0200,315.4300,456
2025-10-10,XRS2,315.1900,316.5600,308.2200,308.4300,2540
2025-10-13,XRS2,309.9700,312.5600,309.2900,312.5600,4644
2025-10-14,XRS2,310.5700,313.4900,308.6900,313.3300,499
2025-10-15,XRS2,318.5600,322.2900,318.4000,319.2800,6645
2025-10-16,XRS2,319.6300,320.7500,316.7500,316.7500,2034
2025-10-17,XRS2,306.9600,311.2500,304.7300,307.9600,8530
2025-10-20,XRS2,312.4200,315.9300,312.0000,314.4900,1047
2025-10-21,XRS2,316.4000,316.9900,315.2800,316.6000,628
2025-10-22,XRS2,315.7100,315.8900,311.1000,311.1000,534
2025-10-23,XRS2,313.5800,313.8700,311.9900,313.8700,390
2025-10-27,XRS2,322.2300,322.2300,318.5900,318.5900,1525
2025-10-28,XRS2,317.2600,318.9100,316.5800,318.9100,464
2025-10-29,XRS2,317.9400,319.2800,316.7700,319.0200,712
2025-10-30,XRS2,316.6500,318.0600,314.6500,317.4700,948
2025-10-31,XRS2,314.1300,315.0300,313.7000,315.2300,1231
2025-11-03,XRS2,317.1200,318.2100,313.8200,314.9500,2495
2025-11-04,XRS2,311.6300,314.6100,310.6800,313.9800,1162
2025-11-05,XRS2,311.9400,314.0900,311.9400,314.3200,296
2025-11-06,XRS2,314.0900,315.5400,310.0000,310.0200,277
2025-11-07,XRS2,310.2100,310.3600,303.6900,303.6900,726
2025-11-10,XRS2,312.0500,314.2900,311.8400,312.2300,615
2025-11-11,XRS2,312.5600,312.7000,310.9200,311.1800,349
2025-11-12,XRS2,312.8600,315.4600,312.5200,312.5200,536
2025-11-13,XRS2,311.2500,311.2500,305.5600,305.5000,93
2025-11-14,XRS2,301.4700,303.0900,297.5000,303.9600,1851
2025-11-17,XRS2,304.3500,304.7400,302.0900,302.0900,437
2025-11-18,XRS2,297.1100,297.6200,295.8100,298.9500,2409
2025-11-19,XRS2,299.3500,302.6400,299.3500,300.2600,545
2025-11-20,XRS2,303.5500,307.5000,302.2000,302.4600,492
2025-11-21,XRS2,295.0300,300.9800,294.1300,300.9800,3129
2025-11-24,XRS2,304.4600,307.4400,302.6300,307.4400,1602
2025-11-25,XRS2,308.5700,312.5800,307.9200,312.5800,1571
2025-11-26,XRS2,315.2200,315.7600,314.6900,315.7300,322
2025-11-27,XRS2,316.1600,316.5200,315.7200,316.0100,118
2025-11-28,XRS2,316.8300,318.1200,316.8300,317.6100,2598
2025-12-01,XRS2,314.6900,315.0800,313.9300,314.9500,1018
2025-12-02,XRS2,314.0700,315.3600,313.8200,313.6600,296
2025-12-03,XRS2,313.3400,315.1700,312.9500,315.0700,268
2025-12-04,XRS2,317.4600,320.0000,316.3900,319.8500,412
2025-12-05,XRS2,320.4100,321.1600,319.9000,320.4400,592
2025-12-08,XRS2,319.9700,321.2200,319.9700,321.1200,216
2025-12-09,XRS2,319.8300,322.0800,319.3900,321.7700,185
2025-12-10,XRS2,320.0300,321.5800,319.8100,321.3700,249
2025-12-11,XRS2,322.4200,323.7000,321.7000,323.2000,3023
2025-12-12,XRS2,326.4200,327.0900,321.8800,322.0800,816
2025-12-15,XRS2,322.3800,323.1200,318.2900,318.7300,156
2025-12-16,XRS2,316.9600,318.4900,316.1300,316.1300,551
2025-12-17,XRS2,318.1000,318.8600,316.9900,315.1600,39
2025-12-18,XRS2,314.4500,318.4300,314.4500,317.0800,192
2025-12-19,XRS2,317.1200,319.0800,316.7700,319.0800,89
2025-12-22,XRS2,319.0400,321.7100,318.4400,322.0200,155
2025-12-23,XRS2,320.4800,320.4800,318.4700,318.4700,484
2025-12-29,XRS2,317.8200,318.0000,315.5500,316.3100,700
2025-12-30,XRS2,316.3600,316.6000,315.3000,315.9100,354
2026-01-02,XRS2,313.6500,315.4200,312.6500,314.2400,145
2026-01-05,XRS2,316.7100,320.5000,316.7100,320.1600,228
2026-01-06,XRS2,319.5800,320.9100,319.5800,322.3600,92
2026-01-07,XRS2,326.1300,326.7200,323.9400,325.0400,2421
2026-01-08,XRS2,324.6300,329.3100,324.3700,329.3100,3877
2026-01-09,XRS2,330.5000,333.3500,330.5000,333.9100,295
2026-01-12,XRS2,330.0700,331.9400,329.5000,332.2000,306
2026-01-13,XRS2,333.2500,334.8600,332.7800,333.9300,831
2026-01-14,XRS2,334.4000,334.6600,332.7700,334.6600,467
2026-01-15,XRS2,337.0300,342.4200,336.9600,342.1500,653
2026-01-16,XRS2,341.4300,342.0600,339.6900,342.0600,699
2026-01-19,XRS2,336.8000,337.5800,334.6300,335.1900,836
2026-01-20,XRS2,332.7500,335.6400,329.7600,335.6400,427
2026-01-21,XRS2,335.1900,338.5700,333.1400,338.2900,1245
2026-01-22,XRS2,341.5400,344.3000,341.5000,343.6900,1076
2026-01-23,XRS2,343.0000,343.0000,337.0900,337.0900,555
2026-01-26,XRS2,332.0900,332.9600,331.0000,330.4700,448
2026-01-27,XRS2,332.4000,332.4000,327.5100,328.4100,1922
2026-01-28,XRS2,329.8400,331.0500,327.9000,328.8800,251
2026-01-29,XRS2,327.2200,328.8200,323.7500,325.2200,514
2026-01-30,XRS2,324.1300,326.5900,323.8300,324.4100,2758
2026-02-02,XRS2,322.0800,332.0000,321.8400,330.6900,976
2026-02-03,XRS2,331.0300,334.2200,330.4000,330.8200,1344
2026-02-04,XRS2,331.6300,332.9800,328.1000,328.8000,1231
2026-02-05,XRS2,329.5500,329.9500,324.5000,326.1900,781
2026-02-06,XRS2,324.3500,331.6000,324.3500,331.4900,4704
2026-02-09,XRS2,332.7400,334.0600,329.7100,334.0600,903
2026-02-10,XRS2,333.4000,334.7600,333.0600,334.7600,352
2026-02-11,XRS2,333.2400,336.9100,329.3000,330.3900,414
2026-02-12,XRS2,333.8700,334.8100,325.5900,325.5900,907
2026-02-13,XRS2,325.3200,331.3000,324.7200,331.3000,517
2026-02-16,XRS2,330.3100,330.7800,329.0000,329.1100,615
2026-02-17,XRS2,329.7400,331.4100,327.5000,330.0600,574
2026-02-18,XRS2,331.0800,335.7300,330.2000,334.8000,335
2026-02-19,XRS2,332.4800,333.9800,331.0500,333.9800,576
2026-02-20,XRS2,335.2600,337.0000,331.2400,332.9400,883
2026-02-23,XRS2,330.4700,332.9400,326.5000,326.9300,2314
2026-02-24,XRS2,329.2300,333.4000,328.9400,330.9000,496
2026-02-25,XRS2,332.6800,335.0600,331.5000,332.2900,412
2026-02-26,XRS2,333.8600,335.0500,331.4200,333.5300,3652
2026-02-27,XRS2,332.6200,333.4300,327.9200,329.7600,6693
2026-03-02,XRS2,325.2900,333.9900,324.8400,332.7600,1579
2026-03-03,XRS2,330.6900,331.3800,326.5200,330.0700,1746
2026-03-04,XRS2,330.7100,335.7000,330.4700,334.6400,736
2026-03-05,XRS2,333.5500,334.7400,329.9100,330.3100,383
2026-03-09,XRS2,314.2700,319.3300,314.0000,319.3300,6985
2026-03-10,XRS2,324.2500,327.6500,322.0000,327.1300,249
2026-03-11,XRS2,324.0800,326.0900,322.1200,323.3800,953
2026-03-12,XRS2,322.0100,322.7500,318.6200,320.9000,456
2026-03-13,XRS2,319.3900,322.7800,319.3900,319.5800,206
2026-03-16,XRS2,322.5300,324.7300,320.7200,322.0800,1859
2026-03-17,XRS2,319.4300,321.6900,319.0500,322.6000,1058
2026-03-18,XRS2,325.8400,325.8700,320.5000,320.5000,707
2026-03-19,XRS2,319.0200,319.1000,315.0500,316.7500,2561
2026-03-20,XRS2,320.1400,320.1400,314.4100,314.4100,263
2026-03-23,XRS2,309.1400,323.1400,308.4200,318.4000,1781
2026-03-24,XRS2,318.5900,320.3100,315.7800,320.4000,733
2026-03-25,XRS2,324.1500,324.2600,322.7800,324.0600,377
2026-03-26,XRS2,322.8600,322.8600,320.7000,321.4800,315
2026-03-27,XRS2,321.2900,321.2900,316.1600,316.2600,1685
2026-03-30,XRS2,315.5800,318.6300,313.9000,315.7400,1225
2026-03-31,XRS2,314.8500,316.6700,314.4700,314.9500,1022
2026-04-01,XRS2,322.4400,323.5800,319.3500,323.5800,384
2026-04-02,XRS2,316.1800,324.2200,316.0000,323.6900,528
2026-04-07,XRS2,324.5700,325.5400,321.6000,322.7400,977
2026-04-08,XRS2,333.6600,334.9500,330.4700,331.4800,807
2026-04-09,XRS2,331.5700,331.5800,329.8100,331.5300,234
2026-04-10,XRS2,332.9300,334.0400,332.6500,332.6500,1829
2026-04-13,XRS2,329.4800,333.8100,329.4600,332.9500,351
2026-04-14,XRS2,336.2200,339.3800,336.2100,339.4800,1011
2026-04-15,XRS2,339.2700,340.0000,338.7800,339.3200,872
2026-04-16,XRS2,340.2800,341.1300,339.7400,340.6900,845
2026-04-17,XRS2,342.3000,348.8000,342.1800,347.9800,1646
2026-04-20,XRS2,346.0100,350.4600,345.5500,350.2200,1491
2026-04-21,XRS2,351.2300,353.7500,350.5300,350.5300,599
2026-04-22,XRS2,351.5400,352.0000,350.1500,351.2500,537
2026-04-23,XRS2,350.4400,353.1800,349.7600,353.1800,393
2026-04-24,XRS2,351.4000,352.5600,349.2100,351.8200,564
2026-04-27,XRS2,350.9900,352.2200,350.7000,351.2700,300
2026-04-28,XRS2,352.5000,353.2300,347.4600,347.4600,490
2026-04-29,XRS2,349.7500,349.7500,348.0000,347.0900,466
2026-04-30,XRS2,346.5000,350.7300,346.0200,350.7300,907
2026-05-04,XRS2,354.8400,356.5700,352.7700,354.3500,917
2026-05-05,XRS2,355.7900,359.5000,355.3100,358.9800,644
2026-05-06,XRS2,359.2400,365.2300,359.2400,361.9600,539
2026-05-07,XRS2,364.1200,364.3000,360.0000,360.7900,1453
2026-05-08,XRS2,358.5600,359.4900,358.1000,358.6700,447
2026-05-11,XRS2,359.0200,362.6600,358.6900,362.0300,465
2026-05-12,XRS2,360.7700,361.1900,354.8800,353.8800,560
2026-05-13,XRS2,359.5500,361.1400,357.6000,358.4100,1490
2026-05-14,XRS2,359.5500,363.0100,359.1900,362.8700,1345
2026-05-15,XRS2,361.1200,361.1600,355.4100,356.1200,642
2026-05-18,XRS2,354.0200,356.8800,353.1900,352.8800,1534
2026-05-19,XRS2,352.0200,353.7700,348.6700,349.3100,454
2026-05-20,XRS2,350.8500,357.3300,350.8500,356.3600,509
2026-05-21,XRS2,357.6200,360.0600,356.0700,359.7400,253
2026-05-22,XRS2,363.0800,366.1800,362.6900,365.2200,1460
2026-05-25,XRS2,369.2500,370.7900,369.1400,369.9100,319
2026-05-26,XRS2,367.9000,371.4100,367.7000,369.9400,3864
2026-05-27,XRS2,372.3800,374.3900,370.6400,372.1100,201
2026-05-28,XRS2,371.3400,372.5300,368.8000,373.2100,2711
2026-05-29,XRS2,372.5800,373.5600,368.7100,369.7200,1329
2026-06-01,XRS2,371.4900,371.5300,367.7200,369.5600,97
2026-06-02,XRS2,369.3500,372.1700,368.9600,372.1700,1798
2026-06-03,XRS2,372.6900,372.6900,368.9700,369.2300,1028
2026-06-04,XRS2,370.9000,373.7600,367.7400,373.3900,4667
2026-06-05,XRS2,371.1600,371.8700,368.5300,368.8800,309
2026-06-08,XRS2,364.4600,369.7500,364.4600,368.3100,708
2026-06-09,XRS2,368.1900,373.5300,362.9300,363.4100,827
2026-06-10,XRS2,365.9200,371.3000,362.7000,367.0900,1012
2026-06-11,XRS2,366.7600,371.0000,366.7200,369.6900,310
2026-06-12,XRS2,372.7700,380.0000,372.7700,378.9000,298
2026-06-15,XRS2,381.7600,383.0000,379.4100,380.1600,536
2026-06-16,XRS2,380.2100,381.4300,377.6800,377.2500,616
2026-06-17,XRS2,376.8100,377.5000,375.5700,379.3600,384
2026-06-18,XRS2,380.0200,382.1000,379.4800,381.2700,361
2026-06-19,XRS2,383.5900,384.8700,382.3200,384.5900,295
2026-06-22,XRS2,384.5900,390.3600,384.0200,388.1300,339
2026-06-23,XRS2,383.8000,389.7700,382.7700,388.0800,941
2026-06-24,XRS2,388.1000,393.2300,388.0000,393.4000,573
2026-06-25,XRS2,391.3100,394.8200,390.0000,392.0500,284
2026-06-26,XRS2,391.8400,391.8400,386.7900,391.2400,382
2026-06-29,XRS2,389.4000,391.9200,385.9800,386.3800,3051
2026-06-30,XRS2,391.8600,392.4300,390.3400,391.7300,1158
2026-07-01,XRS2,391.3800,396.3500,391.0000,396.3500,678
2026-07-02,XRS2,391.1400,392.8700,387.1900,387.4300,560
2026-07-03,XRS2,388.2900,388.8700,387.3600,388.6700,182
2026-07-06,XRS2,389.1000,392.1300,388.9300,391.4600,782
2026-07-07,XRS2,390.0100,391.4000,385.8100,387.3700,261
2026-07-08,XRS2,385.6100,385.7400,381.5800,381.5800,372
2026-07-09,XRS2,384.8900,387.0500,383.5800,387.0500,455
2026-07-10,XRS2,387.4900,388.3200,386.0200,385.7400,510
2026-07-13,XRS2,385.2900,386.7100,385.0300,385.4100,750
2026-07-14,XRS2,384.9200,388.0000,382.6800,384.4600,1568
2026-07-15,XRS2,385.2600,386.8300,384.6100,386.1700,251
2026-07-16,XRS2,383.9800,388.1500,382.8600,387.5500,570
2026-07-17,XRS2,383.3600,385.8500,380.5700,383.2700,2853
2026-07-20,XRS2,383.3500,385.1000,383.1000,384.1300,345
2026-07-21,XRS2,384.6400,386.3300,383.3000,386.0100,121
2026-07-22,XRS2,385.8200,386.9800,383.8400,385.4700,120
2026-07-23,XRS2,383.4400,384.4400,381.6300,381.6300,80
2026-07-24,XRS2,382.6200,385.2900,382.6200,384.5800,270
2026-07-27,XRS2,385.6700,386.4700,383.1100,383.2500,317
2026-07-28,XRS2,384.5800,384.6000,382.7500,383.3200,740
2026-07-29,XRS2,384.7700,385.4200,379.2100,379.3400,150
2026-07-30,XRS2,377.5700,377.5700,375.0000,375.1900,275
2026-07-31,XRS2,380.5700,381.4000,374.8100,375.3300,797
2026-08-03,XRS2,378.6700,383.1000,378.5000,382.9800,1286
2026-08-04,XRS2,384.3100,386.4800,383.1400,388.1100,1091
2026-08-05,XRS2,390.5700,391.0900,389.4000,388.3500,616
2026-08-06,XRS2,387.9800,389.3800,386.8300,388.5700,358
2026-08-07,XRS2,385.5500,388.1600,385.5500,388.5100,214
2026-08-10,XRS2,389.3400,389.3500,387.8000,387.8000,237
2026-08-11,XRS2,388.7000,389.6000,387.9100,389.0100,405
2026-08-12,XRS2,389.9500,390.7400,388.9100,389.9500,535
2026-08-13,XRS2,392.6900,394.0900,391.7700,391.7400,534
2026-08-14,XRS2,391.5800,392.1200,390.9800,391.5300,153
2026-08-17,XRS2,391.9100,392.0300,390.3600,390.7400,195
2026-08-18,XRS2,390.6200,390.7600,388.8300,387.6500,144
2026-08-19,XRS2,385.8200,387.3500,385.2300,387.0700,100
2026-08-20,XRS2,385.0900,385.1000,381.0000,381.0500,236
2026-08-21,XRS2,381.1000,382.0700,380.9500,381.9200,139
2026-08-24,XRS2,382.5100,383.8400,381.0000,381.3000,331
2026-08-25,XRS2,382.3400,383.8100,380.7400,381.7700,426
2026-08-26,XRS2,382.0200,384.0100,381.4000,381.9200,54
2026-08-27,XRS2,381.8900,383.3100,381.7400,383.4400,92
2026-08-28,XRS2,384.3400,384.7600,383.1100,383.1600,141
2026-08-31,XRS2,380.6000,380.6000,376.2100,376.1100,669
2026-09-01,XRS2,377.9000,378.2600,374.6900,375.4600,588
2026-09-02,XRS2,375.0800,376.1800,373.7800,376.1500,94
2026-09-03,XRS2,377.0700,378.4600,376.8800,378.6800,1125
2026-09-04,XRS2,378.6000,378.9500,378.3000,378.8900,64
2026-09-07,XRS2,379.0300,379.5600,378.7400,378.3300,433
2026-09-08,XRS2,377.5100,378.9700,377.0500,377.9800,115
2024-09-09,XSPX,97.3800,97.9500,97.3400,97.7700,4447
2024-09-10,XSPX,98.2600,98.5700,97.9600,98.4500,4042
2024-09-11,XSPX,98.2100,98.7600,97.3700,97.6400,4322
2024-09-12,XSPX,100.0600,100.1900,99.6100,99.7300,8976
2024-09-13,XSPX,100.3100,100.4900,100.2900,100.4800,429
2024-09-16,XSPX,100.3000,100.3000,100.0500,100.0500,348
2024-09-17,XSPX,100.4200,100.7500,100.4200,100.7900,2509
2024-09-18,XSPX,100.4300,100.5200,100.4300,100.3500,93
2024-09-19,XSPX,101.0800,101.7300,101.0500,101.6200,135
2024-09-20,XSPX,101.2000,101.2900,101.1400,101.0900,1023
2024-09-23,XSPX,101.4400,101.9200,101.4200,101.7900,11750
2024-09-24,XSPX,101.9800,101.9800,101.3800,101.6300,1239
2024-09-25,XSPX,101.3800,101.8100,101.3800,101.7700,2744
2024-09-26,XSPX,102.5500,102.5600,101.8700,101.7100,8959
2024-09-27,XSPX,102.2700,102.2700,101.8500,102.1300,1703
2024-09-30,XSPX,101.8400,101.9800,101.3300,101.9300,3404
2024-10-01,XSPX,102.7200,102.9600,101.7700,102.2400,3517
2024-10-02,XSPX,102.0300,102.5400,101.9000,102.6100,804
2024-10-03,XSPX,102.3700,102.7200,102.1300,102.6200,11612
2024-10-04,XSPX,102.5400,104.0300,102.5200,103.1500,1741
2024-10-07,XSPX,103.7600,103.7600,103.3600,103.6400,1666
2024-10-08,XSPX,102.7600,103.8200,102.7600,103.8200,2399
2024-10-09,XSPX,103.8400,104.3600,103.7100,104.5700,6213
2024-10-10,XSPX,104.9200,104.9400,104.7500,104.9300,2373
2024-10-11,XSPX,105.4300,105.4300,105.2100,105.1900,194
2024-10-14,XSPX,105.5200,106.3500,105.5200,106.2600,333
2024-10-15,XSPX,106.7300,106.7900,106.2600,106.3100,290
2024-10-16,XSPX,105.9900,106.1100,105.8900,106.1900,184
2024-10-17,XSPX,106.9400,107.3800,106.9400,107.2700,373
2024-10-18,XSPX,106.9900,107.1300,106.8900,106.9500,214
2024-10-21,XSPX,107.1600,107.2200,106.7300,106.7300,3114
2024-10-22,XSPX,107.0800,107.1100,106.7600,107.0900,1606
2024-10-23,XSPX,107.5400,107.5500,106.8300,106.8300,2996
2024-10-24,XSPX,106.9600,107.1400,106.5700,106.5700,7722
2024-10-25,XSPX,106.5800,107.2000,106.5600,107.0500,13749
2024-10-28,XSPX,107.1000,107.1900,106.8700,106.8600,4290
2024-10-29,XSPX,106.8500,107.1200,106.6900,107.0500,5911
2024-10-30,XSPX,107.0000,107.0400,106.7700,106.6700,1141
2024-10-31,XSPX,105.4000,105.4800,104.5400,104.6800,10942
2024-11-01,XSPX,104.5100,105.2900,104.4800,105.2900,146
2024-11-04,XSPX,104.4200,104.4700,104.0000,104.1400,722
2024-11-05,XSPX,104.2700,104.8100,104.1400,104.8100,3680
2024-11-06,XSPX,108.7900,109.5800,108.6500,109.1000,10110
2024-11-07,XSPX,109.5200,109.7100,109.1500,109.7100,1414
2024-11-08,XSPX,110.2000,110.9100,109.7100,110.9100,483
2024-11-11,XSPX,111.5300,112.0200,111.4900,111.9800,820
2024-11-12,XSPX,111.9500,111.9500,111.8500,111.9300,5640
2024-11-13,XSPX,111.7400,112.5300,111.2900,112.5300,3570
2024-11-14,XSPX,112.5900,113.2300,112.0000,112.1600,67805
2024-11-15,XSPX,111.2700,111.2700,110.6400,110.6400,4516
2024-11-18,XSPX,110.7200,110.7800,110.1100,110.7900,8754
2024-11-19,XSPX,110.7900,110.7900,109.5300,110.7200,494
2024-11-20,XSPX,111.3300,111.5100,110.7200,110.8100,7185
2024-11-21,XSPX,112.0000,112.3100,111.2500,112.4300,2246
2024-11-22,XSPX,112.6600,113.8200,112.6600,113.7700,14648
2024-11-25,XSPX,113.8700,113.8700,113.2000,113.4400,425
2024-11-26,XSPX,113.4100,113.9100,113.1100,113.8600,17329
2024-11-27,XSPX,113.7700,113.7700,112.7100,112.7100,1050
2024-11-28,XSPX,113.1700,113.2300,113.0500,113.2100,131
2024-11-29,XSPX,113.0600,113.5400,113.0400,113.5000,284
2024-12-02,XSPX,114.0100,114.6400,113.7300,114.4100,663
2024-12-03,XSPX,114.1600,114.2500,113.9500,114.2100,2992
2024-12-04,XSPX,114.5100,115.0700,114.4900,114.4900,912
2024-12-05,XSPX,114.7000,114.8100,114.2500,114.3500,344
2024-12-06,XSPX,114.0300,114.5200,113.7500,114.3900,3637
2024-12-09,XSPX,114.5300,114.6300,113.6900,113.8900,1349
2024-12-10,XSPX,114.1400,114.5200,114.1400,114.4700,509
2024-12-11,XSPX,114.2200,115.2100,114.2200,115.2100,12601
2024-12-12,XSPX,114.8800,115.1900,114.8000,114.9200,9892
2024-12-13,XSPX,115.2200,115.2200,114.4300,114.4200,1192
2024-12-16,XSPX,114.4000,114.9900,114.2800,114.8900,12391
2024-12-17,XSPX,114.6400,114.8600,114.2700,114.4900,4997
2024-12-18,XSPX,114.7400,115.1800,114.7300,114.9900,309
2024-12-19,XSPX,112.6900,113.3200,112.3000,113.1800,7302
2024-12-20,XSPX,111.6400,113.4500,110.9500,113.4500,2457
2024-12-23,XSPX,113.7100,113.7100,113.0000,113.3700,426
2024-12-27,XSPX,114.9000,114.9000,113.3900,113.6600,1318
2024-12-30,XSPX,113.5500,113.8000,112.5300,113.0200,768
2025-01-02,XSPX,113.5700,114.3400,113.4900,114.3400,7667
2025-01-03,XSPX,113.7700,114.3000,113.6600,114.2500,334
2025-01-06,XSPX,114.5100,115.1400,114.0000,115.0500,7093
2025-01-07,XSPX,113.9400,114.6400,113.9400,114.1400,112
2025-01-08,XSPX,113.8900,114.1500,113.5000,114.0200,1100
2025-01-09,XSPX,113.8500,114.2100,113.8100,114.2100,897
2025-01-10,XSPX,113.8100,114.1400,112.8500,112.9900,17332
2025-01-13,XSPX,112.8500,113.1900,112.4100,112.7800,8632
2025-01-14,XSPX,113.5600,113.6600,112.4900,112.6600,10293
2025-01-15,XSPX,112.7600,114.5800,112.7600,114.5800,17312
2025-01-16,XSPX,115.3100,115.3900,114.7700,114.7800,9404
2025-01-17,XSPX,114.9900,116.1000,114.9900,115.8700,11127
2025-01-20,XSPX,115.7400,115.7500,114.9700,115.1000,5107
2025-01-21,XSPX,115.1800,115.7300,115.1500,115.0700,6762
2025-01-22,XSPX,115.6500,116.1100,115.6500,116.3100,1079
2025-01-23,XSPX,116.1500,116.5600,115.9700,116.4800,4032
2025-01-24,XSPX,116.2000,116.2000,115.8400,115.7300,4208
2025-01-27,XSPX,114.1400,114.1400,112.6100,113.2700,42878
2025-01-28,XSPX,114.7100,114.9900,114.2700,115.0700,9448
2025-01-29,XSPX,115.7800,116.0700,115.4100,115.3800,3977
2025-01-30,XSPX,115.7800,115.9500,115.0400,115.4000,14704
2025-01-31,XSPX,116.8200,117.1600,116.8000,116.8900,1696
2025-02-03,XSPX,115.5900,115.9300,115.0000,115.8600,15635
2025-02-04,XSPX,115.5000,115.6600,115.0300,115.7000,11011
2025-02-05,XSPX,114.8900,115.0700,114.5000,115.1400,8362
2025-02-06,XSPX,116.2600,116.7000,116.2600,116.4900,3563
2025-02-07,XSPX,116.4100,116.7800,116.2100,116.2600,12981
2025-02-10,XSPX,116.5400,116.9500,116.4400,116.9500,2760
2025-02-11,XSPX,116.5800,116.5800,116.3300,116.5300,247
2025-02-12,XSPX,116.3500,116.3900,115.4500,115.6700,13698
2025-02-13,XSPX,115.6400,116.0900,115.3200,116.0600,2107
2025-02-14,XSPX,116.3900,116.3900,115.7900,115.7900,16180
2025-02-17,XSPX,116.2400,116.4000,116.2000,116.3500,4365
2025-02-18,XSPX,116.6600,116.9100,116.5300,116.4000,1089
2025-02-19,XSPX,116.8200,117.1800,116.5700,117.0700,3666
2025-02-20,XSPX,116.9300,116.9600,116.0900,115.9700,1226
2025-02-21,XSPX,116.0200,116.3300,115.6900,115.8600,28858
2025-02-24,XSPX,114.6300,114.9500,113.9800,114.3800,2874
2025-02-25,XSPX,113.7400,113.7400,112.2400,112.2400,3028
2025-02-26,XSPX,113.3200,113.8800,113.2000,113.5900,3312
2025-02-27,XSPX,113.7000,114.1900,113.7000,113.9200,2163
2025-02-28,XSPX,112.5100,112.8700,112.1000,112.5300,24418
2025-03-03,XSPX,114.1800,114.1800,112.5700,112.5700,6886
2025-03-04,XSPX,111.0000,111.0500,108.6400,108.6400,4056
2025-03-05,XSPX,108.4900,108.5500,106.3100,106.3100,9000
2025-03-06,XSPX,107.1800,107.1800,105.8000,106.5900,1615
2025-03-07,XSPX,105.7100,105.7400,104.3400,104.3400,13605
2025-03-10,XSPX,105.4700,105.4700,103.6300,103.7700,13631
2025-03-11,XSPX,102.8800,102.9800,101.3100,101.5300,14235
2025-03-12,XSPX,102.0900,103.1900,101.4100,102.4900,24189
2025-03-13,XSPX,101.9900,102.9500,101.5900,101.5900,9730
2025-03-14,XSPX,101.9800,103.1400,101.7400,102.8300,11121
2025-03-17,XSPX,102.7200,103.5700,102.6000,103.0600,4741
2025-03-18,XSPX,103.2100,103.2400,102.4100,102.4500,7779
2025-03-19,XSPX,102.9000,103.7800,102.9000,103.6300,6858
2025-03-20,XSPX,104.5800,104.6400,103.7200,104.0600,4231
2025-03-21,XSPX,103.8000,103.9400,103.1700,103.9400,6978
2025-03-24,XSPX,105.1100,106.3600,105.1100,106.3400,8266
2025-03-25,XSPX,106.2300,106.5000,106.2200,106.3100,2067
2025-03-26,XSPX,106.5400,106.8800,105.9800,105.8900,9708
2025-03-27,XSPX,105.6400,105.8500,104.8600,105.3700,5825
2025-03-28,XSPX,104.9700,105.1900,102.8500,102.8500,7444
2025-03-31,XSPX,101.8500,102.3400,101.3500,102.2600,5711
2025-04-01,XSPX,103.4400,103.8900,103.0800,103.8900,4105
2025-04-02,XSPX,103.8000,103.8000,102.6700,103.8400,1881
2025-04-03,XSPX,99.7700,100.1400,97.2100,98.2600,11611
2025-04-04,XSPX,96.7900,97.2400,93.4400,93.9900,8287
2025-04-07,XSPX,87.2300,92.5600,87.2300,91.1700,15121
2025-04-08,XSPX,93.4000,96.0800,93.1700,94.4300,39450
2025-04-09,XSPX,90.0200,90.7400,88.0000,89.8300,34354
2025-04-10,XSPX,98.9600,98.9600,93.4300,93.4300,9337
2025-04-11,XSPX,93.5700,93.6100,91.2800,92.3600,47738
2025-04-14,XSPX,94.7800,96.2000,94.7000,94.7500,24030
2025-04-15,XSPX,95.3900,96.0900,94.9400,95.7200,8123
2025-04-16,XSPX,93.3300,94.7300,93.1100,94.1900,2135
2025-04-17,XSPX,93.6100,93.7200,92.2800,92.8700,9806
2025-04-22,XSPX,90.3900,91.5500,90.2400,91.5500,5025
2025-04-23,XSPX,94.3800,95.8800,94.3800,94.9400,1662
2025-04-24,XSPX,93.9600,95.4800,93.5200,95.5600,30482
2025-04-25,XSPX,96.9700,96.9700,96.1600,96.1700,4727
2025-04-28,XSPX,96.9800,97.3100,96.2400,96.2400,7518
2025-04-29,XSPX,97.0400,97.1300,96.2300,96.9400,3842
2025-04-30,XSPX,97.2700,97.5400,95.7700,96.9800,10492
2025-05-02,XSPX,99.2400,99.7900,98.9500,99.7900,3790
2025-05-05,XSPX,99.4900,99.8200,99.0200,99.7300,9379
2025-05-06,XSPX,99.0700,99.1000,98.4800,99.0100,19549
2025-05-07,XSPX,99.0300,99.0300,98.5800,98.6400,18861
2025-05-08,XSPX,100.3500,100.6500,99.5500,100.6100,13941
2025-05-09,XSPX,100.5800,100.9900,100.0000,100.3700,4024
2025-05-12,XSPX,103.4900,104.8100,103.4900,104.3400,4139
2025-05-13,XSPX,104.5400,104.8800,104.5000,105.2700,2455
2025-05-14,XSPX,105.0900,105.0900,104.4700,105.0700,4326
2025-05-15,XSPX,104.4900,105.3000,104.3200,105.3000,10234
2025-05-16,XSPX,105.3500,106.1500,105.3500,106.1500,3711
2025-05-19,XSPX,104.7500,105.4500,104.0900,105.2700,12533
2025-05-20,XSPX,105.3300,105.7100,105.3300,105.4200,2630
2025-05-21,XSPX,103.9400,104.4000,103.9000,104.4000,1531
2025-05-22,XSPX,103.2000,103.5400,102.6400,103.4300,3556
2025-05-23,XSPX,102.7200,102.7200,101.3500,102.0800,6857
2025-05-26,XSPX,102.8800,103.0700,102.8800,103.0300,746
2025-05-27,XSPX,103.1100,103.9500,103.1100,103.9500,1564
2025-05-28,XSPX,104.4200,104.9100,104.1000,104.3500,6725
2025-05-29,XSPX,105.8000,105.8000,103.7900,103.7900,4490
2025-05-30,XSPX,104.0800,104.1500,103.2400,103.8600,3739
2025-06-02,XSPX,102.6800,103.2500,102.5100,103.0100,701
2025-06-03,XSPX,103.4700,104.6500,103.2400,104.6500,1446
2025-06-04,XSPX,104.7300,104.7900,104.7300,104.5700,95
2025-06-05,XSPX,104.5300,104.9100,103.6100,104.6500,7661
2025-06-06,XSPX,104.2900,105.3800,104.1900,105.0700,408
2025-06-09,XSPX,104.8600,105.2500,104.8600,105.0200,715
2025-06-10,XSPX,105.0200,105.3500,104.9800,105.1500,15656
2025-06-11,XSPX,105.4100,105.5500,105.2600,105.2200,493
2025-06-12,XSPX,104.3500,104.3500,103.1700,104.1600,13784
2025-06-13,XSPX,103.4900,104.0400,103.4200,103.8900,1710
2025-06-16,XSPX,103.7100,104.2200,103.6000,104.2200,2528
2025-06-17,XSPX,103.8000,104.3000,103.7400,104.2100,4049
2025-06-18,XSPX,104.0500,104.3000,103.9500,104.1100,5533
2025-06-19,XSPX,103.7200,103.7200,103.1600,103.3900,550
2025-06-20,XSPX,103.3900,104.1900,103.3900,103.6200,3140
2025-06-23,XSPX,103.5200,104.2100,103.4900,103.6300,1438
2025-06-24,XSPX,104.7400,104.7400,104.3900,104.5300,8318
2025-06-25,XSPX,105.0200,105.2500,104.7400,104.7400,2026
2025-06-26,XSPX,104.2600,104.6400,104.1800,104.6400,5468
2025-06-27,XSPX,105.0400,105.4300,104.7500,105.4300,4935
2025-06-30,XSPX,105.5400,105.6800,105.2000,105.2000,1611
2025-07-01,XSPX,105.0700,105.1900,104.7200,105.1900,2776
2025-07-02,XSPX,105.5800,105.5800,105.1500,105.3900,63503
2025-07-03,XSPX,105.5800,106.7300,105.5800,106.6100,1810
2025-07-04,XSPX,106.1600,106.1600,105.8700,105.8500,115
2025-07-07,XSPX,106.2400,106.7400,106.2400,106.3000,1152
2025-07-08,XSPX,106.0800,106.4000,106.0700,106.3000,1139
2025-07-09,XSPX,106.1400,107.0600,106.1400,106.5900,31176
2025-07-10,XSPX,106.4800,107.3300,106.4800,107.4200,18226
2025-07-11,XSPX,107.2000,107.2300,106.6500,106.9000,3362
2025-07-14,XSPX,106.7000,106.9800,106.6400,107.1200,1454
2025-07-15,XSPX,107.5600,108.0600,107.5600,108.0600,2348
2025-07-16,XSPX,107.0900,107.9800,106.6300,106.6400,2408
2025-07-17,XSPX,108.0700,108.4800,108.0700,108.4500,340
2025-07-18,XSPX,108.5400,108.5600,108.0000,108.0000,1027
2025-07-21,XSPX,108.3600,108.3700,108.1200,108.1000,536
2025-07-22,XSPX,107.7000,108.0100,107.3000,107.3200,1081
2025-07-23,XSPX,107.7900,108.1200,107.7900,107.9600,3114
2025-07-24,XSPX,108.1200,108.4000,108.0900,108.3100,4765
2025-07-25,XSPX,108.4300,108.8000,108.3400,108.7100,4962
2025-07-28,XSPX,109.5600,110.0000,109.5600,110.0000,5091
2025-07-29,XSPX,110.8800,111.0700,110.5300,110.4900,4828
2025-07-30,XSPX,110.3900,111.2800,110.3800,111.0400,7237
2025-07-31,XSPX,112.2000,112.5300,111.4400,111.6400,5194
2025-08-01,XSPX,110.5900,110.5900,107.7200,107.9900,8332
2025-08-04,XSPX,108.2200,109.0300,108.2200,109.1100,5201
2025-08-05,XSPX,109.8300,110.0300,108.7800,108.7800,2383
2025-08-06,XSPX,109.2900,109.3800,108.6600,108.9200,573
2025-08-07,XSPX,109.3200,109.6500,108.9500,108.9900,6773
2025-08-08,XSPX,109.1000,109.4100,109.1000,109.2500,317
2025-08-11,XSPX,109.7900,110.2200,109.6900,110.1000,2263
2025-08-12,XSPX,109.9500,110.2500,109.8000,110.0300,13710
2025-08-13,XSPX,110.2200,110.5800,110.1500,110.1500,6481
2025-08-14,XSPX,110.7300,111.0200,110.3400,110.8000,4493
2025-08-18,XSPX,110.3200,110.5700,110.3200,110.5100,242
2025-08-19,XSPX,110.3600,110.4600,110.2300,110.3900,446
2025-08-20,XSPX,110.0200,110.0700,108.9500,109.5500,569
2025-08-21,XSPX,109.5500,110.0600,109.3900,110.0600,485
2025-08-22,XSPX,109.8600,110.6800,109.8600,110.5100,594
2025-08-25,XSPX,110.4100,110.7400,110.3000,110.7400,193
2025-08-26,XSPX,110.7600,110.7600,110.4500,110.5700,161
2025-08-27,XSPX,111.7100,111.8800,111.6200,111.6800,380
2025-08-28,XSPX,111.4700,111.6800,110.9200,111.1500,14103
2025-08-29,XSPX,111.4600,111.4600,110.5800,110.4800,11122
2025-09-01,XSPX,110.3200,110.7300,110.3200,110.7300,224
2025-09-02,XSPX,110.4900,110.7300,109.6200,109.5000,1742
2025-09-03,XSPX,110.6200,110.9000,110.4300,110.3200,6783
2025-09-04,XSPX,110.9100,111.3800,110.9100,111.3700,972
2025-09-05,XSPX,111.4100,111.5200,110.4100,110.3400,10541
2025-09-08,XSPX,110.8100,110.9300,110.6400,110.9300,9104
2025-09-09,XSPX,110.7700,111.0000,110.7500,110.9800,574
2025-09-10,XSPX,111.8300,112.0000,111.5700,111.7200,1215
2025-09-11,XSPX,112.1400,112.4100,111.7900,112.3700,2205
2025-09-12,XSPX,112.2800,112.6400,112.2400,112.5500,2227
2025-09-15,XSPX,112.6300,112.7100,112.2800,112.6200,3424
2025-09-16,XSPX,112.5100,112.6000,111.7000,111.7400,2740
2025-09-17,XSPX,111.7300,111.8600,111.6300,111.5500,9276
2025-09-18,XSPX,112.5500,113.1000,112.5000,113.0200,3742
2025-09-19,XSPX,113.1200,113.3900,113.1100,113.1800,2294
2025-09-22,XSPX,113.2400,113.6800,112.9600,113.6000,4088
2025-09-23,XSPX,113.7600,113.7900,113.6500,113.6600,3322
2025-09-24,XSPX,113.3200,113.8800,113.2600,113.5700,10743
2025-09-25,XSPX,113.1700,113.4900,112.6900,113.2600,13199
2025-09-26,XSPX,113.4600,113.9300,113.3300,113.4600,3216
2025-09-29,XSPX,113.9600,114.2500,113.6700,113.7600,3554
2025-09-30,XSPX,113.6000,113.7800,113.2800,113.6000,3495
2025-10-01,XSPX,112.9600,114.3600,112.9600,114.3600,3688
2025-10-02,XSPX,114.6800,114.9600,114.5900,114.8500,17076
2025-10-03,XSPX,115.1200,115.1400,114.8400,115.0500,6925
2025-10-06,XSPX,115.4200,115.8900,115.0900,115.3800,33785
2025-10-07,XSPX,115.4600,116.0500,115.2700,115.2900,3551
2025-10-08,XSPX,115.9100,116.4500,115.8200,116.4500,5360
2025-10-09,XSPX,116.6000,116.7500,116.4700,116.7300,1309
2025-10-10,XSPX,116.7500,116.9900,114.8700,114.5700,8526
2025-10-13,XSPX,114.6300,115.2000,114.5500,115.2100,6407
2025-10-14,XSPX,114.3500,114.5800,113.5700,114.4600,2389
2025-10-15,XSPX,115.0000,115.8000,114.8700,115.2400,1815
2025-10-16,XSPX,115.1100,115.3700,114.8600,114.8600,10213
2025-10-17,XSPX,112.3500,114.2300,111.9600,113.7400,14822
2025-10-20,XSPX,115.0700,115.7700,114.8300,115.6900,4854
2025-10-21,XSPX,115.9100,116.5400,115.9100,116.3700,1945
2025-10-22,XSPX,116.3900,116.6400,115.6400,115.6500,1621
2025-10-23,XSPX,116.0500,116.1500,115.6300,116.1500,1340
2025-10-27,XSPX,118.1200,118.1200,117.9000,118.1000,291
2025-10-28,XSPX,118.2100,118.6200,118.1300,118.3300,6793
2025-10-29,XSPX,118.8900,119.1400,118.6800,118.7200,1976
2025-10-30,XSPX,118.7500,119.1800,118.7300,119.1500,1877
2025-10-31,XSPX,119.2200,119.4900,118.7700,118.9300,11453
2025-11-03,XSPX,119.0300,119.7300,119.0200,119.1000,11207
2025-11-04,XSPX,118.0400,118.9200,117.9200,118.6900,3631
2025-11-05,XSPX,117.9600,118.6300,117.8800,118.8400,8637
2025-11-06,XSPX,118.0900,118.4400,116.9900,117.0700,9648
2025-11-07,XSPX,117.2100,117.2100,115.1400,115.1100,5109
2025-11-10,XSPX,117.4800,118.1100,117.3800,117.6400,3498
2025-11-11,XSPX,118.3800,118.3800,117.7900,117.8300,6372
2025-11-12,XSPX,118.8900,119.1400,118.4500,118.4000,1846
2025-11-13,XSPX,118.4900,118.5400,116.7000,116.7300,4597
2025-11-14,XSPX,115.9700,116.7600,114.6700,116.7300,9144
2025-11-17,XSPX,117.1400,117.1400,116.1700,116.2500,12017
2025-11-18,XSPX,114.9300,115.1800,113.8500,114.9200,8256
2025-11-19,XSPX,114.7300,116.0600,114.6500,115.3700,9659
2025-11-20,XSPX,117.1000,117.7500,116.4900,116.4500,4788
2025-11-21,XSPX,113.8000,114.5800,113.4200,114.6600,2072
2025-11-24,XSPX,115.5500,116.5300,115.0400,116.5000,1481
2025-11-25,XSPX,116.4800,116.7100,116.0500,116.5600,710
2025-11-26,XSPX,117.7200,118.0200,117.4600,118.0100,4389
2025-11-27,XSPX,117.9400,118.1200,117.9100,117.9200,1518
2025-11-28,XSPX,118.5300,118.5900,118.2300,118.3200,1502
2025-12-01,XSPX,117.6400,117.9100,117.2500,117.9100,12203
2025-12-02,XSPX,117.6600,118.2500,117.6600,117.8200,99
2025-12-03,XSPX,118.0200,118.0200,117.3100,117.6600,2620
2025-12-04,XSPX,117.7800,117.9500,117.7800,117.9000,1619
2025-12-05,XSPX,118.3800,118.6600,118.0200,118.5700,1656
2025-12-08,XSPX,118.4800,118.5800,118.2500,118.2500,11915
2025-12-09,XSPX,118.3100,118.5000,118.0500,118.3300,4418
2025-12-10,XSPX,118.0100,118.1700,117.9100,118.0800,3833
2025-12-11,XSPX,117.3000,117.7000,116.9400,117.2300,4651
2025-12-12,XSPX,118.1000,118.1100,116.7100,116.7300,1280
2025-12-15,XSPX,117.1800,117.3600,116.3900,116.5900,1468
2025-12-16,XSPX,115.8700,116.3300,115.7700,115.7900,4701
2025-12-17,XSPX,116.6900,116.9000,115.4800,115.4600,58
2025-12-18,XSPX,115.3700,116.6400,115.3700,116.4700,1125
2025-12-19,XSPX,116.5200,116.8100,116.3900,117.0600,3391
2025-12-22,XSPX,117.4200,117.4900,117.2200,117.4200,723
2025-12-23,XSPX,117.3100,117.6000,117.0300,117.6000,923
2025-12-29,XSPX,118.0500,118.0800,117.6100,117.8100,3693
2025-12-30,XSPX,117.8500,118.0000,117.8300,117.9800,6712
2026-01-02,XSPX,117.7600,118.1800,117.0400,117.1700,1657
2026-01-05,XSPX,118.1300,118.6500,118.1300,118.4900,870
2026-01-06,XSPX,118.3400,119.0900,118.3300,118.9200,1500
2026-01-07,XSPX,119.2700,119.4200,119.2700,119.4800,847
2026-01-08,XSPX,118.9400,119.3500,118.8500,119.2700,6806
2026-01-09,XSPX,119.3900,119.8200,119.3900,120.1300,1101
2026-01-12,XSPX,119.1900,119.8100,118.9200,119.8700,1476
2026-01-13,XSPX,120.1300,120.1300,119.9000,120.1300,845
2026-01-14,XSPX,119.9400,119.9400,119.0700,119.2200,2882
2026-01-15,XSPX,120.1200,120.7300,120.0700,120.6800,789
2026-01-16,XSPX,120.5100,120.5300,120.0500,120.4400,740
2026-01-19,XSPX,118.8500,119.0700,118.5500,118.5100,2941
2026-01-20,XSPX,117.6700,117.6700,116.7900,117.5100,2921
2026-01-21,XSPX,117.0400,117.9000,116.2700,117.9000,490
2026-01-22,XSPX,118.6600,118.9600,118.3500,118.4900,2839
2026-01-23,XSPX,118.5800,118.5800,118.1100,118.1900,542
2026-01-26,XSPX,117.2800,117.6900,117.1000,117.6200,19009
2026-01-27,XSPX,118.0100,118.0100,117.2000,117.2700,1037
2026-01-28,XSPX,117.4600,117.7100,117.3600,117.5700,1325
2026-01-29,XSPX,117.4000,117.6200,115.9200,116.2600,410
2026-01-30,XSPX,116.2500,117.5700,116.2500,117.3700,1567
2026-02-02,XSPX,116.5900,118.8000,116.5900,118.8000,220
2026-02-03,XSPX,119.0600,119.1700,118.1400,117.9300,2149
2026-02-04,XSPX,117.6800,117.9300,117.2300,117.6500,985
2026-02-05,XSPX,117.2700,117.4400,115.7600,116.2600,2998
2026-02-06,XSPX,115.6400,116.5100,115.6400,117.2600,35
2026-02-09,XSPX,117.5100,117.7400,116.5100,117.7400,963
2026-02-10,XSPX,117.5100,117.8000,117.5100,117.6800,21
2026-02-11,XSPX,117.3400,118.2600,117.1800,117.5400,8138
2026-02-12,XSPX,117.9600,117.9600,117.1000,116.2000,1114
2026-02-13,XSPX,115.8000,116.3000,115.4000,116.1600,3996
2026-02-16,XSPX,116.1100,116.2800,115.8700,115.9800,542
2026-02-17,XSPX,115.8100,116.2300,115.6100,116.2300,1854
2026-02-18,XSPX,116.7700,117.5200,116.6600,117.5200,1733
2026-02-19,XSPX,117.4200,117.5200,117.2800,117.2900,1798
2026-02-20,XSPX,117.7400,117.7500,117.0000,117.4300,12901
2026-02-23,XSPX,116.9700,117.6300,116.6500,116.6500,531
2026-02-24,XSPX,116.9100,117.4500,116.8600,117.3500,1648
2026-02-25,XSPX,117.6300,118.2500,117.6300,118.1400,653
2026-02-26,XSPX,118.3100,118.5500,117.1900,117.7200,169
2026-02-27,XSPX,117.4500,117.4700,116.4300,117.0200,3930
2026-03-02,XSPX,116.3100,118.2100,116.3100,118.0100,2262
2026-03-03,XSPX,117.3500,117.6400,117.1400,117.6400,3886
2026-03-04,XSPX,117.7600,118.3900,117.7600,118.7400,1024
2026-03-05,XSPX,118.8300,118.9200,118.3100,118.4900,2692
2026-03-09,XSPX,116.0600,116.6400,115.5300,116.6400,6893
2026-03-10,XSPX,117.6400,117.9700,117.0700,117.8900,3851
2026-03-11,XSPX,117.6500,118.0300,117.5000,117.5400,4004
2026-03-12,XSPX,117.5700,117.5700,116.8600,117.0400,394
2026-03-13,XSPX,117.3800,117.7900,117.0100,117.0500,2110
2026-03-16,XSPX,117.3800,117.7200,117.0000,117.2500,3624
2026-03-17,XSPX,116.7900,117.8400,116.7900,117.3600,381
2026-03-18,XSPX,117.8700,117.9500,116.6500,116.7400,559
2026-03-19,XSPX,116.2200,116.3400,115.0300,115.0100,594
2026-03-20,XSPX,115.1100,115.2000,114.1100,114.1100,1428
2026-03-23,XSPX,112.7400,115.8000,112.7400,114.4100,16955
2026-03-24,XSPX,114.5100,114.5100,113.6900,114.3900,365
2026-03-25,XSPX,114.8900,114.9900,114.6900,114.9100,3856
2026-03-26,XSPX,113.9400,114.1800,113.9400,113.8200,105
2026-03-27,XSPX,113.5200,113.5200,112.0600,112.0900,3046
2026-03-30,XSPX,111.7700,112.3900,111.7700,112.3500,1125
2026-03-31,XSPX,112.1600,112.6400,112.1600,112.3700,293
2026-04-01,XSPX,114.2900,114.4300,113.9400,114.4300,550
2026-04-02,XSPX,113.3600,114.7100,113.3600,114.6900,315
2026-04-07,XSPX,115.0400,115.2700,113.8900,114.0300,5307
2026-04-08,XSPX,116.8900,117.1000,116.3200,116.5200,890
2026-04-09,XSPX,116.9000,117.0100,116.6200,117.0100,1035
2026-04-10,XSPX,117.5600,117.6100,117.2500,117.3800,294
2026-04-13,XSPX,116.8300,117.3800,116.6000,117.3500,7330
2026-04-14,XSPX,117.9100,118.6600,117.8700,118.6600,1197
2026-04-15,XSPX,119.0400,119.4100,119.0000,119.4100,851
2026-04-16,XSPX,120.2200,120.3400,120.0300,120.3300,766
2026-04-17,XSPX,120.4900,121.7500,120.4900,121.7500,725
2026-04-20,XSPX,121.3200,122.0200,121.3200,121.5200,543
2026-04-21,XSPX,121.8700,122.2000,121.5200,121.5900,179
2026-04-22,XSPX,121.8900,122.4100,121.8900,122.4600,17
2026-04-23,XSPX,122.3500,122.9500,122.3500,122.9500,1819
2026-04-24,XSPX,122.8100,122.8800,122.4500,122.9000,2012
2026-04-27,XSPX,122.8800,122.9200,122.6400,122.8100,1145
2026-04-28,XSPX,123.4500,123.4500,122.4500,122.4500,5641
2026-04-29,XSPX,123.0000,123.0900,123.0000,122.9300,49
2026-04-30,XSPX,123.1400,123.6300,123.0400,123.1700,2128
2026-05-04,XSPX,124.3500,124.5500,124.0000,124.0000,1749
2026-05-05,XSPX,124.5400,124.8900,124.5400,124.9100,12754
2026-05-06,XSPX,125.0800,125.8900,124.9300,125.8700,6739
2026-05-07,XSPX,126.3800,126.4100,126.1700,126.2500,837
2026-05-08,XSPX,126.2100,126.5200,126.1900,126.5200,1690
2026-05-11,XSPX,126.5600,126.7200,126.3800,126.9600,488
2026-05-12,XSPX,126.7500,126.9500,126.2300,126.2600,6905
2026-05-13,XSPX,127.4400,127.8300,127.2500,127.5700,1158
2026-05-14,XSPX,128.3600,129.4400,128.3600,129.6100,20731
2026-05-15,XSPX,128.8900,128.9200,128.5600,128.9000,1659
2026-05-18,XSPX,127.8500,128.2700,127.8000,127.7200,927
2026-05-19,XSPX,128.3100,128.4300,127.5300,127.6300,4236
2026-05-20,XSPX,128.0700,128.6000,128.0700,128.5300,1711
2026-05-21,XSPX,128.7700,129.0800,128.6000,128.9100,5647
2026-05-22,XSPX,129.7500,130.1900,129.7300,130.2500,7398
2026-05-25,XSPX,130.6600,130.7000,130.6000,130.6500,1126
2026-05-26,XSPX,130.3500,130.7600,130.1300,130.4200,6068
2026-05-27,XSPX,130.3700,130.7500,130.1100,130.2700,1411
2026-05-28,XSPX,130.5000,130.8400,130.2500,130.8400,3593
2026-05-29,XSPX,131.1300,131.3200,130.9400,131.0000,5130
2026-06-01,XSPX,131.5600,131.7800,131.4100,131.6600,2856
2026-06-02,XSPX,131.4600,131.5800,131.4300,132.0000,203
2026-06-03,XSPX,132.0900,132.1300,131.5200,131.5200,2565
2026-06-04,XSPX,131.0500,131.2100,130.4800,131.4500,370
2026-06-05,XSPX,130.8700,131.1500,130.8300,130.9500,431
2026-06-08,XSPX,129.5100,130.4700,129.5100,129.9800,3965
2026-06-09,XSPX,129.8700,130.0300,127.8600,127.8600,2290
2026-06-10,XSPX,128.5500,129.0200,127.6200,127.9100,2317
2026-06-11,XSPX,127.7400,128.2500,127.4300,127.5500,5247
2026-06-12,XSPX,128.6000,129.7800,128.6000,129.6500,17215
2026-06-15,XSPX,130.7500,131.5500,130.7300,131.5500,2006
2026-06-16,XSPX,131.5500,131.5700,131.2000,131.2000,544
2026-06-17,XSPX,131.0500,131.0500,130.7400,130.7600,646
2026-06-18,XSPX,131.2000,131.8100,131.2000,131.5600,2193
2026-06-19,XSPX,131.8000,132.0300,131.5000,131.9300,937
2026-06-22,XSPX,132.0200,132.8900,131.4900,131.8000,7658
2026-06-23,XSPX,130.3500,131.2300,130.2500,130.8200,5772
2026-06-24,XSPX,131.1200,131.8900,131.1200,131.8900,5005
2026-06-25,XSPX,131.9500,131.9500,130.2000,130.6600,12289
2026-06-26,XSPX,130.1800,130.2000,129.0000,130.5200,3069
2026-06-29,XSPX,130.5100,131.1800,130.5100,130.8200,2149
2026-06-30,XSPX,131.8900,132.3500,131.8900,132.2300,210
2026-07-01,XSPX,132.1600,133.2600,132.0900,133.2600,1629
2026-07-02,XSPX,132.4400,132.9200,132.0000,131.9200,2604
2026-07-03,XSPX,132.3000,132.3100,132.1900,132.4100,585
2026-07-06,XSPX,132.6300,133.0500,132.5400,133.2300,1988
2026-07-07,XSPX,132.9500,133.0600,132.1400,132.2000,5158
2026-07-08,XSPX,132.2600,132.4600,131.3900,131.6900,3830
2026-07-09,XSPX,132.4400,132.8800,132.4000,132.8800,1387
2026-07-10,XSPX,132.8800,133.6100,132.8800,133.4700,3699
2026-07-13,XSPX,133.5900,133.7500,133.1900,133.7400,10603
2026-07-14,XSPX,133.2800,133.2800,132.7400,133.0700,14472
2026-07-15,XSPX,133.5000,133.8000,133.4000,133.4900,423
2026-07-16,XSPX,133.3200,133.5200,132.9000,133.5000,8285
2026-07-17,XSPX,131.7900,132.2600,131.5000,131.9900,5600
2026-07-20,XSPX,131.7100,132.5400,131.7000,132.4300,1521
2026-07-21,XSPX,132.3400,132.5900,132.1600,132.8200,1276
2026-07-22,XSPX,132.4400,132.9100,132.3500,133.0400,2870
2026-07-23,XSPX,132.1000,132.3500,131.3100,131.3100,4872
2026-07-24,XSPX,131.4800,132.0900,131.4500,132.0500,2548
2026-07-27,XSPX,132.4200,132.6900,131.4700,131.4700,1090
2026-07-28,XSPX,131.4300,132.0300,131.3500,131.7600,2447
2026-07-29,XSPX,131.9400,132.1000,130.7400,130.7900,126
2026-07-30,XSPX,129.6500,129.9400,129.3500,129.2700,2088
2026-07-31,XSPX,130.9500,131.3700,130.6100,130.3700,3054
2026-08-03,XSPX,131.9100,133.0400,131.8600,133.0400,1094
2026-08-04,XSPX,133.7000,135.0100,133.5000,135.0100,1974
2026-08-05,XSPX,135.9500,136.2000,135.3500,135.4100,3020
2026-08-06,XSPX,135.3100,135.3900,135.1900,135.1900,221
2026-08-07,XSPX,135.2300,135.5000,135.1000,135.6100,176
2026-08-10,XSPX,135.6900,135.8500,135.5700,135.7000,206
2026-08-11,XSPX,135.7200,135.9500,135.6200,135.6100,356
2026-08-12,XSPX,135.4700,135.8300,135.4300,135.5900,433
2026-08-13,XSPX,136.0000,136.7000,135.9200,136.3400,1424
2026-08-14,XSPX,136.5000,136.5400,136.0300,135.7800,666
2026-08-17,XSPX,135.8800,135.9000,135.4000,135.5800,21030
2026-08-18,XSPX,134.7700,134.7700,134.2900,134.3600,1233
2026-08-19,XSPX,134.0800,134.2100,133.7500,133.9600,1229
2026-08-20,XSPX,133.5200,133.5800,132.6000,132.9400,292
2026-08-21,XSPX,132.3000,132.8800,132.3000,132.8600,987
2026-08-24,XSPX,132.5200,132.8100,132.4400,132.5900,397
2026-08-25,XSPX,133.0000,133.3000,132.6600,132.8600,1899
2026-08-26,XSPX,132.8800,133.2000,132.8200,133.0500,7944
2026-08-27,XSPX,133.5600,133.9600,133.5600,133.9400,406
2026-08-28,XSPX,134.1500,135.2000,134.1200,135.2600,324
2026-08-31,XSPX,134.2600,134.3100,133.5000,133.5400,4954
2026-09-01,XSPX,133.9800,134.0600,133.1000,133.4200,3828
2026-09-02,XSPX,133.3100,133.6000,133.0300,133.8800,194
2026-09-03,XSPX,133.6800,134.5000,133.5000,134.7000,1137
2026-09-04,XSPX,134.8700,134.8700,134.2500,134.1000,5104
2026-09-07,XSPX,134.3400,134.3400,133.7700,133.8100,800
2026-09-08,XSPX,133.8800,134.1500,133.5700,133.7400,2094
2024-09-09,XSX6,125.9800,126.0400,125.8000,126.1200,61
2024-09-10,XSX6,126.4600,126.4600,125.3000,125.5200,3989
2024-09-11,XSX6,125.8800,126.3400,125.0000,125.4200,914
2024-09-12,XSX6,126.9000,126.9400,126.2200,126.4200,1145
2024-09-13,XSX6,127.0800,127.5600,126.9200,127.3600,1596
2024-09-16,XSX6,127.1400,127.5000,127.1400,127.2600,1649
2024-09-17,XSX6,127.9000,128.1600,127.7400,127.7600,4809
2024-09-18,XSX6,127.4800,127.4800,127.1800,127.1200,1019
2024-09-19,XSX6,128.0800,128.9200,128.0000,128.8000,1053
2024-09-20,XSX6,128.1800,128.1800,127.1600,126.9600,343
2024-09-23,XSX6,126.9400,127.5200,126.9000,127.5000,3765
2024-09-24,XSX6,128.3800,128.4800,128.1000,128.3600,232
2024-09-25,XSX6,128.1800,128.3600,128.0000,128.2200,695
2024-09-26,XSX6,129.4200,129.9000,129.3600,129.8200,479
2024-09-27,XSX6,130.0600,130.4000,130.0600,130.5600,17
2024-09-30,XSX6,130.1800,130.2200,129.1400,129.1400,389
2024-10-01,XSX6,129.3800,129.7600,128.2000,128.7400,5130
2024-10-02,XSX6,129.0400,129.0800,128.2400,128.6200,857
2024-10-03,XSX6,127.8000,128.0000,127.3600,127.3800,927
2024-10-04,XSX6,127.7200,128.1200,127.5400,128.0200,478
2024-10-07,XSX6,127.9600,128.3800,127.6600,128.2600,1090
2024-10-08,XSX6,127.2400,127.8400,127.1400,127.5600,377
2024-10-09,XSX6,127.6000,127.9400,127.6000,128.4400,7711
2024-10-10,XSX6,128.3200,128.5400,127.9800,128.2800,7075
2024-10-11,XSX6,128.0400,128.8200,127.9800,128.9200,1492
2024-10-14,XSX6,129.0000,129.1800,128.8800,129.6000,586
2024-10-15,XSX6,130.1600,130.1600,128.7200,128.7200,464
2024-10-16,XSX6,128.4000,128.5200,128.2400,128.5200,951
2024-10-17,XSX6,128.7600,129.7400,128.7600,129.5800,415
2024-10-18,XSX6,129.9600,129.9600,129.7800,129.8200,1607
2024-10-21,XSX6,129.9000,129.9000,129.1200,128.9800,764
2024-10-22,XSX6,127.9800,128.8400,127.9800,128.7400,193
2024-10-23,XSX6,128.8200,128.8400,128.3000,128.3200,212
2024-10-24,XSX6,128.9600,129.2000,128.5400,128.4200,420
2024-10-25,XSX6,128.3400,128.5200,127.9800,128.3400,2481
2024-10-28,XSX6,128.6400,129.0000,128.4000,128.9600,748
2024-10-29,XSX6,129.2600,129.3200,128.3800,128.1000,1621
2024-10-30,XSX6,127.6400,127.6400,126.2600,126.5400,2415
2024-10-31,XSX6,125.7800,125.8800,124.6000,124.9400,728
2024-11-01,XSX6,125.6000,126.4800,125.6000,126.4800,255
2024-11-04,XSX6,126.4400,126.7200,126.1400,126.0200,17746
2024-11-05,XSX6,125.9600,126.3800,125.8800,126.0200,232
2024-11-06,XSX6,127.4200,127.9600,125.1800,125.3200,922
2024-11-07,XSX6,125.5800,126.2200,125.5800,126.3200,287
2024-11-08,XSX6,126.3400,126.3400,125.3400,125.4200,4497
2024-11-11,XSX6,126.6200,126.9800,126.6200,126.7400,1455
2024-11-12,XSX6,125.5200,125.6200,124.5600,124.2000,721
2024-11-13,XSX6,123.9200,124.0000,123.7400,124.0600,210
2024-11-14,XSX6,124.4200,125.5400,124.4200,125.4800,540
2024-11-15,XSX6,124.6600,125.1400,124.4800,124.5400,1557
2024-11-18,XSX6,124.8000,124.8000,124.0400,124.5000,271
2024-11-19,XSX6,123.5600,124.0400,122.7800,124.0000,592
2024-11-20,XSX6,124.7600,124.8000,123.8800,123.9400,4660
2024-11-21,XSX6,123.7000,124.6000,123.7000,124.5800,49
2024-11-22,XSX6,125.0600,125.9400,124.8800,125.9200,442
2024-11-25,XSX6,126.7600,126.7600,125.9800,126.0400,17068
2024-11-26,XSX6,125.2000,125.4000,125.1000,125.3000,2879
2024-11-27,XSX6,124.9200,125.1000,124.7200,124.9800,551
2024-11-28,XSX6,125.7000,125.7200,125.5600,125.6400,211
2024-11-29,XSX6,125.4800,126.3800,125.3400,126.3800,655
2024-12-02,XSX6,126.1200,127.2600,126.1200,127.2600,507
2024-12-03,XSX6,127.8000,127.9600,127.4200,127.7000,10976
2024-12-04,XSX6,127.9200,128.4000,127.7400,128.0400,1238
2024-12-05,XSX6,128.2800,128.4600,128.2800,128.6600,93
2024-12-06,XSX6,128.8600,129.0600,128.8200,128.8400,403
2024-12-09,XSX6,129.2400,129.2600,128.8400,129.0400,341
2024-12-10,XSX6,128.8600,128.9000,128.4600,128.3400,3497
2024-12-11,XSX6,128.1600,128.7400,128.0000,128.6800,1227
2024-12-12,XSX6,128.9200,128.9200,128.5000,128.4400,1157
2024-12-13,XSX6,128.2600,128.5000,127.8200,127.6800,2822
2024-12-16,XSX6,127.6800,127.7400,127.3200,127.6400,1547
2024-12-17,XSX6,127.2000,127.2000,126.9400,127.0800,2020
2024-12-18,XSX6,127.2400,127.4800,127.1600,127.3200,12122
2024-12-19,XSX6,125.8200,126.1600,125.0800,125.3800,965
2024-12-20,XSX6,124.3400,124.4200,123.1800,124.4800,2197
2024-12-23,XSX6,124.8000,124.8000,124.4400,124.7800,16818
2024-12-27,XSX6,124.6600,125.4800,124.6600,125.4800,510
2024-12-30,XSX6,125.1200,125.3600,124.5000,124.7400,9955
2025-01-02,XSX6,125.4000,126.6600,125.4000,126.6600,853
2025-01-03,XSX6,126.4800,126.4800,125.8000,125.8200,1508
2025-01-06,XSX6,126.0800,126.8000,126.0600,127.1600,244
2025-01-07,XSX6,126.9600,127.3200,126.9600,127.4200,426
2025-01-08,XSX6,127.4800,127.9600,126.5600,127.2400,592
2025-01-09,XSX6,127.3200,127.8200,127.3200,127.6800,306
2025-01-10,XSX6,127.4600,127.7400,126.6400,126.6400,369
2025-01-13,XSX6,126.0000,126.0400,125.5000,125.9600,829
2025-01-14,XSX6,126.6000,126.6000,126.3400,125.8600,203
2025-01-15,XSX6,126.3800,127.6200,126.3000,127.5600,652
2025-01-16,XSX6,128.2000,128.8400,128.2000,128.8400,113
2025-01-17,XSX6,129.2400,129.7800,129.2400,129.7400,1360
2025-01-20,XSX6,129.7800,130.1400,129.5800,129.7400,1474
2025-01-21,XSX6,129.9400,130.1000,129.7800,130.2800,166
2025-01-22,XSX6,130.5800,131.2400,130.5800,130.7600,402
2025-01-23,XSX6,130.8400,131.4200,130.8200,131.4200,721
2025-01-24,XSX6,131.8600,132.0600,131.2200,131.2600,1965
2025-01-27,XSX6,130.5600,131.0600,130.2200,131.2200,790
2025-01-28,XSX6,131.7000,132.2200,131.7000,131.7400,218
2025-01-29,XSX6,132.4000,132.6800,132.3000,132.4400,387
2025-01-30,XSX6,132.8400,133.2400,132.8000,133.6000,568
2025-01-31,XSX6,133.9400,134.3600,133.7000,133.7600,122
2025-02-03,XSX6,131.8000,132.7200,131.7600,132.7200,1688
2025-02-04,XSX6,132.6200,132.8200,132.0000,132.9800,2589
2025-02-05,XSX6,132.7200,133.2600,132.6400,133.3800,252
2025-02-06,XSX6,134.2000,134.9800,134.2000,135.2400,953
2025-02-07,XSX6,135.1200,135.1400,134.5000,134.5000,3073
2025-02-10,XSX6,134.7400,135.3800,134.7400,135.3800,2506
2025-02-11,XSX6,135.3000,135.7200,135.2000,135.7200,542
2025-02-12,XSX6,135.9600,135.9600,135.1400,135.7800,563
2025-02-13,XSX6,136.7600,137.2800,136.3200,137.2800,1375
2025-02-14,XSX6,137.2800,137.4200,136.8200,136.9200,492
2025-02-17,XSX6,137.0400,137.8400,137.0400,137.8400,2339
2025-02-18,XSX6,137.8000,138.3600,137.6800,138.2400,2916
2025-02-19,XSX6,138.3600,138.3600,136.7000,136.8800,4773
2025-02-20,XSX6,137.1400,137.4000,136.6600,136.7800,379
2025-02-21,XSX6,136.9000,137.5200,136.9000,137.5000,1939
2025-02-24,XSX6,137.6800,137.9000,137.0200,137.4600,6559
2025-02-25,XSX6,137.3600,138.3400,137.3600,137.5600,642
2025-02-26,XSX6,138.4600,139.2000,138.1800,139.0200,3907
2025-02-27,XSX6,137.9800,138.6800,137.9200,138.4600,1849
2025-02-28,XSX6,137.5000,138.1400,137.5000,138.2000,1725
2025-03-03,XSX6,138.9000,140.4200,138.3800,139.9200,5034
2025-03-04,XSX6,138.9200,138.9200,137.0400,136.7200,3169
2025-03-05,XSX6,138.2200,139.5600,138.1000,138.1000,2838
2025-03-06,XSX6,138.7600,138.7600,137.3200,138.2000,2667
2025-03-07,XSX6,137.5400,137.7400,136.9400,137.6000,2988
2025-03-10,XSX6,138.1800,138.1800,135.6800,135.9600,7138
2025-03-11,XSX6,135.7200,135.8800,133.3000,133.3800,4022
2025-03-12,XSX6,134.5600,135.2400,133.9000,134.5400,2333
2025-03-13,XSX6,134.6600,135.3200,134.1800,134.3600,4105
2025-03-14,XSX6,134.4200,136.0000,134.3200,135.9800,850
2025-03-17,XSX6,136.2200,137.1000,136.0600,137.1000,2535
2025-03-18,XSX6,137.5600,138.2400,137.4600,137.8600,3814
2025-03-19,XSX6,137.6200,138.3200,137.4800,138.2400,7615
2025-03-20,XSX6,138.2600,138.3800,136.8800,137.5800,252
2025-03-21,XSX6,136.7600,137.0200,136.3600,136.8600,2316
2025-03-24,XSX6,137.6400,137.6400,136.6200,136.6200,356
2025-03-25,XSX6,137.0000,138.0800,137.0000,137.5400,353
2025-03-26,XSX6,136.8200,137.0000,136.5800,136.5600,130
2025-03-27,XSX6,135.4600,136.3400,135.4600,136.2000,3245
2025-03-28,XSX6,136.2000,136.2000,134.7200,135.1400,1131
2025-03-31,XSX6,133.9200,133.9200,132.6200,133.0800,268
2025-04-01,XSX6,134.4200,134.8000,133.9200,134.6200,468
2025-04-02,XSX6,134.1800,134.1800,133.1600,133.9800,217
2025-04-03,XSX6,131.3200,132.3400,130.2400,130.3800,1650
2025-04-04,XSX6,129.1800,129.1800,123.1000,123.9600,5578
2025-04-07,XSX6,124.3200,127.3600,115.5800,118.1400,6283
2025-04-08,XSX6,120.2600,122.7200,119.1800,121.5800,1963
2025-04-09,XSX6,118.5400,119.0200,116.0000,117.1800,2001
2025-04-10,XSX6,127.5400,127.5400,121.6400,121.6400,2127
2025-04-11,XSX6,122.1600,122.3000,119.9600,121.6400,5320
2025-04-14,XSX6,124.1000,125.0200,123.8200,124.7200,3586
2025-04-15,XSX6,125.7800,127.1000,125.7800,127.1000,7543
2025-04-16,XSX6,126.1600,126.2400,125.3200,126.7800,289
2025-04-17,XSX6,126.5400,126.6200,125.9800,126.4200,934
2025-04-22,XSX6,126.2400,127.1200,125.6400,127.0800,544
2025-04-23,XSX6,129.8200,130.0400,128.7200,129.3200,5680
2025-04-24,XSX6,129.1000,129.9600,128.5400,129.9600,843
2025-04-25,XSX6,130.6800,130.6800,130.1000,130.4800,2033
2025-04-28,XSX6,131.1800,131.4400,130.8000,131.0600,697
2025-04-29,XSX6,131.5000,131.7800,131.3200,131.7400,752
2025-04-30,XSX6,132.0200,132.3200,130.9600,132.3000,2666
2025-05-02,XSX6,133.8000,134.6400,133.4800,134.6400,1341
2025-05-05,XSX6,134.8400,135.1200,134.3000,135.0000,15908
2025-05-06,XSX6,135.3000,135.3000,134.1000,134.7000,527
2025-05-07,XSX6,134.4400,134.4400,133.9000,134.0600,1057
2025-05-08,XSX6,134.4600,135.3400,134.4200,134.7800,1106
2025-05-09,XSX6,135.2800,135.5800,135.1600,135.3200,1176
2025-05-12,XSX6,136.6800,137.1000,136.0000,137.1000,1199
2025-05-13,XSX6,137.1800,137.4800,137.0800,137.0600,2116
2025-05-14,XSX6,137.1800,137.1800,136.7600,136.6800,539
2025-05-15,XSX6,136.5200,137.8200,136.3800,137.8200,699
2025-05-16,XSX6,138.5000,138.7800,137.8400,138.3000,6385
2025-05-19,XSX6,138.2000,138.8200,137.7000,138.8200,3183
2025-05-20,XSX6,139.3000,140.0000,139.1000,139.7600,632
2025-05-21,XSX6,139.6600,139.9000,138.9800,139.8400,7342
2025-05-22,XSX6,138.8200,139.0000,138.2400,138.8600,10915
2025-05-23,XSX6,139.4000,139.4000,135.7800,137.7200,814
2025-05-26,XSX6,139.4200,139.4200,139.1400,139.3600,503
2025-05-27,XSX6,139.5000,140.0200,139.4200,139.6200,8794
2025-05-28,XSX6,139.7600,139.8800,138.7400,138.7400,1141
2025-05-29,XSX6,139.7800,139.7800,138.4000,138.6200,1249
2025-05-30,XSX6,139.4600,139.5800,138.8200,138.7800,3246
2025-06-02,XSX6,138.7400,138.7400,137.8800,138.6600,663
2025-06-03,XSX6,139.2200,139.2200,138.0800,138.8200,1527
2025-06-04,XSX6,139.3600,139.6200,139.1800,139.4400,3174
2025-06-05,XSX6,139.7200,140.1000,139.0800,139.7000,856
2025-06-06,XSX6,139.6800,140.2200,139.6200,140.1200,421
2025-06-09,XSX6,140.2800,140.2800,139.7000,140.1000,854
2025-06-10,XSX6,140.2000,140.2400,139.6400,140.1000,2334
2025-06-11,XSX6,140.1800,140.2600,139.4800,139.6400,1616
2025-06-12,XSX6,139.1600,139.4000,138.2400,139.1000,1282
2025-06-13,XSX6,137.8200,138.4400,137.6400,137.8000,9542
2025-06-16,XSX6,138.2600,138.7000,138.0600,138.5200,1567
2025-06-17,XSX6,137.4600,137.5800,136.9400,137.3200,1941
2025-06-18,XSX6,137.3200,137.4000,136.5400,136.7800,10526
2025-06-19,XSX6,136.2000,136.3000,135.7200,135.6200,4281
2025-06-20,XSX6,136.2800,136.8200,135.9000,135.9000,295
2025-06-23,XSX6,135.0200,135.9200,134.9800,135.4800,567
2025-06-24,XSX6,137.1000,137.3600,136.8800,136.9800,3487
2025-06-25,XSX6,137.2800,137.2800,136.0000,136.0000,1355
2025-06-26,XSX6,136.5200,136.5200,136.0000,136.1800,3011
2025-06-27,XSX6,136.9200,137.7200,136.9200,137.7200,274
2025-06-30,XSX6,138.0400,138.0400,137.2000,137.1800,1194
2025-07-01,XSX6,137.4600,137.4600,136.4000,136.9200,4573
2025-07-02,XSX6,137.5600,137.6200,136.5800,137.1600,8013
2025-07-03,XSX6,137.7200,137.7600,137.2200,137.7600,38387
2025-07-04,XSX6,137.3200,137.3200,136.7400,137.0600,4754
2025-07-07,XSX6,137.1800,137.7400,137.1200,137.6600,703
2025-07-08,XSX6,137.7400,138.3400,137.4000,138.3400,2346
2025-07-09,XSX6,138.6400,139.5200,138.5600,139.3800,818
2025-07-10,XSX6,140.0600,140.2600,139.9200,140.2000,1283
2025-07-11,XSX6,139.7600,139.7600,138.6400,138.5600,492
2025-07-14,XSX6,137.8600,138.5000,137.8600,138.6200,1103
2025-07-15,XSX6,138.8000,139.1400,138.1400,138.1400,598
2025-07-16,XSX6,137.8600,138.3000,137.2600,137.2600,9852
2025-07-17,XSX6,138.3000,138.7200,138.2000,138.7200,2214
2025-07-18,XSX6,139.1200,139.2600,138.6400,138.6200,7472
2025-07-21,XSX6,138.6600,138.6800,138.2800,138.5400,941
2025-07-22,XSX6,138.3600,138.3600,137.6800,138.0000,556
2025-07-23,XSX6,139.2400,139.7400,139.2400,139.5600,625
2025-07-24,XSX6,140.2200,140.5200,139.7600,139.8800,687
2025-07-25,XSX6,139.2600,139.4800,139.1000,139.3800,7502
2025-07-28,XSX6,140.7600,140.7600,138.9600,139.0800,755
2025-07-29,XSX6,139.6000,140.5200,139.4800,139.4800,3389
2025-07-30,XSX6,139.2800,139.8200,139.1800,139.5000,2667
2025-07-31,XSX6,139.8400,140.1000,138.5000,138.5000,1927
2025-08-01,XSX6,136.9400,137.1400,135.0000,135.2800,4498
2025-08-04,XSX6,135.9600,137.1000,135.9600,137.1000,3016
2025-08-05,XSX6,137.6600,137.9200,137.3000,137.3400,1303
2025-08-06,XSX6,137.8600,137.8600,137.1200,137.2600,672
2025-08-07,XSX6,137.4000,138.9000,137.4000,138.6000,1298
2025-08-08,XSX6,138.7600,138.9800,138.6600,138.8600,1033
2025-08-11,XSX6,139.3600,139.3600,138.7400,138.7800,512
2025-08-12,XSX6,139.2600,139.2600,138.6600,139.1000,5558
2025-08-13,XSX6,139.6200,139.9000,139.6000,139.8200,2287
2025-08-14,XSX6,139.9400,140.6000,139.9400,140.6600,467
2025-08-18,XSX6,140.6000,140.8400,140.3400,140.8400,983
2025-08-19,XSX6,140.9800,141.7000,140.8800,141.8000,212
2025-08-20,XSX6,141.3000,142.2800,141.3000,142.1200,185
2025-08-21,XSX6,142.0200,142.0800,141.5400,142.0200,483
2025-08-22,XSX6,142.1800,143.0800,142.1800,142.7000,258
2025-08-25,XSX6,142.3400,142.5200,141.9600,141.9600,1734
2025-08-26,XSX6,141.1400,141.2400,140.6800,140.8400,3213
2025-08-27,XSX6,141.2400,141.2400,140.6800,140.9600,929
2025-08-28,XSX6,141.5200,141.5200,140.5000,140.7600,201
2025-08-29,XSX6,140.5200,140.5200,139.8600,139.8600,1924
2025-09-01,XSX6,140.2400,140.3600,139.9200,140.1800,717
2025-09-02,XSX6,139.9400,139.9400,138.0000,138.0000,4794
2025-09-03,XSX6,138.7200,139.1000,138.2200,138.8800,2813
2025-09-04,XSX6,139.0000,139.7800,139.0000,139.8000,632
2025-09-05,XSX6,140.1800,140.2800,139.3000,139.4400,1853
2025-09-08,XSX6,140.0600,140.3400,139.7400,140.3400,913
2025-09-09,XSX6,140.7400,140.7400,140.0800,140.4200,740
2025-09-10,XSX6,140.9200,141.1600,140.3000,140.2800,2276
2025-09-11,XSX6,140.6800,141.1600,140.3800,141.0800,275
2025-09-12,XSX6,141.2800,141.2800,140.8200,141.0600,1315
2025-09-15,XSX6,141.4200,141.9400,141.3600,141.6800,1140
2025-09-16,XSX6,141.3400,141.5000,140.0000,140.0200,1281
2025-09-17,XSX6,140.2200,140.3200,139.9800,139.9600,696
2025-09-18,XSX6,140.6000,141.2200,140.6000,141.1200,2356
2025-09-19,XSX6,141.1200,141.4800,140.8800,140.8800,3613
2025-09-22,XSX6,140.9000,140.9000,140.4400,140.7200,1490
2025-09-23,XSX6,141.1200,141.5200,141.0200,141.0800,962
2025-09-24,XSX6,140.8400,141.0000,140.3400,140.9000,749
2025-09-25,XSX6,140.3400,140.5200,139.6600,139.9200,1694
2025-09-26,XSX6,140.2400,140.9800,140.2400,140.9600,2294
2025-09-29,XSX6,141.3400,141.6000,141.1000,141.5200,604
2025-09-30,XSX6,141.1000,142.0000,140.7800,141.9600,975
2025-10-01,XSX6,142.1000,143.6400,142.0800,143.6400,11494
2025-10-02,XSX6,144.6600,144.8200,144.4000,144.4800,9472
2025-10-03,XSX6,144.8400,145.0800,144.6400,145.0400,6022
2025-10-06,XSX6,145.0200,145.1400,144.5000,145.0600,14646
2025-10-07,XSX6,144.9600,145.2600,144.7800,144.8000,126
2025-10-08,XSX6,145.1000,146.0000,145.1000,145.9200,1520
2025-10-09,XSX6,145.7400,145.9600,145.4400,145.3800,918
2025-10-10,XSX6,145.4000,145.4600,143.4600,143.5000,885
2025-10-13,XSX6,143.9600,144.5000,143.7600,144.1000,982
2025-10-14,XSX6,143.0400,143.6400,142.6600,143.5600,3363
2025-10-15,XSX6,144.6800,144.7200,144.2600,144.4200,4357
2025-10-16,XSX6,144.5400,145.4200,144.3800,145.4200,1984
2025-10-17,XSX6,143.3400,144.7000,142.8000,144.0600,2992
2025-10-20,XSX6,144.9000,145.4800,144.8400,145.4800,959
2025-10-21,XSX6,145.6800,145.9200,145.5600,145.7800,2198
2025-10-22,XSX6,145.4000,145.9600,145.4000,145.5200,710
2025-10-23,XSX6,145.8800,146.1200,145.8200,146.1200,263
2025-10-27,XSX6,146.7400,146.8200,146.4800,146.8000,361
2025-10-28,XSX6,146.5000,146.5400,146.3200,146.5400,1295
2025-10-29,XSX6,146.5000,146.9800,146.3800,146.3000,94
2025-10-30,XSX6,146.2800,146.3600,145.6800,146.2000,91
2025-10-31,XSX6,146.1400,146.1400,145.4000,145.4600,1131
2025-11-03,XSX6,145.6200,146.2600,145.6200,145.6800,562
2025-11-04,XSX6,144.0800,145.1200,143.2600,145.1200,1643
2025-11-05,XSX6,144.1600,145.6600,144.1600,145.5000,311
2025-11-06,XSX6,145.2400,145.4200,144.4000,144.4400,544
2025-11-07,XSX6,144.8400,144.8600,143.3600,143.8400,3000
2025-11-10,XSX6,145.4000,145.9800,145.1800,145.8800,1017
2025-11-11,XSX6,146.5200,147.4600,146.5200,147.7800,391
2025-11-12,XSX6,148.2200,149.0000,148.2200,148.7400,1849
2025-11-13,XSX6,149.2800,149.2800,147.9000,147.9000,914
2025-11-14,XSX6,146.6600,146.6800,145.1800,146.4600,732
2025-11-17,XSX6,146.6800,146.6800,145.5200,145.6200,3398
2025-11-18,XSX6,143.8600,144.0400,142.7000,143.1400,4103
2025-11-19,XSX6,143.1600,143.9800,142.6800,143.2400,611
2025-11-20,XSX6,144.5000,144.6400,143.6800,143.6800,16648
2025-11-21,XSX6,141.9600,143.0800,141.9000,143.0200,20352
2025-11-24,XSX6,143.8600,144.1000,143.2000,143.5600,14889
2025-11-25,XSX6,143.7400,144.6000,143.3000,144.7400,4206
2025-11-26,XSX6,145.2600,145.9400,144.8800,146.2400,457
2025-11-27,XSX6,146.4000,146.6000,146.2000,146.4400,1737
2025-11-28,XSX6,146.8800,147.0600,146.3200,146.8400,773
2025-12-01,XSX6,146.2600,146.7400,145.9600,146.5200,2281
2025-12-02,XSX6,146.4200,146.9600,146.4200,146.6600,1516
2025-12-03,XSX6,147.0000,147.2800,146.5200,146.8200,1798
2025-12-04,XSX6,147.2400,147.7000,146.9600,147.6200,8523
2025-12-05,XSX6,147.7800,148.1600,147.5000,147.5000,2769
2025-12-08,XSX6,147.4200,147.6400,147.3600,147.4600,371
2025-12-09,XSX6,148.2400,148.2400,147.2600,147.3800,2338
2025-12-10,XSX6,147.1800,147.4200,146.7800,147.3000,912
2025-12-11,XSX6,147.1200,148.2200,147.1200,148.1400,516
2025-12-12,XSX6,148.5000,149.0000,147.3400,147.3400,2822
2025-12-15,XSX6,148.0000,148.7400,148.0000,148.5400,852
2025-12-16,XSX6,148.2600,148.7200,147.5800,147.9400,1518
2025-12-17,XSX6,148.2600,148.4800,147.8600,147.7800,1686
2025-12-18,XSX6,147.6600,149.1600,147.6600,149.1600,6357
2025-12-19,XSX6,149.1600,149.9600,149.0000,149.8000,945
2025-12-22,XSX6,149.6600,149.8400,149.1600,149.6000,1243
2025-12-23,XSX6,149.8400,150.3200,149.7400,150.1600,429
2025-12-29,XSX6,150.1800,150.4200,149.9400,150.3200,7889
2025-12-30,XSX6,150.3200,151.4400,150.3200,151.4000,426
2026-01-02,XSX6,152.1000,152.4600,151.5600,152.1800,2648
2026-01-05,XSX6,152.7800,153.6200,152.5000,153.6200,1709
2026-01-06,XSX6,154.1000,154.6800,153.6200,154.4200,1104
2026-01-07,XSX6,154.5400,154.5400,154.0400,154.3200,2694
2026-01-08,XSX6,154.0600,154.2600,153.7400,154.1000,794
2026-01-09,XSX6,154.5000,155.4400,154.5000,155.5000,771
2026-01-12,XSX6,155.3200,155.9800,155.0600,155.8800,13901
2026-01-13,XSX6,156.0000,156.1200,155.3800,155.7000,6832
2026-01-14,XSX6,156.0600,156.2200,155.7600,156.0200,2606
2026-01-15,XSX6,156.5800,156.9200,156.4800,156.8600,2646
2026-01-16,XSX6,156.7600,156.8200,156.3400,156.6800,2047
2026-01-19,XSX6,154.7800,155.5400,154.6400,154.9200,3029
2026-01-20,XSX6,153.8200,153.8400,152.6600,153.8400,3092
2026-01-21,XSX6,153.5800,154.1000,152.5600,153.8800,2522
2026-01-22,XSX6,155.6400,155.9600,155.2400,155.3600,2380
2026-01-23,XSX6,155.0800,155.3800,154.9200,155.3200,751
2026-01-26,XSX6,155.4200,155.8400,155.0000,155.4400,1221
2026-01-27,XSX6,156.0400,156.5400,155.7000,156.3800,1373
2026-01-28,XSX6,156.5000,156.5000,155.2000,155.3600,2295
2026-01-29,XSX6,155.8000,156.5000,154.8000,154.8200,1864
2026-01-30,XSX6,155.1600,156.2600,155.1600,155.7800,621
2026-02-02,XSX6,155.0000,157.7000,155.0000,157.6400,3605
2026-02-03,XSX6,158.5600,158.9800,157.0400,157.7000,2481
2026-02-04,XSX6,157.4400,158.7000,157.4400,157.7800,853
2026-02-05,XSX6,157.5200,157.6600,155.5800,156.0800,2385
2026-02-06,XSX6,155.7800,157.6200,155.7800,157.4400,8252
2026-02-09,XSX6,158.0600,158.5800,157.5200,158.5800,1290
2026-02-10,XSX6,158.5200,158.8000,158.3200,158.5000,1804
2026-02-11,XSX6,158.7000,159.0200,157.9800,158.7200,1183
2026-02-12,XSX6,159.6600,159.6600,157.6800,157.8200,3446
2026-02-13,XSX6,157.7200,157.9400,157.0800,157.6400,3303
2026-02-16,XSX6,158.1000,158.5000,157.9200,157.9200,1726
2026-02-17,XSX6,158.0000,158.3800,157.9200,158.7000,4460
2026-02-18,XSX6,159.4000,160.6600,159.4000,160.5800,1028
2026-02-19,XSX6,160.4400,160.4400,159.4400,159.5800,928
2026-02-20,XSX6,160.2800,161.0800,160.0000,160.9400,3164
2026-02-23,XSX6,160.8400,161.1800,160.1200,160.4400,2512
2026-02-24,XSX6,160.0600,161.0800,160.0000,160.7800,7891
2026-02-25,XSX6,161.5200,161.8600,161.3400,161.7800,1495
2026-02-26,XSX6,161.8200,162.2200,161.3600,161.8000,752
2026-02-27,XSX6,161.9800,162.3800,161.4800,161.8600,1314
2026-03-02,XSX6,159.1400,159.8200,158.7000,159.3600,4130
2026-03-03,XSX6,157.1400,157.1400,153.4400,154.5000,5091
2026-03-04,XSX6,155.0600,156.8800,154.5000,156.4800,2819
2026-03-05,XSX6,156.1200,157.4000,154.3400,154.4800,2766
2026-03-09,XSX6,149.5800,152.1000,149.2600,152.0600,3143
2026-03-10,XSX6,154.9600,155.7200,154.1600,154.8600,1283
2026-03-11,XSX6,153.8400,154.5600,153.1600,153.6600,5065
2026-03-12,XSX6,153.6800,154.2200,152.7600,153.1000,3044
2026-03-13,XSX6,152.0200,154.0000,151.5000,152.4000,3110
2026-03-16,XSX6,152.7600,153.7600,151.8000,153.1000,1208
2026-03-17,XSX6,152.9600,154.7600,152.7600,154.1000,1165
2026-03-18,XSX6,154.7600,155.1200,152.6200,153.0800,3294
2026-03-19,XSX6,151.0400,151.1600,148.8000,149.3000,4223
2026-03-20,XSX6,150.6000,150.7800,146.6800,146.6800,5895
2026-03-23,XSX6,144.3000,150.1600,143.4000,147.7200,7006
2026-03-24,XSX6,148.2600,148.4200,147.0000,148.2600,587
2026-03-25,XSX6,150.2400,150.8000,149.8000,150.5200,916
2026-03-26,XSX6,149.6000,149.6800,148.6000,148.7200,517
2026-03-27,XSX6,148.8800,148.8800,146.9000,147.4400,525
2026-03-30,XSX6,147.0600,148.9400,147.0600,148.7400,15599
2026-03-31,XSX6,149.1600,150.5000,148.8200,149.7400,24331
2026-04-01,XSX6,153.4400,153.4400,152.2400,153.3800,4009
2026-04-02,XSX6,151.2200,153.3400,150.9600,153.2000,321
2026-04-07,XSX6,152.9600,154.1600,151.3800,151.5000,5677
2026-04-08,XSX6,158.0800,158.2200,156.8400,157.6200,3436
2026-04-09,XSX6,157.4000,157.4000,156.4200,156.9200,1442
2026-04-10,XSX6,157.5000,158.6800,157.5000,157.9600,4677
2026-04-13,XSX6,156.7800,157.7600,156.6400,157.6800,1338
2026-04-14,XSX6,158.5800,159.1000,158.5600,159.1400,1373
2026-04-15,XSX6,159.1000,159.5000,158.5600,158.5600,1623
2026-04-16,XSX6,159.0600,159.4200,158.6000,158.5000,589
2026-04-17,XSX6,158.5400,160.9200,158.5400,160.9000,663
2026-04-20,XSX6,159.6600,160.0600,159.3800,159.8000,7468
2026-04-21,XSX6,160.0200,160.3400,158.5000,158.5000,255
2026-04-22,XSX6,159.1400,159.1400,158.0000,158.1000,1953
2026-04-23,XSX6,157.3600,158.3400,157.1600,158.1200,1068
2026-04-24,XSX6,157.6400,157.8200,156.5800,157.3000,1940
2026-04-27,XSX6,157.6200,158.0400,156.8600,156.8600,575
2026-04-28,XSX6,156.5200,157.1400,155.8000,156.3400,3167
2026-04-29,XSX6,156.7400,156.7400,155.1200,155.4400,5427
2026-04-30,XSX6,154.5600,157.4200,154.5600,157.6200,6272
2026-05-04,XSX6,158.1000,158.1600,155.8000,155.8000,1832
2026-05-05,XSX6,156.1600,157.5000,156.1600,157.5000,4344
2026-05-06,XSX6,159.2000,161.7600,159.2000,160.9800,10370
2026-05-07,XSX6,161.1000,161.4400,159.2000,159.2000,9148
2026-05-08,XSX6,157.9200,158.8200,157.4400,158.2800,1857
2026-05-11,XSX6,158.3800,158.5200,158.0600,158.5200,1451
2026-05-12,XSX6,156.6400,157.7000,156.6400,156.9600,994
2026-05-13,XSX6,158.2600,158.3000,157.0000,158.0400,1579
2026-05-14,XSX6,159.1800,160.0600,159.1800,159.8000,1376
2026-05-15,XSX6,158.2600,158.5600,156.7600,157.0400,1723
2026-05-18,XSX6,156.3200,158.5200,156.0000,158.2800,5350
2026-05-19,XSX6,158.6200,159.6600,158.5200,158.5200,2263
2026-05-20,XSX6,158.2400,160.8800,158.2400,160.8600,2965
2026-05-21,XSX6,160.7200,161.4200,160.1600,160.8400,387
2026-05-22,XSX6,161.9200,162.4800,161.5600,162.1600,559
2026-05-25,XSX6,163.6200,165.0200,163.6200,165.0000,2396
2026-05-26,XSX6,164.0800,164.1000,163.0000,163.0000,2041
2026-05-27,XSX6,163.5400,163.9800,162.6800,163.0800,1162
2026-05-28,XSX6,162.4600,162.6000,161.7000,162.3600,728
2026-05-29,XSX6,162.9600,163.4200,162.4600,162.4600,4879
2026-06-01,XSX6,162.4400,162.6000,160.7800,161.4800,11436
2026-06-02,XSX6,162.3800,162.9200,161.9200,162.5200,4325
2026-06-03,XSX6,162.1600,162.3000,161.3600,161.3600,2323
2026-06-04,XSX6,162.0400,162.1400,161.1600,162.1000,4813
2026-06-05,XSX6,162.0600,162.7800,161.7800,161.7800,7994
2026-06-08,XSX6,160.4200,161.8000,160.4000,161.5200,2448
2026-06-09,XSX6,161.6800,163.0000,160.7200,160.7200,17920
2026-06-10,XSX6,161.0000,161.3000,159.1200,160.7400,5121
2026-06-11,XSX6,160.9000,162.2600,160.8000,161.6000,640
2026-06-12,XSX6,163.3400,164.6000,163.1800,164.6000,1128
2026-06-15,XSX6,166.8200,166.8200,164.9200,165.0000,1712
2026-06-16,XSX6,165.3200,165.9000,165.1400,165.3400,470
2026-06-17,XSX6,165.3200,166.0000,165.3200,166.1400,882
2026-06-18,XSX6,166.1800,166.1800,165.2800,165.6400,525
2026-06-19,XSX6,165.6400,166.0000,165.1400,165.2600,1749
2026-06-22,XSX6,165.5200,166.3400,164.9600,166.2200,2229
2026-06-23,XSX6,164.6600,165.4800,164.4200,165.0200,879
2026-06-24,XSX6,165.0200,165.2200,164.5800,165.2200,7261
2026-06-25,XSX6,165.4800,166.7400,165.4800,166.4400,554
2026-06-26,XSX6,165.8800,165.8800,164.5400,165.4200,1100
2026-06-29,XSX6,165.4000,165.7200,165.0600,165.4400,1680
2026-06-30,XSX6,166.4600,167.3600,166.4000,167.0600,2977
2026-07-01,XSX6,166.4800,166.9200,166.0000,166.3600,4273
2026-07-02,XSX6,166.1000,169.2800,166.1000,168.7000,2668
2026-07-03,XSX6,169.4400,169.7800,168.6400,169.8800,1286
2026-07-06,XSX6,169.7200,170.3000,168.9800,169.3000,819
2026-07-07,XSX6,169.5200,169.6200,168.2000,168.2000,978
2026-07-08,XSX6,167.0800,167.2000,165.0600,165.4600,12745
2026-07-09,XSX6,166.5000,166.8600,165.5600,166.8600,297
2026-07-10,XSX6,166.7800,167.0800,166.7800,166.8800,2915
2026-07-13,XSX6,166.5800,167.0200,166.3600,166.8200,12349
2026-07-14,XSX6,165.7800,167.0400,165.3600,166.9800,5640
2026-07-15,XSX6,167.1400,167.3600,166.7200,167.2200,2385
2026-07-16,XSX6,167.2200,167.5400,165.6000,167.5400,3204
2026-07-17,XSX6,166.5400,166.9400,166.0600,166.9200,4316
2026-07-20,XSX6,166.7000,167.3600,166.4400,166.5600,9404
2026-07-21,XSX6,166.9600,167.2200,166.3800,167.3000,378
2026-07-22,XSX6,166.8800,168.7600,166.8800,168.4000,963
2026-07-23,XSX6,167.3800,168.1800,166.0800,166.4000,677
2026-07-24,XSX6,166.4600,167.5200,166.4600,167.8800,743
2026-07-27,XSX6,169.1800,169.4200,168.1800,168.1400,2194
2026-07-28,XSX6,168.1200,168.5400,167.7200,168.5800,1085
2026-07-29,XSX6,168.8800,168.9600,167.7000,167.9800,3709
2026-07-30,XSX6,168.0600,169.3600,168.0600,169.1200,767
2026-07-31,XSX6,170.1600,171.0200,168.9000,169.1000,3912
2026-08-03,XSX6,169.6800,170.1400,169.6400,169.8200,3122
2026-08-04,XSX6,170.9200,171.3400,170.4600,171.1200,3885
2026-08-05,XSX6,171.9000,171.9000,171.0600,171.1200,6121
2026-08-06,XSX6,171.7400,172.2200,171.7400,171.6200,166
2026-08-07,XSX6,171.9400,172.8800,171.8400,172.1200,1187
2026-08-10,XSX6,172.1800,172.5000,171.8000,172.0000,13153
2026-08-11,XSX6,172.1600,172.4800,171.7400,172.0000,588
2026-08-12,XSX6,172.3200,172.3600,171.6200,171.7000,7012
2026-08-13,XSX6,172.1800,172.3600,171.8000,171.8000,3601
2026-08-14,XSX6,171.9800,172.0600,171.4800,171.4800,902
2026-08-17,XSX6,171.9200,172.0000,171.1200,171.1200,5194
2026-08-18,XSX6,170.7600,170.7600,169.8000,169.8000,6055
2026-08-19,XSX6,170.0400,170.0400,169.6000,169.8400,5832
2026-08-20,XSX6,169.6000,169.6800,169.0800,169.6000,451
2026-08-21,XSX6,169.5800,170.5600,169.5800,170.3600,213
2026-08-24,XSX6,170.3400,170.7000,170.3400,170.5400,1967
2026-08-25,XSX6,171.1000,171.4800,170.8400,171.1600,597
2026-08-26,XSX6,171.4200,171.5200,171.2000,171.0000,588
2026-08-27,XSX6,170.7200,170.7200,169.6600,170.0400,6092
2026-08-28,XSX6,171.0600,171.0600,170.6400,170.9600,586
2026-08-31,XSX6,170.8000,170.8800,169.8200,169.7200,277
2026-09-01,XSX6,169.7600,170.1400,168.4600,168.9800,5675
2026-09-02,XSX6,168.9200,169.0000,167.7400,168.5600,3351
2026-09-03,XSX6,168.5600,169.4000,168.5400,169.4400,432
2026-09-04,XSX6,169.1800,169.7600,169.1000,169.6200,212
2026-09-07,XSX6,169.5200,169.7000,169.1800,169.5600,857
2026-09-08,XSX6,169.1600,169.6000,168.6000,169.5200,3480
2024-09-09,XUTD,179.8300,180.0900,179.8300,180.1100,233
2024-09-10,XUTD,180.0600,181.0000,180.0600,180.9000,189
2024-09-11,XUTD,181.0800,181.0800,181.0800,181.4400,55
2024-09-12,XUTD,181.1400,181.1400,180.9800,180.5000,191
2024-09-13,XUTD,180.1600,180.1600,179.7700,179.9800,285
2024-09-16,XUTD,179.7200,179.7400,179.4200,179.8500,86
2024-09-17,XUTD,179.7800,179.7800,179.7200,179.8000,4
2024-09-18,XUTD,179.7800,179.7800,179.0600,179.3200,58
2024-09-19,XUTD,178.9000,178.9000,178.3400,178.4800,139
2024-09-20,XUTD,178.3000,178.3800,178.0000,178.2800,35
2024-09-23,XUTD,178.6600,178.9300,178.1600,178.2000,393
2024-09-24,XUTD,178.1900,178.3900,177.9200,178.2400,871
2024-09-25,XUTD,177.7300,177.8400,177.2800,177.8700,132
2024-09-26,XUTD,178.4100,178.4100,178.1600,177.3700,88
2024-09-27,XUTD,177.8200,177.8200,177.5000,177.8600,283
2024-09-30,XUTD,177.8600,177.8600,177.8600,177.8600,0
2024-10-01,XUTD,179.0500,180.0700,179.0500,180.0700,151
2024-10-02,XUTD,180.0700,180.0700,180.0700,180.0700,0
2024-10-03,XUTD,179.5000,179.7900,179.3000,179.8100,106
2024-10-04,XUTD,179.2000,179.2000,178.9500,179.1500,686
2024-10-07,XUTD,178.7400,178.7400,178.3800,178.2400,497
2024-10-08,XUTD,177.9500,178.6100,177.9500,178.6100,73
2024-10-09,XUTD,178.6500,178.7100,178.5600,178.4100,60
2024-10-10,XUTD,178.3200,178.5100,178.3200,178.6400,17
2024-10-11,XUTD,178.0000,178.0000,177.8500,178.2000,160
2024-10-14,XUTD,178.3700,178.3700,178.2000,178.3400,626
2024-10-15,XUTD,179.0900,179.5500,179.0900,179.5500,17
2024-10-16,XUTD,180.1100,180.1100,180.0500,180.4700,118
2024-10-17,XUTD,180.4700,180.4700,180.1800,180.1200,300
2024-10-18,XUTD,179.7400,179.9700,179.7400,179.9600,3061
2024-10-21,XUTD,179.9200,179.9200,179.3500,179.4900,7588
2024-10-22,XUTD,179.2500,179.6600,179.2500,179.3300,1002
2024-10-23,XUTD,179.7400,179.8900,179.7300,179.8900,82
2024-10-24,XUTD,179.7800,179.9900,179.7800,179.7900,130
2024-10-25,XUTD,179.1400,179.1400,179.1400,179.3900,55
2024-10-28,XUTD,178.6900,179.1700,178.6900,178.4900,259
2024-10-29,XUTD,178.5000,178.5000,178.5000,178.6100,140
2024-10-30,XUTD,178.8500,178.8500,178.2200,178.4700,108
2024-10-31,XUTD,178.0000,178.2500,177.7400,178.1700,24
2024-11-01,XUTD,178.2100,178.2100,177.9900,177.9900,26
2024-11-04,XUTD,177.5000,177.7100,177.4200,177.6100,111
2024-11-05,XUTD,177.4000,177.4000,177.0000,176.6900,48
2024-11-06,XUTD,178.8200,179.5200,178.6100,178.7500,180
2024-11-07,XUTD,178.6200,178.6700,178.2000,178.7500,177
2024-11-08,XUTD,179.4300,180.2600,179.4000,180.2900,414
2024-11-11,XUTD,180.4800,180.8900,180.4800,181.3300,172
2024-11-12,XUTD,181.7300,181.9400,181.3700,181.4200,315
2024-11-13,XUTD,179.9000,180.6300,179.9000,180.3600,402
2024-11-14,XUTD,181.0600,181.0600,180.7900,180.6400,318
2024-11-15,XUTD,180.7300,180.7300,180.3500,180.6200,51
2024-11-18,XUTD,180.4900,180.6900,180.1500,180.2400,892
2024-11-19,XUTD,180.6500,181.8500,180.6500,180.6700,2050
2024-11-20,XUTD,180.7400,181.1400,180.7400,181.8700,2107
2024-11-21,XUTD,181.7000,181.9900,181.7000,182.1200,350
2024-11-22,XUTD,183.5500,183.6200,183.5500,183.6300,200
2024-11-25,XUTD,183.3400,183.3400,182.6800,183.3200,217
2024-11-26,XUTD,183.3500,183.3500,182.9300,183.3600,304
2024-11-27,XUTD,183.5000,183.5000,183.1600,182.5400,164
2024-11-28,XUTD,183.9300,183.9400,182.8300,182.9500,564
2024-11-29,XUTD,183.1100,183.4000,182.9600,183.1100,250
2024-12-02,XUTD,184.4600,184.9700,183.7100,184.9700,340
2024-12-03,XUTD,183.8400,183.9800,183.7700,183.9800,502
2024-12-04,XUTD,183.7700,183.8700,183.6700,183.9200,419
2024-12-05,XUTD,183.9600,183.9600,183.8200,183.3400,62
2024-12-06,XUTD,183.9900,183.9900,183.9900,183.6600,1469
2024-12-09,XUTD,183.8000,183.8000,183.3700,183.4200,53
2024-12-10,XUTD,183.8800,183.9000,183.7800,184.1100,323
2024-12-11,XUTD,184.1100,184.2400,183.8400,184.2600,271
2024-12-12,XUTD,183.4800,183.4800,183.2000,183.7000,180
2024-12-13,XUTD,183.9600,183.9600,182.8600,182.7300,3010
2024-12-16,XUTD,182.9000,182.9000,182.4000,182.4000,51
2024-12-17,XUTD,182.6100,182.6100,182.5800,182.6900,35
2024-12-18,XUTD,182.7500,182.7500,182.7300,183.0400,44
2024-12-19,XUTD,182.7600,183.1600,182.7600,183.2200,55
2024-12-20,XUTD,183.2900,183.4500,183.2900,183.0700,37
2024-12-23,XUTD,183.9200,183.9200,182.7700,182.8700,16
2024-12-27,XUTD,182.3500,182.3500,181.9900,182.1300,136
2024-12-30,XUTD,182.3900,183.3700,182.3900,183.4800,4011
2025-01-02,XUTD,184.1600,185.9000,184.1600,185.9000,225
2025-01-03,XUTD,185.1200,185.1500,185.1200,184.9300,193
2025-01-06,XUTD,184.1300,184.1300,182.5900,182.8500,1279
2025-01-07,XUTD,182.6800,182.6800,182.5000,182.5700,47
2025-01-08,XUTD,183.7400,183.9900,183.7400,183.9900,33
2025-01-09,XUTD,184.2700,184.2700,184.2700,184.3400,168
2025-01-10,XUTD,184.1000,184.1000,183.7900,184.4700,289
2025-01-13,XUTD,184.2500,185.0100,184.2500,184.5300,334
2025-01-14,XUTD,184.1000,184.1000,183.6000,183.1800,89
2025-01-15,XUTD,183.1500,184.7200,183.1500,184.7200,23
2025-01-16,XUTD,184.2300,184.7700,184.2300,184.7700,272
2025-01-17,XUTD,185.4500,185.4500,184.8700,184.8500,262
2025-01-20,XUTD,184.4900,184.4900,182.9300,183.1500,357
2025-01-21,XUTD,184.0900,184.2300,183.4000,183.2100,56
2025-01-22,XUTD,183.2700,183.2700,182.8000,182.9100,272
2025-01-23,XUTD,183.4400,183.4400,182.7800,182.9100,81
2025-01-24,XUTD,181.3800,181.6500,181.1500,181.1700,364
2025-01-27,XUTD,182.8000,182.8000,181.5900,182.0400,190
2025-01-28,XUTD,183.2900,183.4700,183.2100,183.2100,332
2025-01-29,XUTD,184.0600,184.4300,184.0600,183.6700,11
2025-01-30,XUTD,183.7200,184.3300,183.7200,183.7100,218
2025-01-31,XUTD,184.5600,184.7800,184.4600,184.3600,364
2025-02-03,XUTD,187.3200,188.1200,185.6800,186.2800,1176
2025-02-04,XUTD,185.2300,185.2300,184.6200,184.6300,435
2025-02-05,XUTD,184.4800,184.4800,184.4800,185.1400,1
2025-02-06,XUTD,185.9000,185.9000,185.9000,185.7000,118
2025-02-07,XUTD,184.9700,186.1200,184.9600,185.9300,148
2025-02-10,XUTD,185.9800,186.6100,185.9800,186.6100,203
2025-02-11,XUTD,185.8900,186.0100,185.4200,185.3400,1939
2025-02-12,XUTD,184.8600,184.8600,184.0600,183.9900,446
2025-02-13,XUTD,183.6700,184.4200,183.3500,183.6400,520
2025-02-14,XUTD,183.2900,183.4200,182.8800,183.3800,1396
2025-02-17,XUTD,183.4200,183.9900,183.2600,183.5500,1340
2025-02-18,XUTD,183.6400,183.8000,183.6000,183.4900,351
2025-02-19,XUTD,182.0200,182.3200,181.7800,182.7300,492
2025-02-20,XUTD,182.6900,182.6900,182.0200,182.1700,279
2025-02-21,XUTD,182.0900,182.6000,181.7800,182.8600,1605
2025-02-24,XUTD,182.5100,183.2600,182.5100,183.1100,533
2025-02-25,XUTD,184.1400,184.1400,183.4600,183.6700,263
2025-02-26,XUTD,183.3000,184.0600,183.3000,183.5500,112
2025-02-27,XUTD,184.2400,185.5500,184.0900,185.5600,242
2025-02-28,XUTD,185.8700,186.0700,185.8500,186.2400,586
2025-03-03,XUTD,186.2000,186.2000,184.7000,185.1100,263
2025-03-04,XUTD,184.4600,185.1000,184.4600,184.9900,348
2025-03-05,XUTD,181.4400,181.4400,179.8000,179.9000,688
2025-03-06,XUTD,178.5000,178.9600,178.5000,177.9500,5867
2025-03-07,XUTD,178.4800,178.4800,178.0600,178.4500,83
2025-03-10,XUTD,178.9000,178.9100,178.3500,178.8900,1132
2025-03-11,XUTD,178.6100,178.6100,177.0500,177.2200,392
2025-03-12,XUTD,177.1000,177.2300,176.9000,176.7300,212
2025-03-13,XUTD,176.7300,176.7300,176.7300,176.7300,0
2025-03-14,XUTD,178.4700,178.4700,177.0500,177.6300,36
2025-03-17,XUTD,177.4800,177.4800,177.1500,177.3600,49
2025-03-18,XUTD,176.7700,176.9300,176.3300,176.7400,38
2025-03-19,XUTD,176.7400,176.7400,176.7400,176.7400,0
2025-03-20,XUTD,179.2800,179.7300,178.7600,178.9600,424
2025-03-21,XUTD,179.1000,179.1900,179.1000,179.2000,1051
2025-03-24,XUTD,178.5900,179.1300,178.3900,179.1300,272
2025-03-25,XUTD,179.1300,179.1300,179.1300,179.1300,0
2025-03-26,XUTD,178.9100,179.0200,178.9100,178.8700,31
2025-03-27,XUTD,178.8700,178.8700,178.8700,178.8700,0
2025-03-28,XUTD,179.3000,179.3100,178.9700,178.9100,81
2025-03-31,XUTD,179.1900,180.1100,179.1900,179.7200,421
2025-04-01,XUTD,180.7700,180.7700,180.7400,180.7400,21
2025-04-02,XUTD,180.7400,180.7400,180.7400,180.7400,0
2025-04-03,XUTD,178.7100,178.7200,176.4000,177.4800,385
2025-04-04,XUTD,179.5000,179.8600,179.5000,179.6800,122
2025-04-07,XUTD,179.7000,180.0500,177.4000,179.1700,175
2025-04-08,XUTD,178.3400,178.3400,177.5600,178.2800,62
2025-04-09,XUTD,174.0800,174.7200,173.6500,174.0700,246
2025-04-10,XUTD,175.9500,175.9500,173.0000,172.6600,366
2025-04-11,XUTD,170.3100,170.3100,167.9800,168.6500,47
2025-04-14,XUTD,167.7900,170.1900,167.7900,169.3300,6222
2025-04-15,XUTD,170.5400,170.6900,170.5400,170.6600,37
2025-04-16,XUTD,170.5000,170.5000,170.5000,170.5000,5
2025-04-17,XUTD,170.3800,170.3800,170.3800,170.2500,30
2025-04-22,XUTD,167.4000,167.9000,167.4000,167.9100,118
2025-04-23,XUTD,169.8700,170.3300,169.5100,170.3300,17
2025-04-24,XUTD,169.9000,169.9400,169.9000,170.4900,20
2025-04-25,XUTD,170.8500,171.2800,170.6500,170.8300,8121
2025-04-28,XUTD,171.2600,171.3200,171.0300,171.0900,1136
2025-04-29,XUTD,171.0900,171.0900,171.0900,171.0900,0
2025-04-30,XUTD,171.0900,171.0900,171.0900,171.0900,0
2025-05-02,XUTD,170.8100,171.1500,170.8100,171.1500,43
2025-05-05,XUTD,171.1600,171.1600,170.6900,170.8500,39
2025-05-06,XUTD,170.4900,171.0400,170.4900,170.5300,76
2025-05-07,XUTD,170.5800,170.5800,170.5800,171.1800,14
2025-05-08,XUTD,172.2500,172.2500,171.8500,171.9500,144
2025-05-09,XUTD,171.9500,171.9500,171.9500,171.8200,9
2025-05-12,XUTD,172.5000,173.5600,172.5000,173.3400,11012
2025-05-13,XUTD,173.4600,173.4600,173.3200,172.1000,370
2025-05-14,XUTD,171.2700,171.2700,171.2700,171.3000,6
2025-05-15,XUTD,171.7600,172.3500,171.7600,172.3500,13
2025-05-16,XUTD,172.2100,172.5900,172.2100,173.0300,317
2025-05-19,XUTD,170.1400,170.7800,169.9500,170.8000,28
2025-05-20,XUTD,171.1500,171.3200,170.7700,170.7700,45
2025-05-21,XUTD,168.0700,168.0700,167.6800,167.8000,61
2025-05-22,XUTD,167.7600,167.9900,167.4400,168.3100,99
2025-05-23,XUTD,168.2200,168.2800,167.9400,167.9700,74
2025-05-26,XUTD,166.7900,167.0000,166.7400,167.3200,240
2025-05-27,XUTD,168.0500,168.2400,168.0500,168.5100,20
2025-05-28,XUTD,168.6000,168.6000,168.5100,168.8800,113
2025-05-29,XUTD,168.4100,168.4100,168.4000,168.4900,615
2025-05-30,XUTD,169.0700,169.1000,168.7400,168.8900,3112
2025-06-02,XUTD,167.4500,167.4500,167.3500,167.3700,48
2025-06-03,XUTD,167.9300,168.0700,167.8800,168.1200,322
2025-06-04,XUTD,168.0300,168.1300,168.0300,168.1500,54
2025-06-05,XUTD,168.5800,168.5800,168.5800,167.8200,100
2025-06-06,XUTD,168.2100,168.2100,167.7000,167.8500,85
2025-06-09,XUTD,167.3000,167.5500,167.3000,167.5300,163
2025-06-10,XUTD,168.3100,168.3100,167.4400,167.4800,334
2025-06-11,XUTD,167.7600,167.7600,166.9600,166.9600,345
2025-06-12,XUTD,166.7200,166.7200,165.7000,166.3700,60
2025-06-13,XUTD,166.8200,167.1100,166.3000,166.0100,82
2025-06-16,XUTD,165.6500,165.8500,165.5200,165.8500,54
2025-06-17,XUTD,165.9800,166.1200,165.9800,166.6700,101
2025-06-18,XUTD,166.6700,166.6700,166.6700,166.6700,0
2025-06-19,XUTD,167.5000,167.5000,167.5000,167.9200,21
2025-06-20,XUTD,167.7800,167.7800,167.3800,166.9200,43
2025-06-23,XUTD,167.3800,168.1900,167.3800,167.4900,246
2025-06-24,XUTD,166.4800,166.4800,165.9500,166.4200,686
2025-06-25,XUTD,166.4200,166.4200,166.4200,166.4200,0
2025-06-26,XUTD,165.6900,165.8800,165.1900,165.6300,139
2025-06-27,XUTD,165.3000,165.3900,165.1000,165.4300,12264
2025-06-30,XUTD,165.4200,165.6600,165.0000,165.1700,356
2025-07-01,XUTD,165.0000,165.2600,164.7500,164.9200,155
2025-07-02,XUTD,164.9200,164.9200,164.9200,164.9200,0
2025-07-03,XUTD,164.5000,164.5000,164.1000,164.3400,7
2025-07-04,XUTD,164.3700,164.3700,164.1300,164.1800,31
2025-07-07,XUTD,164.2700,164.5600,164.2700,164.2000,89
2025-07-08,XUTD,164.1100,164.5400,163.8700,164.5400,38
2025-07-09,XUTD,164.5400,164.5400,164.5400,164.5400,0
2025-07-10,XUTD,164.7800,164.8800,164.7800,165.3800,38
2025-07-11,XUTD,165.2500,165.2500,165.0700,164.8100,90
2025-07-14,XUTD,164.8400,164.8400,164.6300,164.6100,92
2025-07-15,XUTD,164.8600,165.5300,164.8600,165.5300,93
2025-07-16,XUTD,165.1900,166.1700,165.0400,164.3100,45
2025-07-17,XUTD,166.0200,166.0200,166.0200,166.1200,100
2025-07-18,XUTD,166.1200,166.1200,166.1200,166.1200,0
2025-07-21,XUTD,165.9800,165.9800,165.6700,165.0600,151
2025-07-22,XUTD,165.0900,165.3500,165.0800,165.0500,47
2025-07-23,XUTD,164.8100,164.9600,164.8100,164.9600,65
2025-07-24,XUTD,164.1400,164.1400,163.8600,164.0800,71
2025-07-25,XUTD,164.7200,164.7200,164.5700,164.4200,140
2025-07-28,XUTD,165.5200,166.0000,165.4800,165.9700,19
2025-07-29,XUTD,167.1500,168.0000,167.1500,167.9700,407
2025-07-30,XUTD,167.7000,168.2800,167.7000,168.5800,8
2025-07-31,XUTD,169.5300,169.7000,169.5300,169.5500,146
2025-08-01,XUTD,169.3900,169.3900,169.0100,169.0100,10
2025-08-04,XUTD,168.4800,168.8200,168.4800,168.8400,203
2025-08-05,XUTD,169.4300,169.4300,169.4300,168.8800,1
2025-08-06,XUTD,168.8800,168.8800,168.8800,168.8800,0
2025-08-07,XUTD,167.3000,167.3000,167.2400,167.9700,33
2025-08-08,XUTD,167.3600,167.3600,167.0300,167.0300,86
2025-08-11,XUTD,167.5000,167.8400,167.5000,168.0200,185
2025-08-12,XUTD,167.9800,167.9800,166.8800,166.5900,113
2025-08-13,XUTD,166.4500,166.6300,166.4500,166.8100,31
2025-08-14,XUTD,167.5200,167.5200,167.5200,167.3500,1
2025-08-18,XUTD,166.5000,166.6600,166.4600,166.4600,314
2025-08-19,XUTD,166.4600,166.8500,166.4600,166.7900,15
2025-08-20,XUTD,165.6900,165.8900,165.6900,165.7600,180
2025-08-21,XUTD,165.7400,165.7400,165.7400,165.8800,90
2025-08-22,XUTD,166.1900,166.2700,166.1900,165.2600,115
2025-08-25,XUTD,165.5000,165.6700,165.3500,165.6700,180
2025-08-26,XUTD,166.2600,166.2600,166.2600,166.0100,27
2025-08-27,XUTD,166.0100,166.0100,166.0100,166.0100,0
2025-08-28,XUTD,166.2700,166.2700,166.1300,166.4200,254
2025-08-29,XUTD,166.7300,166.7300,166.1200,165.6700,38
2025-09-01,XUTD,165.3400,165.6500,165.2100,165.6500,113
2025-09-02,XUTD,166.0900,166.4200,166.0900,165.8900,23
2025-09-03,XUTD,165.8900,165.8900,165.8900,165.8900,0
2025-09-04,XUTD,167.0300,167.0300,167.0100,167.0500,32
2025-09-05,XUTD,166.7700,166.8400,166.5700,166.7400,140
2025-09-08,XUTD,166.9000,167.2000,166.9000,167.2000,37
2025-09-09,XUTD,166.6600,166.6600,166.6600,167.1400,4
2025-09-10,XUTD,167.4600,167.4600,167.4600,167.3900,13
2025-09-11,XUTD,167.8900,167.9000,167.5000,167.5300,80
2025-09-12,XUTD,167.3000,167.6300,167.3000,167.2500,74
2025-09-15,XUTD,167.0000,167.2700,166.9400,167.2200,84
2025-09-16,XUTD,166.8800,166.8800,166.0000,166.0000,126
2025-09-17,XUTD,166.1000,166.3600,166.1000,166.0300,204
2025-09-18,XUTD,166.0300,166.0300,166.0300,166.0300,0
2025-09-19,XUTD,166.5700,166.5700,166.5400,166.5400,124
2025-09-22,XUTD,166.6700,166.6700,166.6700,166.0900,30
2025-09-23,XUTD,165.9900,166.0200,165.9900,166.0200,105
2025-09-24,XUTD,166.6000,166.7800,166.6000,166.7000,30
2025-09-25,XUTD,166.7800,167.3600,166.7800,167.1300,150
2025-09-26,XUTD,167.2000,167.2000,166.9600,167.0100,80
2025-09-29,XUTD,166.9800,166.9800,166.4400,166.9700,87
2025-09-30,XUTD,166.9100,167.1400,166.7000,167.0900,50
2025-10-01,XUTD,167.2000,167.3500,167.2000,167.3500,11
2025-10-02,XUTD,167.2400,167.5600,167.2400,167.8600,110
2025-10-03,XUTD,167.8000,167.8000,167.4800,167.1500,58
2025-10-06,XUTD,167.2400,167.8400,167.2400,167.2100,118
2025-10-07,XUTD,167.6800,167.8600,167.6800,167.9800,4
2025-10-08,XUTD,168.8900,169.1300,168.7700,169.1300,495
2025-10-09,XUTD,168.8600,169.2500,168.8600,169.6500,494
2025-10-10,XUTD,169.5800,169.6300,169.5800,169.4500,80
2025-10-13,XUTD,169.9500,170.3300,169.9500,170.1800,1004
2025-10-14,XUTD,170.9600,171.1300,170.5000,170.1900,543
2025-10-15,XUTD,170.0700,170.0900,169.9500,169.9200,163
2025-10-16,XUTD,169.3800,169.3800,169.3800,169.3800,2
2025-10-17,XUTD,169.4600,169.4600,169.4600,169.6100,1
2025-10-20,XUTD,169.4300,169.8200,169.4200,169.6900,152
2025-10-21,XUTD,171.0000,171.0000,171.0000,170.8700,15
2025-10-22,XUTD,170.8700,170.8700,170.8700,170.8700,0
2025-10-23,XUTD,170.9100,170.9100,170.7400,170.7400,54
2025-10-27,XUTD,170.1700,170.1700,169.9200,170.1000,114
2025-10-28,XUTD,170.0400,170.0400,170.0400,169.9900,4
2025-10-29,XUTD,170.5000,170.5000,170.5000,169.9100,30
2025-10-30,XUTD,170.5100,170.5100,170.2700,170.5700,529
2025-10-31,XUTD,170.0000,170.2400,170.0000,170.7900,102
2025-11-03,XUTD,171.1900,171.2500,170.8100,170.8100,52
2025-11-04,XUTD,171.1700,171.6700,171.1700,171.5700,57
2025-11-05,XUTD,171.4200,171.4200,171.3200,171.1500,40
2025-11-06,XUTD,170.9600,170.9600,170.9600,170.9600,156
2025-11-07,XUTD,170.7900,170.8800,170.2000,170.4700,147
2025-11-10,XUTD,169.9500,170.5200,169.8400,170.5200,67
2025-11-11,XUTD,170.1700,170.1700,170.1700,170.3100,1
2025-11-12,XUTD,169.9900,170.4000,169.9900,170.4200,61
2025-11-13,XUTD,169.8500,170.1200,169.6400,169.4500,160
2025-11-14,XUTD,169.5500,169.5500,169.4300,169.4800,9
2025-11-17,XUTD,169.8600,169.9400,169.8400,169.8400,52
2025-11-18,XUTD,170.2900,170.2900,170.1200,170.2000,185
2025-11-19,XUTD,168.8700,169.0900,168.8300,169.4600,200
2025-11-20,XUTD,169.3700,169.4700,169.3700,169.6300,81
2025-11-21,XUTD,169.7200,169.7200,169.7200,170.3600,50
2025-11-24,XUTD,170.2500,170.3500,170.0000,170.2700,98
2025-11-25,XUTD,170.3000,170.3000,170.3000,170.0400,18
2025-11-26,XUTD,169.8400,169.8400,169.7200,169.5100,34
2025-11-27,XUTD,169.8200,169.8200,169.8200,169.7200,150
2025-11-28,XUTD,169.8300,169.8300,169.8300,169.3800,15
2025-12-01,XUTD,168.7000,168.7000,168.3700,168.4400,88
2025-12-02,XUTD,168.4400,168.4400,168.4400,168.4400,0
2025-12-03,XUTD,168.0600,168.0600,168.0600,168.0200,1
2025-12-04,XUTD,167.9800,167.9800,167.9800,167.9100,1
2025-12-05,XUTD,168.0200,168.0200,167.8400,167.9100,112
2025-12-08,XUTD,167.7000,167.7000,167.7000,167.7000,5
2025-12-09,XUTD,167.6800,167.6800,167.6800,167.5900,20
2025-12-10,XUTD,167.4300,167.4300,167.4300,167.6000,2
2025-12-11,XUTD,166.8700,166.8700,166.8700,166.5800,7
2025-12-12,XUTD,166.2600,166.2600,166.2600,166.1100,1
2025-12-15,XUTD,166.4400,166.4400,166.1400,166.1400,49
2025-12-16,XUTD,165.5600,165.5600,165.5600,165.9500,1
2025-12-17,XUTD,165.9500,165.9500,165.9500,165.9500,0
2025-12-18,XUTD,167.0000,167.0000,167.0000,166.9900,20
2025-12-19,XUTD,167.0700,167.0700,167.0600,167.0400,271
2025-12-22,XUTD,166.6500,166.6500,166.1400,166.2300,44
2025-12-23,XUTD,165.9500,166.0300,165.9500,166.0300,10
2025-12-29,XUTD,166.7200,166.7200,166.1900,166.6500,72
2025-12-30,XUTD,166.6200,166.6700,166.4900,166.7800,88
2026-01-02,XUTD,167.5500,167.5500,166.5900,166.5900,81
2026-01-05,XUTD,167.4500,167.4500,167.4500,167.2100,6
2026-01-06,XUTD,167.2100,167.2100,167.2100,167.2100,0
2026-01-07,XUTD,167.7700,167.8300,167.7100,167.8400,746
2026-01-08,XUTD,167.7800,168.2400,167.7800,168.2400,23
2026-01-09,XUTD,168.1000,168.1000,168.1000,168.4600,25
2026-01-12,XUTD,167.4500,167.5900,167.4300,167.6800,93
2026-01-13,XUTD,167.9000,168.1700,167.9000,168.3000,214
2026-01-14,XUTD,168.3900,168.3900,168.1300,168.5400,207
2026-01-15,XUTD,169.0100,169.2500,168.8500,169.2200,31
2026-01-16,XUTD,169.0100,169.0500,168.6600,168.8200,209
2026-01-19,XUTD,168.1000,168.3200,168.0800,167.7600,91
2026-01-20,XUTD,166.3300,166.4100,166.1000,166.2500,57
2026-01-21,XUTD,166.7200,166.7200,166.5000,166.8500,41
2026-01-22,XUTD,167.2300,167.3500,166.5200,166.3500,116
2026-01-23,XUTD,166.7200,166.8600,166.3600,166.3600,80
2026-01-26,XUTD,165.5400,165.5400,164.8200,164.9100,417
2026-01-27,XUTD,165.4300,165.4300,163.7600,163.6900,185
2026-01-28,XUTD,163.2000,163.5600,163.1400,164.0100,36
2026-01-29,XUTD,163.2000,164.1500,163.1400,164.0100,350
2026-01-30,XUTD,164.7600,164.7600,164.7200,164.7700,16
2026-02-02,XUTD,165.5000,165.7500,165.5000,165.7400,134
2026-02-03,XUTD,165.5900,165.5900,165.5400,165.6000,3
2026-02-04,XUTD,165.4000,165.4000,165.4000,165.6900,18
2026-02-05,XUTD,166.0000,166.1900,166.0000,166.4800,68
2026-02-06,XUTD,166.7700,166.7700,166.7700,166.1300,1
2026-02-09,XUTD,165.4000,165.4000,164.7900,165.1500,197
2026-02-10,XUTD,165.1300,165.7400,165.0900,165.6900,45
2026-02-11,XUTD,165.6400,166.0500,165.6400,165.8800,940
2026-02-12,XUTD,165.6800,166.3700,165.6800,166.4400,103
2026-02-13,XUTD,166.8200,167.3200,166.8200,167.1000,150
2026-02-16,XUTD,167.2800,167.5200,167.2100,167.5200,24
2026-02-17,XUTD,167.7100,168.1600,167.7000,167.6800,195
2026-02-18,XUTD,166.0300,166.2900,165.9300,166.3200,158
2026-02-19,XUTD,166.4400,166.9000,166.4400,166.9000,4
2026-02-20,XUTD,167.3000,167.3000,166.7400,166.6100,284
2026-02-23,XUTD,166.5200,166.8300,166.5200,166.8300,14
2026-02-24,XUTD,167.1800,167.1800,167.1800,166.9800,1
2026-02-25,XUTD,166.8700,167.0900,166.8400,166.7300,10
2026-02-26,XUTD,166.7900,167.3000,166.7000,167.0500,14
2026-02-27,XUTD,167.1900,167.4800,167.1200,167.2000,622
2026-03-02,XUTD,168.9800,168.9800,168.1500,168.4800,184
2026-03-03,XUTD,168.7800,168.9700,168.7800,169.5400,176
2026-03-04,XUTD,169.0500,169.0500,169.0500,168.9700,12
2026-03-05,XUTD,169.1200,169.3000,169.1200,169.3000,9
2026-03-09,XUTD,169.1000,169.1100,169.0000,169.0000,184
2026-03-10,XUTD,168.6200,168.6200,168.5000,168.3900,151
2026-03-11,XUTD,168.4900,168.4900,168.4900,168.4400,48
2026-03-12,XUTD,168.4400,168.4400,168.4400,168.4400,0
2026-03-13,XUTD,169.5200,169.6400,169.5200,169.6800,5
2026-03-16,XUTD,169.9800,169.9800,169.4200,169.5100,41
2026-03-17,XUTD,169.2300,169.3000,169.2300,169.2500,41
2026-03-18,XUTD,169.2000,169.2000,169.2000,169.1300,10
2026-03-19,XUTD,169.5600,169.5600,168.1200,168.5400,153
2026-03-20,XUTD,167.8100,167.9000,167.2500,167.1500,135
2026-03-23,XUTD,167.3700,167.3700,166.8300,166.8300,560
2026-03-24,XUTD,166.6200,166.6200,166.6200,166.7300,1
2026-03-25,XUTD,167.0100,167.0200,167.0100,167.5300,152
2026-03-26,XUTD,167.5000,167.5000,167.5000,167.4500,195
2026-03-27,XUTD,167.1600,167.1600,167.1600,167.5300,55
2026-03-30,XUTD,166.9100,168.1000,166.9100,169.3800,62
2026-03-31,XUTD,169.1800,169.3600,168.3400,168.3400,209
2026-04-01,XUTD,167.3300,167.5500,167.1000,167.5500,27
2026-04-02,XUTD,167.6500,168.4500,167.6500,168.3300,277
2026-04-07,XUTD,167.7400,167.7400,167.7400,167.3600,1
2026-04-08,XUTD,167.0800,167.0800,166.7400,166.7400,63
2026-04-09,XUTD,166.6400,166.6400,166.6400,166.3600,1
2026-04-10,XUTD,166.2700,166.2700,165.8700,165.8200,25
2026-04-13,XUTD,166.1000,166.1000,166.1000,165.9700,80
2026-04-14,XUTD,165.4500,165.5600,165.0500,165.1700,202
2026-04-15,XUTD,165.5300,165.5400,165.2000,165.2000,46
2026-04-16,XUTD,165.6000,165.6000,165.4300,165.4500,73
2026-04-17,XUTD,165.0300,165.3700,164.9400,165.4800,293
2026-04-20,XUTD,165.4800,165.4800,165.4800,165.4800,0
2026-04-21,XUTD,165.9300,165.9400,165.7300,165.8400,1415
2026-04-22,XUTD,165.9600,165.9600,165.7500,166.3300,507
2026-04-23,XUTD,166.5400,166.5400,166.5400,166.5400,5
2026-04-24,XUTD,166.3800,166.3800,166.3700,166.3200,194
2026-04-27,XUTD,165.8500,165.8500,165.6700,165.8100,253
2026-04-28,XUTD,166.2300,166.2300,165.9600,165.9700,303
2026-04-29,XUTD,165.9700,165.9700,165.9700,165.9700,0
2026-04-30,XUTD,165.9700,165.9700,165.9700,165.9700,0
2026-05-04,XUTD,165.7900,165.8700,165.4700,165.4700,13
2026-05-05,XUTD,165.5600,165.7200,165.5600,165.5500,61
2026-05-06,XUTD,165.2100,165.2100,165.2100,165.5500,86
2026-05-07,XUTD,165.6800,165.6800,165.4500,165.2900,50
2026-05-08,XUTD,165.4600,165.4600,165.0800,165.2700,60
2026-05-11,XUTD,165.0000,165.0000,164.8000,164.8400,12
2026-05-12,XUTD,164.9000,164.9000,164.9000,165.0900,140
2026-05-13,XUTD,165.4000,165.4000,165.1200,165.0000,56
2026-05-14,XUTD,165.4200,165.6600,165.4200,165.9700,411
2026-05-15,XUTD,165.6900,165.8500,165.4800,165.5100,146
2026-05-18,XUTD,165.2700,165.2900,165.1500,165.1400,39
2026-05-19,XUTD,165.1000,165.2100,165.1000,165.1800,191
2026-05-20,XUTD,164.1300,164.1300,163.9900,164.1000,7
2026-05-21,XUTD,164.2800,164.2800,164.2600,164.4200,9
2026-05-22,XUTD,164.8600,164.8600,164.7800,164.5100,210
2026-05-25,XUTD,164.9900,164.9900,164.7500,164.9100,605
2026-05-26,XUTD,164.7700,165.0600,164.7700,164.9500,4
2026-05-27,XUTD,164.9500,164.9500,164.9500,164.9500,0
2026-05-28,XUTD,165.0800,165.0800,165.0100,164.9500,314
2026-05-29,XUTD,165.2100,165.2300,165.2100,164.9200,35
2026-06-01,XUTD,165.2500,165.2500,165.1400,165.1400,5
2026-06-02,XUTD,165.1400,165.1400,165.1400,165.1400,0
2026-06-03,XUTD,165.5300,165.5300,165.5000,165.4400,491
2026-06-04,XUTD,165.5100,165.5100,165.3100,165.5300,87
2026-06-05,XUTD,165.3500,166.0200,165.3500,165.9800,82
2026-06-08,XUTD,166.0800,166.0800,166.0200,166.0200,147
2026-06-09,XUTD,165.6500,165.7900,165.6400,165.7200,130
2026-06-10,XUTD,165.9200,166.0000,165.9200,166.1000,102
2026-06-11,XUTD,165.9700,166.7000,165.9700,166.6300,382
2026-06-12,XUTD,166.6300,166.6300,166.6300,166.6300,0
2026-06-15,XUTD,166.1500,166.1700,166.0900,166.1700,205
2026-06-16,XUTD,166.2100,166.2100,166.2100,166.1600,7
2026-06-17,XUTD,166.4000,166.5200,166.4000,166.5400,60
2026-06-18,XUTD,166.5400,166.5400,166.5400,166.5400,0
2026-06-19,XUTD,168.2900,168.2900,168.2900,167.7900,9
2026-06-22,XUTD,167.7900,167.7900,167.7900,167.7900,0
2026-06-23,XUTD,168.3400,169.2800,168.3400,169.2700,814
2026-06-24,XUTD,169.2700,169.2700,169.2700,169.2700,0
2026-06-25,XUTD,170.4000,170.4000,170.4000,170.1200,30
2026-06-26,XUTD,170.1200,170.1200,170.1200,170.1200,0
2026-06-29,XUTD,169.9900,169.9900,169.9000,169.6300,38
2026-06-30,XUTD,170.0400,170.1900,169.8000,169.3600,280
2026-07-01,XUTD,169.1600,169.5500,169.0600,169.5500,11
2026-07-02,XUTD,168.6000,168.6000,168.6000,168.6500,31
2026-07-03,XUTD,168.3200,168.4900,168.1300,168.4700,364
2026-07-06,XUTD,168.9500,169.1200,168.7100,168.7800,124
2026-07-07,XUTD,168.4300,168.4600,168.4300,168.4100,19
2026-07-08,XUTD,168.3500,168.3500,167.9600,168.1900,65
2026-07-09,XUTD,167.8600,168.0500,167.8600,168.0200,61
2026-07-10,XUTD,168.3500,168.3500,168.1600,168.0800,10
2026-07-13,XUTD,167.8500,167.8900,167.8500,168.0900,92
2026-07-14,XUTD,167.9000,168.0900,167.7600,167.8800,713
2026-07-15,XUTD,167.9100,168.1600,167.9100,168.1600,146
2026-07-16,XUTD,167.4700,167.8600,167.4700,167.8300,2
2026-07-17,XUTD,167.8300,167.8300,167.8300,167.8300,0
2026-07-20,XUTD,168.1600,168.1600,168.1600,168.2000,1
2026-07-21,XUTD,167.7900,168.0300,167.7900,167.9100,150
2026-07-22,XUTD,167.9100,167.9100,167.9100,167.9100,0
2026-07-23,XUTD,167.6400,167.7700,167.6400,167.7600,253
2026-07-24,XUTD,167.7600,167.7600,167.7600,167.7600,0
2026-07-27,XUTD,168.1200,168.3600,168.1200,168.3000,744
2026-07-28,XUTD,168.6300,168.6900,168.6300,168.4400,53
2026-07-29,XUTD,168.4400,168.4400,168.4400,168.4400,0
2026-07-30,XUTD,166.7400,166.7400,165.9700,166.0800,39
2026-07-31,XUTD,166.3200,166.3200,166.0000,165.7100,10
2026-08-03,XUTD,165.9400,166.1600,165.7100,166.0800,42
2026-08-04,XUTD,165.9600,165.9600,165.9600,166.3600,1
2026-08-05,XUTD,166.0300,166.0300,166.0300,166.0400,6
2026-08-06,XUTD,166.2600,166.2600,166.2600,166.2200,1
2026-08-07,XUTD,166.0600,166.0600,166.0600,165.7800,20
2026-08-10,XUTD,165.8600,165.8600,165.6400,165.6700,17
2026-08-11,XUTD,165.5200,165.5200,165.5200,165.8300,175
2026-08-12,XUTD,165.8100,165.9100,165.8100,166.0100,4
2026-08-13,XUTD,166.6300,166.6300,166.3700,166.4400,12
2026-08-14,XUTD,166.0900,166.0900,165.4000,165.4000,24
2026-08-17,XUTD,165.3700,165.3700,164.9700,165.2000,53
2026-08-18,XUTD,165.0900,165.2200,165.0800,165.1700,85
2026-08-19,XUTD,163.6800,163.6800,163.1100,163.1900,45
2026-08-20,XUTD,163.0700,163.0700,162.4900,162.5500,108
2026-08-21,XUTD,162.4200,162.4200,162.3600,162.4300,5
2026-08-24,XUTD,162.7500,162.9800,162.7500,162.9300,228
2026-08-25,XUTD,163.0100,163.0100,163.0100,163.3000,58
2026-08-26,XUTD,163.3900,163.5700,163.3900,163.5200,27
2026-08-27,XUTD,163.5200,163.5200,163.5200,163.5200,0
2026-08-28,XUTD,163.4500,163.8800,163.4500,163.8500,520
2026-08-31,XUTD,164.4500,164.4500,163.9000,163.1500,202
2026-09-01,XUTD,163.2300,163.5300,163.2300,163.5300,27
2026-09-02,XUTD,163.4100,163.4500,163.4000,163.2000,65
2026-09-03,XUTD,163.4300,163.4300,163.2800,163.3100,19
2026-09-04,XUTD,163.4600,163.4600,163.2600,163.2200,19
2026-09-07,XUTD,163.2000,163.2000,162.8600,162.8600,1240
2026-09-08,XUTD,162.9600,163.1200,162.9600,162.9600,90
